t,x,y,yaw
187.316676435,-0.000004458,0.000000220,0.000000000
187.366676438,-0.000007501,-0.000008410,0.000002792
187.416676441,-0.000019281,-0.000007613,0.000023120
187.466676443,-0.000041926,-0.000018349,0.000027766
187.516676446,-0.000057446,-0.000050499,0.000022401
187.566676449,-0.000079011,-0.000091236,0.000017445
187.616676451,-0.000127166,-0.000123066,0.000007966
187.666676454,-0.000200299,-0.000127589,0.000017906
187.716676456,-0.000276735,-0.000129744,0.000010510
187.766676459,-0.000339029,-0.000127899,0.000019846
187.816676462,-0.000382206,-0.000132576,0.000014821
187.866676464,-0.000427911,-0.000160835,0.000007389
187.916676467,-0.000501216,-0.000194279,0.000011532
187.966676469,-0.000594399,-0.000208416,0.000013434
188.016676472,-0.000688261,-0.000209303,0.000011636
188.066676475,-0.000812570,-0.000209440,0.000003756
188.116676477,-0.000958021,-0.000197003,-0.000006570
188.166676480,-0.001130504,-0.000170599,-0.000014047
188.216676482,-0.001308365,-0.000128750,-0.000024169
188.266676485,-0.001538274,-0.000073366,-0.000023136
188.316676488,-0.001771027,-0.000012841,-0.000023229
188.366676490,-0.002008160,0.000052431,-0.000029879
188.416676493,-0.002234006,0.000092714,-0.000024001
188.466676495,-0.002429113,0.000121396,-0.000019627
188.516676498,-0.002588417,0.000140722,-0.000012427
188.566676501,-0.002741790,0.000158511,-0.000018386
188.616676503,-0.002901708,0.000167553,-0.000013788
188.666676506,-0.003051035,0.000171057,-0.000016202
188.716676509,-0.003200632,0.000199118,-0.000019433
188.766676511,-0.003354262,0.000205844,-0.000027225
188.816676514,-0.003516703,0.000199747,-0.000027693
188.866676516,-0.003693189,0.000177764,-0.000031013
188.916676519,-0.003888719,0.000136016,-0.000036334
188.966676522,-0.004090422,0.000078292,-0.000045242
189.016676524,-0.004296916,0.000020864,-0.000058125
189.066676527,-0.004491353,-0.000051146,-0.000048323
189.116676529,-0.004667200,-0.000150903,-0.000057756
189.166676532,-0.004852879,-0.000256318,-0.000050222
189.216676535,-0.005044260,-0.000355304,-0.000063798
189.266676537,-0.005250375,-0.000429909,-0.000063502
189.316676540,-0.005424631,-0.000541083,-0.000081727
189.366676542,-0.005581757,-0.000659405,-0.000089861
189.416676545,-0.005725618,-0.000762525,-0.000097571
189.466676548,-0.005869798,-0.000837509,-0.000101817
189.516676550,-0.006013826,-0.000880226,-0.000098990
189.566676553,-0.006147065,-0.000940366,-0.000102228
189.616676555,-0.006284736,-0.001026820,-0.000105200
189.666676558,-0.006441667,-0.001107429,-0.000094677
189.716676561,-0.006598249,-0.001192294,-0.000093192
189.766676563,-0.006734487,-0.001286321,-0.000084453
189.816676566,-0.006847985,-0.001391330,-0.000079213
189.866676568,-0.006952677,-0.001486706,-0.000075935
189.916676571,-0.007036198,-0.001561195,-0.000069767
189.966676574,-0.007122183,-0.001627929,-0.000083610
190.016676576,-0.007209744,-0.001689080,-0.000085621
190.066676579,-0.007315692,-0.001736148,-0.000096653
190.116676582,-0.007459300,-0.001767513,-0.000103968
190.166676584,-0.007620962,-0.001788970,-0.000115162
190.216676587,-0.007809601,-0.001770354,-0.000106772
190.266676589,-0.008000809,-0.001748095,-0.000103613
190.316676592,-0.008202409,-0.001724860,-0.000096905
190.366676595,-0.008414449,-0.001708335,-0.000083308
190.416676597,-0.008634210,-0.001668844,-0.000073085
190.466676600,-0.008864437,-0.001608697,-0.000061072
190.516676602,-0.009109114,-0.001581164,-0.000046197
190.566676605,-0.009362278,-0.001549710,-0.000047007
190.616676608,-0.009625764,-0.001479455,-0.000055495
190.666676610,-0.009880088,-0.001392758,-0.000053913
190.716676613,-0.010132932,-0.001309148,-0.000052267
190.766676615,-0.010384498,-0.001227844,-0.000053107
190.816676618,-0.010621664,-0.001134690,-0.000051358
190.866676621,-0.010856739,-0.001031684,-0.000052071
190.916676623,-0.011109056,-0.000927148,-0.000045169
190.966676626,-0.011360312,-0.000798681,-0.000053290
191.016676628,-0.011607533,-0.000655094,-0.000056546
191.066676631,-0.011839954,-0.000493364,-0.000061331
191.116676634,-0.012055903,-0.000331865,-0.000074143
191.166676636,-0.012262328,-0.000213760,-0.000083526
191.216676639,-0.012453894,-0.000102313,-0.000084415
191.266676642,-0.012648719,0.000014107,-0.000075532
191.316676644,-0.012840431,0.000137955,-0.000076437
191.366676647,-0.013029327,0.000266302,-0.000074057
191.416676649,-0.013216972,0.000416646,-0.000074247
191.466676652,-0.013448372,0.000578125,-0.000059015
191.516676655,-0.013693507,0.000729031,-0.000055831
191.566676657,-0.013936209,0.000877942,-0.000061867
191.616676660,-0.014174628,0.001036825,-0.000054343
191.666676662,-0.014401138,0.001192899,-0.000051140
191.716676665,-0.014600808,0.001339163,-0.000053865
191.766676668,-0.014807974,0.001478551,-0.000051260
191.816676670,-0.015036826,0.001605970,-0.000057433
191.866676673,-0.015283625,0.001748100,-0.000048804
191.916676675,-0.015527840,0.001886954,-0.000053549
191.966676678,-0.015784732,0.002013766,-0.000046844
192.016676681,-0.016046689,0.002131952,-0.000047282
192.066676683,-0.016306446,0.002261313,-0.000041611
192.116676686,-0.016561004,0.002381859,-0.000049554
192.166676688,-0.016798616,0.002506448,-0.000042861
192.216676691,-0.017039724,0.002621781,-0.000038154
192.266676694,-0.017307134,0.002723225,-0.000051788
192.316676696,-0.017609743,0.002818228,-0.000040792
192.366676699,-0.017928172,0.002902699,-0.000048357
192.416676701,-0.018268016,0.002992526,-0.000042658
192.466676704,-0.018628501,0.003091543,-0.000036418
192.516676707,-0.018987236,0.003177119,-0.000028218
192.566676709,-0.019319111,0.003249234,-0.000027660
192.616676712,-0.019629638,0.003337293,-0.000028583
192.666676715,-0.019918167,0.003450200,-0.000038805
192.716676717,-0.020203557,0.003570145,-0.000028135
192.766676720,-0.020500414,0.003676994,-0.000035216
192.816676722,-0.020815229,0.003789448,-0.000038870
192.866676725,-0.021118514,0.003929666,-0.000062620
192.916676728,-0.021394382,0.004117512,-0.000064356
192.966676730,-0.021690974,0.004304867,-0.000067527
193.016676733,-0.022002985,0.004505040,-0.000065827
193.066676735,-0.022321787,0.004706510,-0.000058745
193.116676738,-0.022635498,0.004901051,-0.000059719
193.166676741,-0.022971309,0.005105362,-0.000051949
193.216676743,-0.023344126,0.005290915,-0.000052276
193.266676746,-0.023725864,0.005462511,-0.000057222
193.316676748,-0.024095711,0.005631926,-0.000039353
193.366676751,-0.024459833,0.005783145,-0.000037918
193.416676754,-0.024829069,0.005938240,-0.000034093
193.466676756,-0.025194480,0.006088677,-0.000030099
193.516676759,-0.025571036,0.006227475,-0.000022832
193.566676761,-0.025957809,0.006328834,-0.000025063
193.616676764,-0.026337325,0.006411537,-0.000026838
193.666676767,-0.026692615,0.006496358,-0.000033078
193.716676769,-0.027041922,0.006593601,-0.000031531
193.766676772,-0.027400768,0.006721034,-0.000035908
193.816676774,-0.027756550,0.006843957,-0.000025532
193.866676777,-0.028100783,0.006957441,-0.000014183
193.916676780,-0.028430143,0.007074285,-0.000004590
193.966676782,-0.028721925,0.007199447,-0.000010564
194.016676785,-0.029010891,0.007322589,-0.000015158
194.066676788,-0.029297486,0.007463956,-0.000018501
194.116676790,-0.029623461,0.007615983,-0.000015395
194.166676793,-0.029977288,0.007769987,-0.000009491
194.216676795,-0.030324319,0.007937434,-0.000001052
194.266676798,-0.030665215,0.008123878,0.000015223
194.316676801,-0.030990046,0.008321591,0.000023014
194.366676803,-0.031297588,0.008508955,0.000028143
194.416676806,-0.031581663,0.008673682,0.000032026
194.466676808,-0.031867096,0.008809630,0.000037567
194.516676811,-0.032160824,0.008941563,0.000030960
194.566676814,-0.032464213,0.009073131,0.000026267
194.616676816,-0.032766719,0.009194563,0.000016083
194.666676819,-0.033078615,0.009303224,0.000034420
194.716676821,-0.033367307,0.009418400,0.000032395
194.766676824,-0.033652752,0.009559451,0.000033817
194.816676827,-0.033928153,0.009693525,0.000022956
194.866676829,-0.034211003,0.009841060,0.000022419
194.916676832,-0.034509744,0.009997267,0.000017219
194.966676834,-0.034830520,0.010168855,0.000013244
195.016676837,-0.035162401,0.010358245,0.000011914
195.066676840,-0.035477174,0.010552935,0.000004390
195.116676842,-0.035775093,0.010719469,-0.000002602
195.166676845,-0.036068341,0.010869138,-0.000006076
195.216676848,-0.036348707,0.011016949,-0.000002845
195.266676850,-0.036595387,0.011155417,-0.000006179
195.316676853,-0.036840591,0.011289255,-0.000014907
195.366676855,-0.037108879,0.011424959,-0.000021384
195.416676858,-0.037386434,0.011565696,-0.000017577
195.466676861,-0.037671196,0.011736870,-0.000016177
195.516676863,-0.037958102,0.011921678,-0.000003736
195.566676866,-0.038240781,0.012109184,0.000005461
195.616676868,-0.038505109,0.012299095,0.000005070
195.666676871,-0.038756090,0.012501447,-0.000006425
195.716676874,-0.038994040,0.012698812,-0.000016484
195.766676876,-0.039231031,0.012898280,-0.000006709
195.816676879,-0.039451094,0.013099079,-0.000016946
195.866676881,-0.039683535,0.013299410,-0.000018704
195.916676884,-0.039922503,0.013485920,-0.000019418
195.966676887,-0.040158651,0.013670978,-0.000026999
196.016676889,-0.040396776,0.013854496,-0.000037599
196.066676892,-0.040619023,0.014016858,-0.000047913
196.116676894,-0.040844836,0.014169965,-0.000043057
196.166676897,-0.041068467,0.014299931,-0.000041765
196.216676900,-0.041302483,0.014429304,-0.000034246
196.266676902,-0.041522849,0.014546579,-0.000026736
196.316676905,-0.041726953,0.014631687,-0.000022116
196.366676907,-0.041937339,0.014713518,-0.000022268
196.416676910,-0.042179429,0.014818260,-0.000021155
196.466676913,-0.042431491,0.014947162,-0.000026982
196.516676915,-0.042694607,0.015083444,-0.000024158
196.566676918,-0.042978355,0.015216996,-0.000027458
196.616676921,-0.043268875,0.015350291,-0.000027823
196.666676923,-0.043555057,0.015481000,-0.000012755
196.716676926,-0.043817993,0.015610549,-0.000010015
196.766676928,-0.044107720,0.015760859,-0.000010382
196.816676931,-0.044386825,0.015944067,-0.000010514
196.866676934,-0.044665896,0.016121952,-0.000022650
196.916676936,-0.044958149,0.016292666,-0.000010988
196.966676939,-0.045252251,0.016443574,-0.000004060
197.016676941,-0.045521236,0.016585408,0.000007320
197.066676944,-0.045777319,0.016709560,0.000016559
197.116676947,-0.046048806,0.016836431,0.000021089
197.166676949,-0.046332278,0.016969906,0.000035992
197.216676952,-0.046614273,0.017104437,0.000038495
197.266676954,-0.046875608,0.017228911,0.000034416
197.316676957,-0.047169027,0.017353737,0.000042297
197.366676960,-0.047463344,0.017479331,0.000051336
197.416676962,-0.047756995,0.017583274,0.000043226
197.466676965,-0.048044128,0.017682644,0.000038782
197.516676967,-0.048330760,0.017803992,0.000043462
197.566676970,-0.048604666,0.017906598,0.000056323
197.616676973,-0.048874987,0.017993231,0.000061436
197.666676975,-0.049152213,0.018084327,0.000066856
197.716676978,-0.049454254,0.018178788,0.000071621
197.766676981,-0.049752843,0.018276940,0.000069327
197.816676983,-0.050071015,0.018379222,0.000068568
197.866676986,-0.050407860,0.018476073,0.000078316
197.916676988,-0.050714969,0.018578695,0.000080889
197.966676991,-0.050991595,0.018690653,0.000074619
198.016676994,-0.051258794,0.018806702,0.000079328
198.066676996,-0.051518044,0.018914172,0.000079657
198.116676999,-0.051788088,0.019062809,0.000087051
198.166677001,-0.052068502,0.019215517,0.000099989
198.216677004,-0.052338060,0.019367081,0.000097228
198.266677007,-0.052606745,0.019542862,0.000101420
198.316677009,-0.052866830,0.019706988,0.000121057
198.366677012,-0.053119048,0.019828743,0.000120361
198.416677014,-0.053363040,0.019930844,0.000128556
198.466677017,-0.053601465,0.020009537,0.000131730
198.516677020,-0.053831147,0.020087285,0.000137197
198.566677022,-0.054032581,0.020166391,0.000140537
198.616677025,-0.054214542,0.020248628,0.000150226
198.666677027,-0.054375639,0.020338920,0.000130554
198.716677030,-0.054572052,0.020441547,0.000125383
198.766677033,-0.054760258,0.020546477,0.000113891
198.816677035,-0.054939727,0.020653871,0.000115456
198.866677038,-0.055106511,0.020766748,0.000116582
198.916677040,-0.055259695,0.020889791,0.000112825
198.966677043,-0.055408032,0.021037300,0.000107868
199.016677046,-0.055579672,0.021199401,0.000106311
199.066677048,-0.055760480,0.021363594,0.000112133
199.116677051,-0.055923960,0.021514165,0.000102556
199.166677054,-0.056080678,0.021665216,0.000106109
199.216677056,-0.056239769,0.021790695,0.000101563
199.266677059,-0.056404500,0.021901732,0.000106629
199.316677061,-0.056573856,0.022008288,0.000101507
199.366677064,-0.056772552,0.022122659,0.000110310
199.416677067,-0.056982939,0.022228250,0.000106018
199.466677069,-0.057198033,0.022320858,0.000089339
199.516677072,-0.057412981,0.022419926,0.000092643
199.566677074,-0.057622427,0.022539359,0.000099151
199.616677077,-0.057828854,0.022667467,0.000099370
199.666677080,-0.058035120,0.022785689,0.000091468
199.716677082,-0.058245253,0.022904308,0.000087853
199.766677085,-0.058425120,0.023016363,0.000084277
199.816677087,-0.058594496,0.023131247,0.000082697
199.866677090,-0.058766392,0.023252001,0.000090924
199.916677093,-0.058912808,0.023394888,0.000089588
199.966677095,-0.059020981,0.023546374,0.000092748
200.016677098,-0.059073575,0.023692645,0.000096301
200.066677100,-0.059120396,0.023828265,0.000098180
200.116677103,-0.059169654,0.023941358,0.000106322
200.166677106,-0.059210473,0.024033210,0.000113516
200.216677108,-0.059243034,0.024111242,0.000109647
200.266677111,-0.059266067,0.024205993,0.000107342
200.316677113,-0.059259153,0.024299434,0.000111205
200.366677116,-0.059234692,0.024387486,0.000107830
200.416677119,-0.059216887,0.024462521,0.000112605
200.466677121,-0.059182255,0.024527110,0.000102386
200.516677124,-0.059137421,0.024585836,0.000098231
200.566677127,-0.059075854,0.024598380,0.000103963
200.616677129,-0.059015108,0.024575354,0.000101823
200.666677132,-0.058944414,0.024557049,0.000086010
200.716677134,-0.058881905,0.024555966,0.000079716
200.766677137,-0.058841709,0.024553108,0.000082521
200.816677140,-0.058818875,0.024570238,0.000072387
200.866677142,-0.058812269,0.024609435,0.000069264
200.916677145,-0.058823596,0.024661152,0.000062589
200.966677147,-0.058865327,0.024724919,0.000045281
201.016677150,-0.058912014,0.024790882,0.000043895
201.066677153,-0.058953149,0.024853128,0.000038378
201.116677155,-0.059013548,0.024937657,0.000029822
201.166677158,-0.059080324,0.025032166,0.000030550
201.216677160,-0.059130340,0.025115191,0.000028431
201.266677163,-0.059151992,0.025180117,0.000019228
201.316677166,-0.059176839,0.025271164,0.000021013
201.366677168,-0.059194078,0.025361301,0.000021882
201.416677171,-0.059213958,0.025450352,0.000029667
201.466677173,-0.059235293,0.025528030,0.000039164
201.516677176,-0.059248245,0.025582980,0.000026238
201.566677179,-0.059239385,0.025639493,0.000021745
201.616677181,-0.059227371,0.025704580,0.000002929
201.666677184,-0.059255938,0.025761003,-0.000012875
201.716677187,-0.059299245,0.025807825,-0.000028900
201.766677189,-0.059361114,0.025849540,-0.000039824
201.816677192,-0.059426025,0.025882944,-0.000042445
201.866677194,-0.059493576,0.025902425,-0.000051398
201.916677197,-0.059581581,0.025900729,-0.000057482
201.966677200,-0.059655929,0.025891085,-0.000043428
202.016677202,-0.059715101,0.025882433,-0.000052220
202.066677205,-0.059777755,0.025887784,-0.000061571
202.116677207,-0.059853626,0.025906711,-0.000058455
202.166677210,-0.059899138,0.025940324,-0.000057906
202.216677213,-0.059891134,0.025996165,-0.000074496
202.266677215,-0.059883768,0.026061366,-0.000074211
202.316677218,-0.059871343,0.026126511,-0.000069269
202.366677220,-0.059844771,0.026161036,-0.000059222
202.416677223,-0.059819319,0.026183552,-0.000057996
202.466677226,-0.059818583,0.026223411,-0.000060862
202.516677228,-0.059814727,0.026292871,-0.000049282
202.566677231,-0.059799392,0.026355465,-0.000044638
202.616677233,-0.059777263,0.026429003,-0.000033452
202.666677236,-0.059759725,0.026507745,-0.000029434
202.716677239,-0.059727312,0.026562874,-0.000009220
202.766677241,-0.059660580,0.026579077,0.000000077
202.816677244,-0.059596804,0.026603413,0.000011771
202.866677246,-0.059545931,0.026623684,0.000005352
202.916677249,-0.059506452,0.026642634,0.000013889
202.966677252,-0.059433688,0.026658957,0.000010936
203.016677254,-0.059335015,0.026679122,-0.000005872
203.066677257,-0.059263965,0.026691596,-0.000011622
203.116677260,-0.059216447,0.026709179,-0.000001722
203.166677262,-0.059174413,0.026723106,0.000000306
203.216677265,-0.059143260,0.026726646,-0.000001404
203.266677267,-0.059129916,0.026729379,-0.000003156
203.316677270,-0.059122300,0.026731263,0.000001540
203.366677273,-0.059113551,0.026741044,-0.000002763
203.416677275,-0.059115513,0.026732927,0.000005600
203.466677278,-0.059105594,0.026701555,0.000005750
203.516677280,-0.059094651,0.026678339,-0.000007836
203.566677283,-0.059082030,0.026666186,-0.000027050
203.616677286,-0.059067475,0.026657291,-0.000024635
203.666677288,-0.059014092,0.026622822,-0.000021540
203.716677291,-0.058951430,0.026565704,-0.000006562
203.766677293,-0.058897134,0.026508076,0.000014033
203.816677296,-0.059001399,0.026496743,0.000004232
203.866677299,-0.059396669,0.026565571,-0.000023676
203.916677301,-0.059770969,0.026640619,-0.000021456
203.966677304,-0.060039705,0.026752537,0.000000435
204.016677306,-0.060206234,0.026818203,0.000100432
204.066677309,-0.060313467,0.026692539,-0.000048491
204.116677312,-0.060603511,0.026638507,0.000011763
204.166677314,-0.061090181,0.026575784,0.000247275
204.216677317,-0.061631247,0.026419172,0.000495527
204.266677320,-0.061894222,0.026303994,0.000641420
204.316677322,-0.061959165,0.026113494,0.000782715
204.366677325,-0.061976127,0.025881218,0.000939585
204.416677327,-0.061985219,0.025651185,0.001133647
204.466677330,-0.061968573,0.025410904,0.001365553
204.516677333,-0.061782008,0.025413850,0.001490076
204.566677335,-0.061716665,0.025746851,0.001284205
204.616677338,-0.061967434,0.026311075,0.001283994
204.666677340,-0.061239820,0.026708925,0.001223350
204.716677343,-0.058229928,0.027023306,0.001132498
204.766677346,-0.054256684,0.027602976,0.001101955
204.816677348,-0.049837530,0.028172337,0.001083916
204.866677351,-0.045290415,0.029249462,0.001051189
204.916677353,-0.040751875,0.030790790,0.000970019
204.966677356,-0.036332850,0.032630754,0.000861167
205.016677359,-0.031964242,0.034584808,0.000752216
205.066677361,-0.027668433,0.036621935,0.000733246
205.116677364,-0.023345364,0.038667866,0.000727371
205.166677366,-0.019024730,0.040757878,0.000729326
205.216677369,-0.014705410,0.042845051,0.000738094
205.266677372,-0.010365967,0.044895268,0.000735444
205.316677374,-0.006007649,0.047003183,0.000732807
205.366677377,-0.001612105,0.049113265,0.000735494
205.416677379,0.002830339,0.051172606,0.000738372
205.466677382,0.007326065,0.053172530,0.000741142
205.516677385,0.011886555,0.055107595,0.000749845
205.566677387,0.016497327,0.057000045,0.000757053
205.616677390,0.021176586,0.058843839,0.000754678
205.666677393,0.025917126,0.060631802,0.000757596
205.716677395,0.030732654,0.062402601,0.000760577
205.766677398,0.035648103,0.064182149,0.000759594
205.816677400,0.040673427,0.065930773,0.000764744
205.866677403,0.045783711,0.067613684,0.000777309
205.916677406,0.050989999,0.069267755,0.000777005
205.966677408,0.056292075,0.070917541,0.000787485
206.016677411,0.061689259,0.072560505,0.000785207
206.066677413,0.067176730,0.074196629,0.000786878
206.116677416,0.072781352,0.075790240,0.000790246
206.166677419,0.078499194,0.077330816,0.000790377
206.216677421,0.084346679,0.078847816,0.000782183
206.266677424,0.090300240,0.080358244,0.000783426
206.316677426,0.096359529,0.081903577,0.000781190
206.366677429,0.102538221,0.083440009,0.000784209
206.416677432,0.108839921,0.084963508,0.000784313
206.466677434,0.115260254,0.086452515,0.000784071
206.516677437,0.121815072,0.087898841,0.000793546
206.566677439,0.128510135,0.089314964,0.000798229
206.616677442,0.135341282,0.090710490,0.000805668
206.666677445,0.142291971,0.092086861,0.000814173
206.716677447,0.149351423,0.093447957,0.000821597
206.766677450,0.156525673,0.094759077,0.000821513
206.816677452,0.163795434,0.096074417,0.000833393
206.866677455,0.171140932,0.097428916,0.000841482
206.916677458,0.178574499,0.098792624,0.000849279
206.966677460,0.186088533,0.100152928,0.000852072
207.016677463,0.193691365,0.101523475,0.000848969
207.066677466,0.201354273,0.102900764,0.000841882
207.116677468,0.209066071,0.104289057,0.000844419
207.166677471,0.216840446,0.105673736,0.000851009
207.216677473,0.224675659,0.107045230,0.000851595
207.266677476,0.232563471,0.108420192,0.000846137
207.316677479,0.240495330,0.109811305,0.000844836
207.366677481,0.248469004,0.111195921,0.000846890
207.416677484,0.256482922,0.112541467,0.000840489
207.466677486,0.264513765,0.113889094,0.000835850
207.516677489,0.272553492,0.115254391,0.000839735
207.566677492,0.280599204,0.116623963,0.000843121
207.616677494,0.288658691,0.118013686,0.000841509
207.666677497,0.296718847,0.119424556,0.000836527
207.716677499,0.304773111,0.120827118,0.000837672
207.766677502,0.312820067,0.122251222,0.000840783
207.816677505,0.320860130,0.123717245,0.000842464
207.866677507,0.328881378,0.125175656,0.000839070
207.916677510,0.336869593,0.126630362,0.000840337
207.966677512,0.344830312,0.128083840,0.000846564
208.016677515,0.352760217,0.129537967,0.000845783
208.066677518,0.360641807,0.130988576,0.000847810
208.116677520,0.368484378,0.132426898,0.000850482
208.166677523,0.376283799,0.133883164,0.000846506
208.216677526,0.384035320,0.135385081,0.000848732
208.266677528,0.391748239,0.136872745,0.000845084
208.316677531,0.399435466,0.138359309,0.000842266
208.366677533,0.407106144,0.139829601,0.000839790
208.416677536,0.414746861,0.141299217,0.000846376
208.466677539,0.422366934,0.142779848,0.000844050
208.516677541,0.429976420,0.144272374,0.000841011
208.566677544,0.437569345,0.145746414,0.000841514
208.616677546,0.445165905,0.147224463,0.000840281
208.666677549,0.452758261,0.148727694,0.000845652
208.716677552,0.460347272,0.150213414,0.000842749
208.766677554,0.467924943,0.151676133,0.000849346
208.816677557,0.475501965,0.153133371,0.000853214
208.866677559,0.483077165,0.154587374,0.000858558
208.916677562,0.490684628,0.156027714,0.000862692
208.966677565,0.498309773,0.157473328,0.000866919
209.016677567,0.505953325,0.158912518,0.000857131
209.066677570,0.513620094,0.160338313,0.000855445
209.116677572,0.521344800,0.161728864,0.000851862
209.166677575,0.529123004,0.163084596,0.000852315
209.216677578,0.536942769,0.164420278,0.000845521
209.266677580,0.544825138,0.165735401,0.000846276
209.316677583,0.552799709,0.167029138,0.000843624
209.366677585,0.560839491,0.168311146,0.000845396
209.416677588,0.568946294,0.169588820,0.000843922
209.466677591,0.577138571,0.170849050,0.000844036
209.516677593,0.585427666,0.172066656,0.000852243
209.566677596,0.593838256,0.173269645,0.000854498
209.616677599,0.602356558,0.174448114,0.000863185
209.666677601,0.610989115,0.175555958,0.000868665
209.716677604,0.619744254,0.176609344,0.000875213
209.766677606,0.628606499,0.177663886,0.000877144
209.816677609,0.637589428,0.178689060,0.000878959
209.866677612,0.646677393,0.179705056,0.000880775
209.916677614,0.655877636,0.180679654,0.000889746
209.966677617,0.665208021,0.181603496,0.000891947
210.016677619,0.674657517,0.182525035,0.000897568
210.066677622,0.684230640,0.183477058,0.000903331
210.116677625,0.693940909,0.184510741,0.000904248
210.166677627,0.703772172,0.185528525,0.000908884
210.216677630,0.713719155,0.186500298,0.000917448
210.266677632,0.723779517,0.187427200,0.000917534
210.316677635,0.733954122,0.188345381,0.000929187
210.366677638,0.744247546,0.189270967,0.000935455
210.416677640,0.754646904,0.190198885,0.000934852
210.466677643,0.765144891,0.191130437,0.000948979
210.516677645,0.775747490,0.192040030,0.000959857
210.566677648,0.786451033,0.192917325,0.000954299
210.616677651,0.797243885,0.193761397,0.000947238
210.666677653,0.808114267,0.194601606,0.000948753
210.716677656,0.819052742,0.195461064,0.000954301
210.766677659,0.830062218,0.196316978,0.000959754
210.816677661,0.841139290,0.197168016,0.000965201
210.866677664,0.852282415,0.198000925,0.000961086
210.916677666,0.863470182,0.198811547,0.000957350
210.966677669,0.874702827,0.199625553,0.000957372
211.016677672,0.885975272,0.200436893,0.000958372
211.066677674,0.897274919,0.201262941,0.000960577
211.116677677,0.908612072,0.202100556,0.000963874
211.166677679,0.919965190,0.202945402,0.000964204
211.216677682,0.931318024,0.203811222,0.000970738
211.266677685,0.942667494,0.204679576,0.000967293
211.316677687,0.954015530,0.205545425,0.000962821
211.366677690,0.965347196,0.206431500,0.000957708
211.416677692,0.976655757,0.207330852,0.000952428
211.466677695,0.987933210,0.208216672,0.000945338
211.516677698,0.999183191,0.209080716,0.000937450
211.566677700,1.010396080,0.209982057,0.000951969
211.616677703,1.021586892,0.210898426,0.000955822
211.666677705,1.032741417,0.211856143,0.000956172
211.716677708,1.043862863,0.212846295,0.000961745
211.766677711,1.054956498,0.213827086,0.000955558
211.816677713,1.066016500,0.214787020,0.000954501
211.866677716,1.077049462,0.215757233,0.000957856
211.916677718,1.088057893,0.216738314,0.000957155
211.966677721,1.099028427,0.217732664,0.000955396
212.016677724,1.109963825,0.218746755,0.000952161
212.066677726,1.120869546,0.219777219,0.000951060
212.116677729,1.131758815,0.220805031,0.000943281
212.166677732,1.142612930,0.221840502,0.000938612
212.216677734,1.153450108,0.222882121,0.000931854
212.266677737,1.164266194,0.223948412,0.000932456
212.316677739,1.175063577,0.225014017,0.000937420
212.366677742,1.185848862,0.226063587,0.000935200
212.416677745,1.196654220,0.227112636,0.000931711
212.466677747,1.205632324,0.228112456,0.000938601
212.516677750,1.211825283,0.229055831,0.000933800
212.566677752,1.217056325,0.229989504,0.000941355
212.616677755,1.222008321,0.230919690,0.000961247
212.666677758,1.226901510,0.231850411,0.000967213
212.716677760,1.231796062,0.232736158,0.000977748
212.766677763,1.236677299,0.233558973,0.000987108
212.816677765,1.241542804,0.234381232,0.000990066
212.866677768,1.246433509,0.235210565,0.000994488
212.916677771,1.251350457,0.236009188,0.000989418
212.966677773,1.256289073,0.236797754,0.000998018
213.016677776,1.261265837,0.237598860,0.001005047
213.066677778,1.266287492,0.238414860,0.001008860
213.116677781,1.271336968,0.239201242,0.001020419
213.166677784,1.276412386,0.239965785,0.001019407
213.216677786,1.281507768,0.240760715,0.001028759
213.266677789,1.286644309,0.241595525,0.001034727
213.316677791,1.291756521,0.242457135,0.001137176
213.366677794,1.296860328,0.243374464,0.001220302
213.416677797,1.302046338,0.244240247,0.001420723
213.466677799,1.307321734,0.244971860,0.001759622
213.516677802,1.312714706,0.245631933,0.002058050
213.566677805,1.318142724,0.246267571,0.002049007
213.616677807,1.323567266,0.247042566,0.002116224
213.666677810,1.329048800,0.247970172,0.002274001
213.716677812,1.334564722,0.248876922,0.002397243
213.766677815,1.340158565,0.249770550,0.002677650
213.816677818,1.346131026,0.250501565,0.002742945
213.866677820,1.351495743,0.251275032,0.002624102
213.916677823,1.356466629,0.252139965,0.002479166
213.966677825,1.361016294,0.253177886,0.002681360
214.016677828,1.365778891,0.254090551,0.002921754
214.066677831,1.370429311,0.255130970,0.003431925
214.116677833,1.375054572,0.255937391,0.003299724
214.166677836,1.379284497,0.257356529,0.003897689
214.216677838,1.384324858,0.258492178,0.004313632
214.266677841,1.389412590,0.259537286,0.004546979
214.316677844,1.394593977,0.260599028,0.004813142
214.366677846,1.399880572,0.261689949,0.004994559
214.416677849,1.405276663,0.262778376,0.005197441
214.466677851,1.410853647,0.263848116,0.005321875
214.516677854,1.416511815,0.264892006,0.005324423
214.566677857,1.422197560,0.265945161,0.005469892
214.616677859,1.427879572,0.267012197,0.005621747
214.666677862,1.433589094,0.268109474,0.005889162
214.716677865,1.439357495,0.269175077,0.006365352
214.766677867,1.445153785,0.270218770,0.007077474
214.816677870,1.450985694,0.271058823,0.007603269
214.866677872,1.456839148,0.271992541,0.007872570
214.916677875,1.462701955,0.272905276,0.008106471
214.966677878,1.468569181,0.273766640,0.008392361
215.016677880,1.472780615,0.276574200,0.017710736
215.066677883,1.477487622,0.278886208,0.033188385
215.116677885,1.482278605,0.280952854,0.050759492
215.166677888,1.487053853,0.282971154,0.069098635
215.216677891,1.491918093,0.284855265,0.087632254
215.266677893,1.496743577,0.286777016,0.106315777
215.316677896,1.501546513,0.288674619,0.125041074
215.366677898,1.506257289,0.290650634,0.143807123
215.416677901,1.510822793,0.292588040,0.162590812
215.466677904,1.515257886,0.294385666,0.181338533
215.516677906,1.519576129,0.295993964,0.200132766
215.566677909,1.523859756,0.297528057,0.218883414
215.616677911,1.528232066,0.298862087,0.237631602
215.666677914,1.532595963,0.300087541,0.256384553
215.716677917,1.536898944,0.301258294,0.275182263
215.766677919,1.541097894,0.302313733,0.293935279
215.816677922,1.545178533,0.303161440,0.312727876
215.866677924,1.549103188,0.304051101,0.331517879
215.916677927,1.553067521,0.304855488,0.350259785
215.966677930,1.556958482,0.305655077,0.369049234
216.016677932,1.560775791,0.306490816,0.387844847
216.066677935,1.564584836,0.307325656,0.406587177
216.116677938,1.568332596,0.307990908,0.425378934
216.166677940,1.571984103,0.308476281,0.444124978
216.216677943,1.575569929,0.308748065,0.462918295
216.266677945,1.579127774,0.308930526,0.481662504
216.316677948,1.582820559,0.308929338,0.500411623
216.366677951,1.586541386,0.308725947,0.519161489
216.416677953,1.590232673,0.308305370,0.537957964
216.466677956,1.593936811,0.307819518,0.556709893
216.516677958,1.597636257,0.307174585,0.575514398
216.566677961,1.601343745,0.306482820,0.594280987
216.616677964,1.605022577,0.305637787,0.613094556
216.666677966,1.608566892,0.304784249,0.631908904
216.716677969,1.612084558,0.303941974,0.650724553
216.766677971,1.615529916,0.303173363,0.669547219
216.816677974,1.620652941,0.302127021,0.679936513
216.866677977,1.625530104,0.301209866,0.682996789
216.916677979,1.630517634,0.300315364,0.683451959
216.966677982,1.635477222,0.299369148,0.683389346
217.016677984,1.640450792,0.298444177,0.683199148
217.066677987,1.645465769,0.297546064,0.682958476
217.116677990,1.650513227,0.296660257,0.682705919
217.166677992,1.655604965,0.295788162,0.682455713
217.216677995,1.660755203,0.294942620,0.682205780
217.266677998,1.665967322,0.294119934,0.681955312
217.316678000,1.671226059,0.293321386,0.681705209
217.366678003,1.676522424,0.292556598,0.681456596
217.416678005,1.681829616,0.291804267,0.681210255
217.466678008,1.687176766,0.291090491,0.680963462
217.516678011,1.692566688,0.290398749,0.680720464
217.566678013,1.697990659,0.289722715,0.680476980
217.616678016,1.703458493,0.289059894,0.680232219
217.666678018,1.708957757,0.288419566,0.679987924
217.716678021,1.714505517,0.287806843,0.679739621
217.766678024,1.720072593,0.287217143,0.679496437
217.816678026,1.725649856,0.286639319,0.679253928
217.866678029,1.731249305,0.286079225,0.679008311
217.916678031,1.736883820,0.285532935,0.678766130
217.966678034,1.742540380,0.285010161,0.678524919
218.016678037,1.748236337,0.284519395,0.678287980
218.066678039,1.753996278,0.284056964,0.678048809
218.116678042,1.759794373,0.283620349,0.677814392
218.166678044,1.763865493,0.283388787,0.686588908
218.216678047,1.767642554,0.282987810,0.703254324
218.266678050,1.771623686,0.282499155,0.721558542
218.316678052,1.775669122,0.282000754,0.740322994
218.366678055,1.779773699,0.281375427,0.759197917
218.416678057,1.783946147,0.280681119,0.778107128
218.466678060,1.788200437,0.279848857,0.796998667
218.516678063,1.792557844,0.278887476,0.815861814
218.566678065,1.796994354,0.277777570,0.834742957
218.616678068,1.801350266,0.276750493,0.853612622
218.666678071,1.805823531,0.275771782,0.872435828
218.716678073,1.810441404,0.274710950,0.891253336
218.766678076,1.815136668,0.273632025,0.910111392
218.816678078,1.819718018,0.272687841,0.928969748
218.866678081,1.824298685,0.271745432,0.947824073
218.916678084,1.828940383,0.270723707,0.966639688
218.966678086,1.833680849,0.269597465,0.985495614
219.016678089,1.838461083,0.268501537,1.004313915
219.066678091,1.843292665,0.267450541,1.023169237
219.116678094,1.848133624,0.266473737,1.042022539
219.166678097,1.853078682,0.265575795,1.060878147
219.216678099,1.857902693,0.264815508,1.079734176
219.266678102,1.862838405,0.264174836,1.098551912
219.316678104,1.867746635,0.263659242,1.117407413
219.366678107,1.872608184,0.263274382,1.136259744
219.416678110,1.877527885,0.262904844,1.155068605
219.466678112,1.882702696,0.262599702,1.173880584
219.516678115,1.887850994,0.262382639,1.192736641
219.566678117,1.892937900,0.262267269,1.211590848
219.616678120,1.898017864,0.262270735,1.230404423
219.666678123,1.903209591,0.262271733,1.249249822
219.716678125,1.908341887,0.262311198,1.268071669
219.766678128,1.913486655,0.262402199,1.286912831
219.816678130,1.918608357,0.262432467,1.305736547
219.866678133,1.923737858,0.262475606,1.324579161
219.916678136,1.928855874,0.262600868,1.343381101
219.966678138,1.934172554,0.262846076,1.362184909
220.016678141,1.939657870,0.263092936,1.380989234
220.066678144,1.946597229,0.264070876,1.392057282
220.116678146,1.953457089,0.264918520,1.395465057
220.166678149,1.960115583,0.265635744,1.396543668
220.216678151,1.966769693,0.266347182,1.396972813
220.266678154,1.973429124,0.267094881,1.397219868
220.316678157,1.980119985,0.267885990,1.397412957
220.366678159,1.986839566,0.268735551,1.397588467
220.416678162,1.993599310,0.269661130,1.397759295
220.466678164,2.000397515,0.270658828,1.397927455
220.516678167,2.007229356,0.271706811,1.398095850
220.566678170,2.014090083,0.272809720,1.398263078
220.616678172,2.017411054,0.271897130,1.409563193
220.666678175,2.021443685,0.271509659,1.425696094
220.716678177,2.027298900,0.272100814,1.435562727
220.766678180,2.032847702,0.272312990,1.438632431
220.816678183,2.038132572,0.272366524,1.439658319
220.866678185,2.042024391,0.271671927,1.448828649
220.916678188,2.046213524,0.271190518,1.465001342
220.966678190,2.051842756,0.271755398,1.475179535
221.016678193,2.057389973,0.272101389,1.478422024
221.066678196,2.062688754,0.272628883,1.479319681
221.116678198,2.065498864,0.272107171,1.489031694
221.166678201,2.068646224,0.271917682,1.505376451
221.216678204,2.074768122,0.274006948,1.513302471
221.266678206,2.080211994,0.275559792,1.516412530
221.316678209,2.085641208,0.276992416,1.517342544
221.366678211,2.091075624,0.278478341,1.517697425
221.416678214,2.093151913,0.277476917,1.529123573
221.466678217,2.095445776,0.277042431,1.545455356
221.516678219,2.100631382,0.278984382,1.553353148
221.566678222,2.105169526,0.280157077,1.556587194
221.616678224,2.109770827,0.281304493,1.557566774
221.666678227,2.113013629,0.281381303,1.566906739
221.716678230,2.116685308,0.281786600,1.582916735
221.766678232,2.121739478,0.283355872,1.593114944
221.816678235,2.127182199,0.285173519,1.595626894
221.866678237,2.132511709,0.286829778,1.596458914
221.916678240,2.137743106,0.288441302,1.596860581
221.966678243,2.141186233,0.288428223,1.606402169
222.016678245,2.144856756,0.288798558,1.622748826
222.066678248,2.150119651,0.290504434,1.632641950
222.116678250,2.155527778,0.292120781,1.635141381
222.166678253,2.160799071,0.293602898,1.636045703
222.216678256,2.166224024,0.295012944,1.636451869
222.266678258,2.171669923,0.296442415,1.636673509
222.316678261,2.177132246,0.297889594,1.636853830
222.366678263,2.182651672,0.299348882,1.637018228
222.416678266,2.188197197,0.300831957,1.637180274
222.466678269,2.193762900,0.302353204,1.637340194
222.516678271,2.199359165,0.303893388,1.637497505
222.566678274,2.204994353,0.305421061,1.637656744
222.616678277,2.210656527,0.306949049,1.637815599
222.666678279,2.216322249,0.308471672,1.637972444
222.716678282,2.221988100,0.310007083,1.638127634
222.766678284,2.227680503,0.311569756,1.638279574
222.816678287,2.233389555,0.313161934,1.638432403
222.866678290,2.239113930,0.314775300,1.638584758
222.916678292,2.244864090,0.316413171,1.638733013
222.966678295,2.250623548,0.318108609,1.638882064
223.016678297,2.256373613,0.319844003,1.639031917
223.066678300,2.262136352,0.321596236,1.639178995
223.116678303,2.267925093,0.323364137,1.639324553
223.166678305,2.273728149,0.325141026,1.639469885
223.216678308,2.279828898,0.326926410,1.639395870
223.266678310,2.286100790,0.328592612,1.639330248
223.316678313,2.292278135,0.330155746,1.639474695
223.366678316,2.298354569,0.331788175,1.639621731
223.416678318,2.304884901,0.332939180,1.644193907
223.466678321,2.313963097,0.334455803,1.650856940
223.516678323,2.324810763,0.336215869,1.656731150
223.566678326,2.336903775,0.338502268,1.661039793
223.616678329,2.349622274,0.340841378,1.663825921
223.666678331,2.362714484,0.343149897,1.665445455
223.716678334,2.375976782,0.345428761,1.666433079
223.766678337,2.389426770,0.347853473,1.667028925
223.816678339,2.403021660,0.350391279,1.667396918
223.866678342,2.416659423,0.352918308,1.667591938
223.916678344,2.430243741,0.355375580,1.667749393
223.966678347,2.443835624,0.357909904,1.667862956
224.016678350,2.457448890,0.360517027,1.667955601
224.066678352,2.471095505,0.363206968,1.667997564
224.116678355,2.484729774,0.365902163,1.668037460
224.166678357,2.498371955,0.368695022,1.668086666
224.216678360,2.512023026,0.371585356,1.668107483
224.266678363,2.525690442,0.374577894,1.668129684
224.316678365,2.539360759,0.377664967,1.668135434
224.366678368,2.553027629,0.380842372,1.668152294
224.416678370,2.566702104,0.384105159,1.668169883
224.466678373,2.580387263,0.387467708,1.668157374
224.516678376,2.594065428,0.390909954,1.668167231
224.566678378,2.607748743,0.394459256,1.668156540
224.616678381,2.621430896,0.398083838,1.668146965
224.666678383,2.635107171,0.401822614,1.668149061
224.716678386,2.648756326,0.405655811,1.668156953
224.766678389,2.661204375,0.409390845,1.668166769
224.816678391,2.670968900,0.412797676,1.668166080
224.866678394,2.679664885,0.416173385,1.668170756
224.916678396,2.688028000,0.419578150,1.668172500
224.966678399,2.696267092,0.423059403,1.668186397
225.016678402,2.704464533,0.426632383,1.668198721
225.066678404,2.712630938,0.430311634,1.668211989
225.116678407,2.720771916,0.434101419,1.668217607
225.166678410,2.728894053,0.437997788,1.668227222
225.216678412,2.737003887,0.441988581,1.668236267
225.266678415,2.745109517,0.446065980,1.668254596
225.316678417,2.753203468,0.450326669,1.668259470
225.366678420,2.761296237,0.454749765,1.668303959
225.416678423,2.769378573,0.459380648,1.668289979
225.466678425,2.777464733,0.464122338,1.668239626
225.516678428,2.785483685,0.468860442,1.668178278
225.566678430,2.793348384,0.473762431,1.668182559
225.616678433,2.801090405,0.478510374,1.668288193
225.666678436,2.808676291,0.483493054,1.668486065
225.716678438,2.816272704,0.488739199,1.668669366
225.766678441,2.823898834,0.494198904,1.668896267
225.816678443,2.831415011,0.500040953,1.669272367
225.866678446,2.838912470,0.506447066,1.669768903
225.916678449,2.846373363,0.513362549,1.669962565
225.966678451,2.853685032,0.520614811,1.670084075
226.016678454,2.861057265,0.528036635,1.670387298
226.066678456,2.868608183,0.535897860,1.670636833
226.116678459,2.876384200,0.544108942,1.670732814
226.166678462,2.884478856,0.553328832,1.670882705
226.216678464,2.892873342,0.564926378,1.670890241
226.266678467,2.900867246,0.577573093,1.670879925
226.316678470,2.908359252,0.590745696,1.670854883
226.366678472,2.915582070,0.604181418,1.670885932
226.416678475,2.922664611,0.617774649,1.670888661
226.466678477,2.929665060,0.631413959,1.670875800
226.516678480,2.936497535,0.645174493,1.670867302
226.566678483,2.943260102,0.659039200,1.670853808
226.616678485,2.949933034,0.672963473,1.670857332
226.666678488,2.956516796,0.686968612,1.670859021
226.716678490,2.963017542,0.701071652,1.670865926
226.766678493,2.969496398,0.715261053,1.670871734
226.816678496,2.975955068,0.729532662,1.670870435
226.866678498,2.982374676,0.743879214,1.670866032
226.916678501,2.988761584,0.758280116,1.670851545
226.966678503,2.995154990,0.772732257,1.670839862
227.016678506,3.001547171,0.787246395,1.670830292
227.066678509,3.007933240,0.801809335,1.670824872
227.116678511,3.014292436,0.816395074,1.670813329
227.166678514,3.020662991,0.831015987,1.670805969
227.216678516,3.027030571,0.845659509,1.670796358
227.266678519,3.033424880,0.860329219,1.670786560
227.316678522,3.039852490,0.875011900,1.670786807
227.366678524,3.046308783,0.889706146,1.670788363
227.416678527,3.052757893,0.904401345,1.670786766
227.466678529,3.059203658,0.919087753,1.670783110
227.516678532,3.065649761,0.933754956,1.670784412
227.566678535,3.072126678,0.948404370,1.670792397
227.616678537,3.078624845,0.963032852,1.670786332
227.666678540,3.085146696,0.977630154,1.670781569
227.716678543,3.091682187,0.992186288,1.670772286
227.766678545,3.098261791,1.006709197,1.670760537
227.816678548,3.104899055,1.021200995,1.670755931
227.866678550,3.111623619,1.035667321,1.670754026
227.916678553,3.118380683,1.050101380,1.670758780
227.966678556,3.125179251,1.064508377,1.670763468
228.016678558,3.132035196,1.078886696,1.670764657
228.066678561,3.138942965,1.093232241,1.670768877
228.116678563,3.145879471,1.107527784,1.670778412
228.166678566,3.152864688,1.121785684,1.670782702
228.216678569,3.159854862,1.136005263,1.670783635
228.266678571,3.166871276,1.150191832,1.670789636
228.316678574,3.173938664,1.164372558,1.670786374
228.366678576,3.181082363,1.178555919,1.670780956
228.416678579,3.188273159,1.192729512,1.670781753
228.466678582,3.195504098,1.206890875,1.670785942
228.516678584,3.202757462,1.221051423,1.670792403
228.566678587,3.210075173,1.235214968,1.670803889
228.616678589,3.217443555,1.249397345,1.670812230
228.666678592,3.224840037,1.263603568,1.670824735
228.716678595,3.232236695,1.277843246,1.670838908
228.766678597,3.239673041,1.292130921,1.670842422
228.816678600,3.247137374,1.306459493,1.670846635
228.866678602,3.254616871,1.320844675,1.670845167
228.916678605,3.262083059,1.335293518,1.670842241
228.966678608,3.269569039,1.349823944,1.670838078
229.016678610,3.277079005,1.364428930,1.670835383
229.066678613,3.284589048,1.379101868,1.670836377
229.116678616,3.292084997,1.393844287,1.670845484
229.166678618,3.299595754,1.408687055,1.670842007
229.216678621,3.307100344,1.423608468,1.670838401
229.266678623,3.314604163,1.438620083,1.670837757
229.316678626,3.322108983,1.453732038,1.670843989
229.366678629,3.329604020,1.468945474,1.670845019
229.416678631,3.337100676,1.484263132,1.670840052
229.466678634,3.344577204,1.499695459,1.670834276
229.516678636,3.352042380,1.515248788,1.670831260
229.566678639,3.359531022,1.530947318,1.670826746
229.616678642,3.367000529,1.546769819,1.670819807
229.666678644,3.374443718,1.562709717,1.670821885
229.716678647,3.381898505,1.578787338,1.670816996
229.766678649,3.389350672,1.595001759,1.670816280
229.816678652,3.396754768,1.611337355,1.670819940
229.866678655,3.404125626,1.627804717,1.670823219
229.916678657,3.411471202,1.644399320,1.670828272
229.966678660,3.418798355,1.661123674,1.670828739
230.016678662,3.426093764,1.677964490,1.670827065
230.066678665,3.433371419,1.694925077,1.670831104
230.116678668,3.440606259,1.711992204,1.670832398
230.166678670,3.447804185,1.729161079,1.670833234
230.216678673,3.454970495,1.746440657,1.670832707
230.266678676,3.462131716,1.763843359,1.670834206
230.316678678,3.469280814,1.781343721,1.670839965
230.366678681,3.476417987,1.798932152,1.670842433
230.416678683,3.483560209,1.816593009,1.670836534
230.466678686,3.490914780,1.832423004,1.670833166
230.516678689,3.498561851,1.845416607,1.670835708
230.566678691,3.506337580,1.857354305,1.670844011
230.616678694,3.514147536,1.868968464,1.670847292
230.666678696,3.521937818,1.880518860,1.670851293
230.716678699,3.529723115,1.892099589,1.670854181
230.766678702,3.537509127,1.903734224,1.670863440
230.816678704,3.545305457,1.915423806,1.670876384
230.866678707,3.553103563,1.927185983,1.670881770
230.916678709,3.560848866,1.939010500,1.670826201
230.966678712,3.568616121,1.950891394,1.670687699
231.016678715,3.576480524,1.962827275,1.670583834
231.066678717,3.584370512,1.974850398,1.670408902
231.116678720,3.592079472,1.986874363,1.670520160
231.166678722,3.600055710,1.999034824,1.670323816
231.216678725,3.607831228,2.011143894,1.670437991
231.266678728,3.615352787,2.023480563,1.670321078
231.316678730,3.622892830,2.035945154,1.670326183
231.366678733,3.630393305,2.048574580,1.670434788
231.416678735,3.638130634,2.061329433,1.670541907
231.466678738,3.646014175,2.074137289,1.670613176
231.516678741,3.653791175,2.087026775,1.670694931
231.566678743,3.661442521,2.099657188,1.670821601
231.616678746,3.669035032,2.111920642,1.670696499
231.666678749,3.676524337,2.124023135,1.670780004
231.716678751,3.684018517,2.136130061,1.670834274
231.766678754,3.690519332,2.147884928,1.670838404
231.816678756,3.694753397,2.159007285,1.670912164
231.866678759,3.697855905,2.170187031,1.671035264
231.916678762,3.700477224,2.181807512,1.671142908
231.966678764,3.702882282,2.193954986,1.671203887
232.016678767,3.705170363,2.206576214,1.671264942
232.066678769,3.707375494,2.219472433,1.671309173
232.116678772,3.709503532,2.232403522,1.671320680
232.166678775,3.711596740,2.245499856,1.671337295
232.216678777,3.713667788,2.258753807,1.671368915
232.266678780,3.715707844,2.272139976,1.671390513
232.316678782,3.717701614,2.285660294,1.671399851
232.366678785,3.719687588,2.299304395,1.671402972
232.416678788,3.721624276,2.313054109,1.671414176
232.466678790,3.723534042,2.326954936,1.671425277
232.516678793,3.725397487,2.340934664,1.671429001
232.566678795,3.727235712,2.355027550,1.671445507
232.616678798,3.729033686,2.369222775,1.671453746
232.666678801,3.730808441,2.383545061,1.671467972
232.716678803,3.732575115,2.398004229,1.671477084
232.766678806,3.734323637,2.412559777,1.671485921
232.816678809,3.736022523,2.427199256,1.671509497
232.866678811,3.737710640,2.441952822,1.671533247
232.916678814,3.739415446,2.456794329,1.671547138
232.966678816,3.741124636,2.471759450,1.671567528
233.016678819,3.742810030,2.486809958,1.671589049
233.066678822,3.744460657,2.501917838,1.671597281
233.116678824,3.746067983,2.517058628,1.671619074
233.166678827,3.747723492,2.532372506,1.671638935
233.216678829,3.749353112,2.547750283,1.671669374
233.266678832,3.750995429,2.563211654,1.671686885
233.316678835,3.752667487,2.578777575,1.671702820
233.366678837,3.754352273,2.594407339,1.671731015
233.416678840,3.756043205,2.610059818,1.671752165
233.466678842,3.757768281,2.625761496,1.671787826
233.516678845,3.759474507,2.641408124,1.671810858
233.566678848,3.761153933,2.657029070,1.671838581
233.616678850,3.762820240,2.672639224,1.671871506
233.666678853,3.764553316,2.688341525,1.671902311
233.716678855,3.766310351,2.703937810,1.671935582
233.766678858,3.768153715,2.719542342,1.671953632
233.816678861,3.770060730,2.735173577,1.671987624
233.866678863,3.772026896,2.750830158,1.672017296
233.916678866,3.774016007,2.766440383,1.672039290
233.966678868,3.776102422,2.782104158,1.672055365
234.016678871,3.778250708,2.797774666,1.672071555
234.066678874,3.780481009,2.813472221,1.672086392
234.116678876,3.782782102,2.829156640,1.672094652
234.166678879,3.785146656,2.844848057,1.672107148
234.216678882,3.787563989,2.860545084,1.672113202
234.266678884,3.790020247,2.876247634,1.672120010
234.316678887,3.792508883,2.891927773,1.672125486
234.366678889,3.795037122,2.907571290,1.672131239
234.416678892,3.797587662,2.923146509,1.672141582
234.466678895,3.800161450,2.938706149,1.672147051
234.516678897,3.802773381,2.954249127,1.672144518
234.566678900,3.805428411,2.969773325,1.672147810
234.616678902,3.808121480,2.985287917,1.672149522
234.666678905,3.810840518,3.000779253,1.672158877
234.716678908,3.813588219,3.016226509,1.672169772
234.766678910,3.816389380,3.031665496,1.672174942
234.816678913,3.819227982,3.047108850,1.672176549
234.866678915,3.822076212,3.062532351,1.672188824
234.916678918,3.824921084,3.077947614,1.672204713
234.966678921,3.827788310,3.093411162,1.672212842
235.016678923,3.830687153,3.108901636,1.672220939
235.066678926,3.833606104,3.124432781,1.672229293
235.116678928,3.836537976,3.140016338,1.672234665
235.166678931,3.839472652,3.155639182,1.672239900
235.216678934,3.842395830,3.171308236,1.672247624
235.266678936,3.845327168,3.187026705,1.672253737
235.316678939,3.848257938,3.202789182,1.672266419
235.366678941,3.851180893,3.218604962,1.672267355
235.416678944,3.854103301,3.234488368,1.672272159
235.466678947,3.857039979,3.250448231,1.672266726
235.516678949,3.859953513,3.266484285,1.672266674
235.566678952,3.862824895,3.282601427,1.672282605
235.616678955,3.865655483,3.298795062,1.672282437
235.666678957,3.868449959,3.315059353,1.672280140
235.716678960,3.871203412,3.331380402,1.672287807
235.766678962,3.873916963,3.347795405,1.672302447
235.816678965,3.876601640,3.364346510,1.672316748
235.866678968,3.879255556,3.381034359,1.672325730
235.916678970,3.881875769,3.397832773,1.672336077
235.966678973,3.884451677,3.414737445,1.672348632
236.016678975,3.886980827,3.431748744,1.672355653
236.066678978,3.889476211,3.448915651,1.672364656
236.116678981,3.891928781,3.466199385,1.672384083
236.166678983,3.894338006,3.483632206,1.672392110
236.216678986,3.896723989,3.501214808,1.672404999
236.266678988,3.899093738,3.518945177,1.672413656
236.316678991,3.901427734,3.536782670,1.672432265
236.366678994,3.903765546,3.554792356,1.672451582
236.416678996,3.906090237,3.572934744,1.672473556
236.466678999,3.908389080,3.591157069,1.672497951
236.516679001,3.910656661,3.609468649,1.672514352
236.566679004,3.912921414,3.627913034,1.672526707
236.616679007,3.915175032,3.646463057,1.672538742
236.666679009,3.917417459,3.665094350,1.672554899
236.716679012,3.919649102,3.683814939,1.672567506
236.766679015,3.921862402,3.702635173,1.672587594
236.816679017,3.924036691,3.721480152,1.672606336
236.866679020,3.926195901,3.740384927,1.672618359
236.916679022,3.928379443,3.759349434,1.672636576
236.966679025,3.930606711,3.778366959,1.672664409
237.016679028,3.932836515,3.797320557,1.672680995
237.066679030,3.935061385,3.816266212,1.672698249
237.116679033,3.937291556,3.835238019,1.672710140
237.166679035,3.939541876,3.854251990,1.672733150
237.216679038,3.941817725,3.873286584,1.672751419
237.266679041,3.944137431,3.892348151,1.672753177
237.316679043,3.946434434,3.911317679,1.672757476
237.366679046,3.948763715,3.930308680,1.672772712
237.416679048,3.951151571,3.949332863,1.672783722
237.466679051,3.953585039,3.968354147,1.672800268
237.516679054,3.956039029,3.987350026,1.672816609
237.566679056,3.958533182,4.006314220,1.672843399
237.616679059,3.961063337,4.025262053,1.672861370
237.666679061,3.963631228,4.044233797,1.672880795
237.716679064,3.966240228,4.063232819,1.672887857
237.766679067,3.968898987,4.082265144,1.672902306
237.816679069,3.971614084,4.101258866,1.672918668
237.866679072,3.974392357,4.120211418,1.672930297
237.916679074,3.977224379,4.139126207,1.672928735
237.966679077,3.980095960,4.158022303,1.672932339
238.016679080,3.983008118,4.176907155,1.672943469
238.066679082,3.985975617,4.195770847,1.672941801
238.116679085,3.988979089,4.214624929,1.672940947
238.166679088,3.992028171,4.233454595,1.672943371
238.216679090,3.995115457,4.252262367,1.672940415
238.266679093,3.998221597,4.271017940,1.672944257
238.316679095,4.001346817,4.289717745,1.672953297
238.366679098,4.004525318,4.308407637,1.672962299
238.416679101,4.007712611,4.327075850,1.672971779
238.466679103,4.010905125,4.345724748,1.672988745
238.516679106,4.014116080,4.364412186,1.673004454
238.566679108,4.017345730,4.383155226,1.673016152
238.616679111,4.020593573,4.401925425,1.673022380
238.666679114,4.023849548,4.420717380,1.673024349
238.716679116,4.027100319,4.439536074,1.673028152
238.766679119,4.030374032,4.458425562,1.673036015
238.816679121,4.033664116,4.477374163,1.673035139
238.866679124,4.036963486,4.496410640,1.673050631
238.916679127,4.040254615,4.515512761,1.673064564
238.966679129,4.043540421,4.534689246,1.673071306
239.016679132,4.046818390,4.553924634,1.673067089
239.066679134,4.050076179,4.573243834,1.673072489
239.116679137,4.053306842,4.592635427,1.673074810
239.166679140,4.056510215,4.612079842,1.673071990
239.216679142,4.059668421,4.631547092,1.673070455
239.266679145,4.062801515,4.651070401,1.673076172
239.316679148,4.065929546,4.670644800,1.673079794
239.366679150,4.069032555,4.690335035,1.673082341
239.416679153,4.072098912,4.710144316,1.673080674
239.466679155,4.075135088,4.730048447,1.673087713
239.516679158,4.078126239,4.750037384,1.673093398
239.566679161,4.081089805,4.770153245,1.673105626
239.616679163,4.084028219,4.790359961,1.673113894
239.666679166,4.086930006,4.810676044,1.673115933
239.716679168,4.089777663,4.831096327,1.673129054
239.766679171,4.092592441,4.851626044,1.673148061
239.816679174,4.095378978,4.872266538,1.673155584
239.866679176,4.098134571,4.893044650,1.673156371
239.916679179,4.100850178,4.913911431,1.673176992
239.966679181,4.103551254,4.934894549,1.673195134
240.016679184,4.106232997,4.956011532,1.673212065
240.066679187,4.108885600,4.977262317,1.673222581
240.116679189,4.111475277,4.998609271,1.673226699
240.166679192,4.114025373,5.020037216,1.673247168
240.216679194,4.116557608,5.041536734,1.673253695
240.266679197,4.119110053,5.063167975,1.673273334
240.316679200,4.121671480,5.084896374,1.673284921
240.366679202,4.124231142,5.106692402,1.673301108
240.416679205,4.127952367,5.128584331,1.673310050
240.466679207,4.134228159,5.150721756,1.673321512
240.516679210,4.141624245,5.173013354,1.673326926
240.566679213,4.149396033,5.195394393,1.673333030
240.616679215,4.157274667,5.217833837,1.673339067
240.666679218,4.165194395,5.240325803,1.673345988
240.716679221,4.173121081,5.262876490,1.673360155
240.766679223,4.181033674,5.285487911,1.673379649
240.816679226,4.188951194,5.308153439,1.673385064
240.866679228,4.196872710,5.330863233,1.673391081
240.916679231,4.204796141,5.353620474,1.673393826
240.966679234,4.212735425,5.376433262,1.673398301
241.016679236,4.220702424,5.399297062,1.673403705
241.066679239,4.228688691,5.422221852,1.673408060
241.116679241,4.236662718,5.445468014,1.673422353
241.166679244,4.244569368,5.468954764,1.673406955
241.216679247,4.252398715,5.492544303,1.673389998
241.266679249,4.260245365,5.516318057,1.673333356
241.316679252,4.268083563,5.540131568,1.673340492
241.366679254,4.275929911,5.563970502,1.673085194
241.416679257,4.283573268,5.587803269,1.673055395
241.466679260,4.291381217,5.611982020,1.672962948
241.516679262,4.299267154,5.636269125,1.672765329
241.566679265,4.307209980,5.660699522,1.672761944
241.616679267,4.315364370,5.685480126,1.672614923
241.666679270,4.323865065,5.710738448,1.672362623
241.716679273,4.332495377,5.736201483,1.672120174
241.766679275,4.341141263,5.761731824,1.671851322
241.816679278,4.349743182,5.787273062,1.671466794
241.866679280,4.358372737,5.812874750,1.671491864
241.916679283,4.367573017,5.839112074,1.671306248
241.966679286,4.376908036,5.865534978,1.671106925
242.016679288,4.386705237,5.890421431,1.670875704
242.066679291,4.397272706,5.912237675,1.670593133
242.116679294,4.407772040,5.932805257,1.670289467
242.166679296,4.417985314,5.952933889,1.670097918
242.216679299,4.428025492,5.972928988,1.669976550
242.266679301,4.437950114,5.992893528,1.669849626
242.316679304,4.447749373,6.012859478,1.669804074
242.366679307,4.457524285,6.032883727,1.669774760
242.416679309,4.467209984,6.052965445,1.669767267
242.466679312,4.476849027,6.073107318,1.669750763
242.516679314,4.486442194,6.093314491,1.669752374
242.566679317,4.496038341,6.113631861,1.669751126
242.616679320,4.505599322,6.134050377,1.669743982
242.666679322,4.515064485,6.154558663,1.669730297
242.716679325,4.524518008,6.175187683,1.669719826
242.766679327,4.533975398,6.195926786,1.669730907
242.816679330,4.543394112,6.216783269,1.669741961
242.866679333,4.552798884,6.237760336,1.669747785
242.916679335,4.562177714,6.258841137,1.669762514
242.966679338,4.571507454,6.280049604,1.669772070
243.016679340,4.580792828,6.301387474,1.669773971
243.066679343,4.590093939,6.322848114,1.669771901
243.116679346,4.599375652,6.344413076,1.669769599
243.166679348,4.608611425,6.366077580,1.669785139
243.216679351,4.617775751,6.387834076,1.669790008
243.266679354,4.626924364,6.409694570,1.669803904
243.316679356,4.636066034,6.431663446,1.669811497
243.366679359,4.645200678,6.453733575,1.669812964
243.416679361,4.654351011,6.475907314,1.669826151
243.466679364,4.663558102,6.498203821,1.669835288
243.516679367,4.672793522,6.520599247,1.669830343
243.566679369,4.682017843,6.543081264,1.669827401
243.616679372,4.691230377,6.565651705,1.669817941
243.666679374,4.700414862,6.588285223,1.669808306
243.716679377,4.709597146,6.610968026,1.669804067
243.766679380,4.718775095,6.633696813,1.669797180
243.816679382,4.728005186,6.656506974,1.669786932
243.866679385,4.737220201,6.679365599,1.669783349
243.916679387,4.746406401,6.702260029,1.669777658
243.966679390,4.755610641,6.725187199,1.669778130
244.016679393,4.764847522,6.748149979,1.669772453
244.066679395,4.774090182,6.771136602,1.669764392
244.116679398,4.783350456,6.794136779,1.669757307
244.166679400,4.792634503,6.817150211,1.669756756
244.216679403,4.801918218,6.840169991,1.669757152
244.266679406,4.811238305,6.863195939,1.669759989
244.316679408,4.820542978,6.886206924,1.669775810
244.366679411,4.829829422,6.909207249,1.669772752
244.416679413,4.839113399,6.932171927,1.669771414
244.466679416,4.848439863,6.955125737,1.669767673
244.516679419,4.857809272,6.978063035,1.669766139
244.566679421,4.867231832,7.000983933,1.669758518
244.616679424,4.876689938,7.023877214,1.669761396
244.666679427,4.886160359,7.046743819,1.669754332
244.716679429,4.895637827,7.069584223,1.669754087
244.766679432,4.905128639,7.092396470,1.669753060
244.816679434,4.914649689,7.115181109,1.669764640
244.866679437,4.924222477,7.137940421,1.669762882
244.916679440,4.933861707,7.160661360,1.669763916
244.966679442,4.943605712,7.183390007,1.669758732
245.016679445,4.953429057,7.206134159,1.669752472
245.066679447,4.963291781,7.228871813,1.669748081
245.116679450,4.973192804,7.251599313,1.669755071
245.166679453,4.983144018,7.274317553,1.669755943
245.216679455,4.993186968,7.297046418,1.669760648
245.266679458,5.003270137,7.319781037,1.669759316
245.316679460,5.013370360,7.342513253,1.669765654
245.366679463,5.023496047,7.365261096,1.669771521
245.416679466,5.033617900,7.388018970,1.669780189
245.466679468,5.043706696,7.410786582,1.669792957
245.516679471,5.053787216,7.433586889,1.669794133
245.566679473,5.063847026,7.456406848,1.669798854
245.616679476,5.073929311,7.479267987,1.669803409
245.666679479,5.084023340,7.502183471,1.669808233
245.716679481,5.094136754,7.525146200,1.669802920
245.766679484,5.104253869,7.548157239,1.669797752
245.816679487,5.114352949,7.571211221,1.669806866
245.866679489,5.124436876,7.594330119,1.669800704
245.916679492,5.134515727,7.617518401,1.669799212
245.966679494,5.144587262,7.640790893,1.669795023
246.016679497,5.154624807,7.664138966,1.669793237
246.066679500,5.164651671,7.687567991,1.669800488
246.116679502,5.174668377,7.711089884,1.669800632
246.166679505,5.184655328,7.734706470,1.669796158
246.216679507,5.194594767,7.758431152,1.669791560
246.266679510,5.204503617,7.782262248,1.669787098
246.316679513,5.214353927,7.806197505,1.669798314
246.366679515,5.224192060,7.830255554,1.669801746
246.416679518,5.234055169,7.854438682,1.669811430
246.466679520,5.243897744,7.878760600,1.669815161
246.516679523,5.253746968,7.903202907,1.669813665
246.566679526,5.263618387,7.927752740,1.669823425
246.616679528,5.273494420,7.952407334,1.669821995
246.666679531,5.283342530,7.977161022,1.669808372
246.716679533,5.293178924,8.002019879,1.669799466
246.766679536,5.303009702,8.026991184,1.669791479
246.816679539,5.312823501,8.052068441,1.669783777
246.866679541,5.322598380,8.077248239,1.669790302
246.916679544,5.332368520,8.102535649,1.669792725
246.966679546,5.342135888,8.127897626,1.669785878
247.016679549,5.351893680,8.153349344,1.669783515
247.066679552,5.361605370,8.178890215,1.669780306
247.116679554,5.371278666,8.204508976,1.669774159
247.166679557,5.380918577,8.230184729,1.669775568
247.216679560,5.390561589,8.255924163,1.669773017
247.266679562,5.400200931,8.281730598,1.669770571
247.316679565,5.409831001,8.307603833,1.669765861
247.366679567,5.419458737,8.333527093,1.669765403
247.416679570,5.429090000,8.359495516,1.669758234
247.466679573,5.438684823,8.385507083,1.669760354
247.516679575,5.448269395,8.411553284,1.669771099
247.566679578,5.457859294,8.437605632,1.669772454
247.616679580,5.467458899,8.463656517,1.669769699
247.666679583,5.477101777,8.489718159,1.669769294
247.716679586,5.486755720,8.515784734,1.669772539
247.766679588,5.496422284,8.541862313,1.669769005
247.816679591,5.506100352,8.567943103,1.669763904
247.866679593,5.515813123,8.594021936,1.669774258
247.916679596,5.525578851,8.620103215,1.669776200
247.966679599,5.535369399,8.646173937,1.669773636
248.016679601,5.545210450,8.672226310,1.669782422
248.066679604,5.555138631,8.698292328,1.669784721
248.116679606,5.565110476,8.724351023,1.669780523
248.166679609,5.575115037,8.750389693,1.669794735
248.216679612,5.585175116,8.776416364,1.669805817
248.266679614,5.595272249,8.802421717,1.669816183
248.316679617,5.605431627,8.828399949,1.669821744
248.366679619,5.615637235,8.854346120,1.669830857
248.416679622,5.625885365,8.880273917,1.669837312
248.466679625,5.636170748,8.906179978,1.669842356
248.516679627,5.646502901,8.932070677,1.669853480
248.566679630,5.656943347,8.957987374,1.669850015
248.616679633,5.667398956,8.983889458,1.669847835
248.666679635,5.677879015,9.009782553,1.669855384
248.716679638,5.688385931,9.035673214,1.669861208
248.766679640,5.698938424,9.061563177,1.669862474
248.816679643,5.709559256,9.087462096,1.669857685
248.866679646,5.720256052,9.113366829,1.669857484
248.916679648,5.731016014,9.139290955,1.669852172
248.966679651,5.741807781,9.165227107,1.669856303
249.016679653,5.752610723,9.191184138,1.669859749
249.066679656,5.763475945,9.217163519,1.669859247
249.116679659,5.774401513,9.243164086,1.669852884
249.166679661,5.785322398,9.269177991,1.669854881
249.216679664,5.796275136,9.295226689,1.669862194
249.266679666,5.807235066,9.321318676,1.669863407
249.316679669,5.818166129,9.347464044,1.669869292
249.366679672,5.829087135,9.373664579,1.669891426
249.416679674,5.840044998,9.399946465,1.669892116
249.466679677,5.851034328,9.426293217,1.669887139
249.516679679,5.862053969,9.452706811,1.669891696
249.566679682,5.873095473,9.479200672,1.669899969
249.616679685,5.884182591,9.505806173,1.669902404
249.666679687,5.895321042,9.532494561,1.669902899
249.716679690,5.906494522,9.559275305,1.669896605
249.766679693,5.917704205,9.586159862,1.669894908
249.816679695,5.928927562,9.613151654,1.669895955
249.866679698,5.940135561,9.640236140,1.669900368
249.916679700,5.951282233,9.667413687,1.669905147
249.966679703,5.962393563,9.694695319,1.669914100
250.016679706,5.973487833,9.722104362,1.669915647
250.066679708,5.984580890,9.749652846,1.669914054
250.116679711,5.995669841,9.777326146,1.669917011
250.166679713,6.006735161,9.805118727,1.669912180
250.216679716,6.017754269,9.833015945,1.669910863
250.266679719,6.028734652,9.861013197,1.669911583
250.316679721,6.039703696,9.889117589,1.669903381
250.366679724,6.050603752,9.917294460,1.669910745
250.416679726,6.061485300,9.945572412,1.669909367
250.466679729,6.072355779,9.973965271,1.669925800
250.516679732,6.083229049,10.002477408,1.669926478
250.566679734,6.094123058,10.031101755,1.669926485
250.616679737,6.105005227,10.059814830,1.669926849
250.666679739,6.115849761,10.088611675,1.669919418
250.716679742,6.126641076,10.117483301,1.669922408
250.766679745,6.137389790,10.146433061,1.669915398
250.816679747,6.148058826,10.175437862,1.669914396
250.866679750,6.158689308,10.204507335,1.669901656
250.916679752,6.169294114,10.233634564,1.669894078
250.966679755,6.179879139,10.262826915,1.669890663
251.016679758,6.190463512,10.292069119,1.669892600
251.066679760,6.201041672,10.321349325,1.669892350
251.116679763,6.211649864,10.350680915,1.669888806
251.166679766,6.222259260,10.380035240,1.669892364
251.216679768,6.232860826,10.409402754,1.669905359
251.266679771,6.243456944,10.438798150,1.669907865
251.316679773,6.254064077,10.468215518,1.669911983
251.366679776,6.264689081,10.497653114,1.669912171
251.416679779,6.275312949,10.527111178,1.669916082
251.466679781,6.285969194,10.556578386,1.669923037
251.516679784,6.296611535,10.586035589,1.669922103
251.566679786,6.307290981,10.615479035,1.669916504
251.616679789,6.318023875,10.644916200,1.669919957
251.666679792,6.328768347,10.674330018,1.669922985
251.716679794,6.339540186,10.703729727,1.669915019
251.766679797,6.350383232,10.733104644,1.669909445
251.816679799,6.361283164,10.762441267,1.669913210
251.866679802,6.372201503,10.791757864,1.669923380
251.916679805,6.383162193,10.821053624,1.669930410
251.966679807,6.394160522,10.850320664,1.669937712
252.016679810,6.405198593,10.879566151,1.669941464
252.066679812,6.416269775,10.908797147,1.669935550
252.116679815,6.427317610,10.937993401,1.669931857
252.166679818,6.438378615,10.967142548,1.669923620
252.216679820,6.449497510,10.996261710,1.669922872
252.266679823,6.460660499,11.025363040,1.669921956
252.316679826,6.471825586,11.054450326,1.669905732
252.366679828,6.482978007,11.083528754,1.669897774
252.416679831,6.494163985,11.112601133,1.669894665
252.466679833,6.505358179,11.141662681,1.669894019
252.516679836,6.516564739,11.170711772,1.669896834
252.566679839,6.527791001,11.199759779,1.669908153
252.616679841,6.538984307,11.228820165,1.669915046
252.666679844,6.550147648,11.257888306,1.669912139
252.716679846,6.561304849,11.286957800,1.669910142
252.766679849,6.572466248,11.316041610,1.669917913
252.816679852,6.583631038,11.345159674,1.669920375
252.866679854,6.594774115,11.374320061,1.669918174
252.916679857,6.605921837,11.403538254,1.669911425
252.966679859,6.617075075,11.432817491,1.669913468
253.016679862,6.628208825,11.462164921,1.669919436
253.066679865,6.639342746,11.491586554,1.669916361
253.116679867,6.650475894,11.521086176,1.669911493
253.166679870,6.661660980,11.550661366,1.669918266
253.216679872,6.672825250,11.580320560,1.669920216
253.266679875,6.683960882,11.610065704,1.669921129
253.316679878,6.695057248,11.639896811,1.669925369
253.366679880,6.706107317,11.669818200,1.669931048
253.416679883,6.717136616,11.699842163,1.669929969
253.466679885,6.728119882,11.729959644,1.669933804
253.516679888,6.739094505,11.760176798,1.669929843
253.566679891,6.750031165,11.790492741,1.669930145
253.616679893,6.760943727,11.820912690,1.669928617
253.666679896,6.771814428,11.851440518,1.669927575
253.716679899,6.782624074,11.882072005,1.669925887
253.766679901,6.793420901,11.912809975,1.669920704
253.816679904,6.804196675,11.943659589,1.669929515
253.866679906,6.814949066,11.974624563,1.669935477
253.916679909,6.825691594,12.005715683,1.669924850
253.966679912,6.836423538,12.036927821,1.669929194
254.016679914,6.847150475,12.068260632,1.669938706
254.066679917,6.857858380,12.099701215,1.669945706
254.116679919,6.868555968,12.131245894,1.669943139
254.166679922,6.879215873,12.162888569,1.669945927
254.216679925,6.889845547,12.194622702,1.669941244
254.266679927,6.900450364,12.226453495,1.669938066
254.316679930,6.911028446,12.258406577,1.669935346
254.366679932,6.921613105,12.290451289,1.669934840
254.416679935,6.932204882,12.322579238,1.669923421
254.466679938,6.942771384,12.354754913,1.669916242
254.516679940,6.953315665,12.386996684,1.669914200
254.566679943,6.963845543,12.419326368,1.669910185
254.616679945,6.974351969,12.451723775,1.669902883
254.666679948,6.984874529,12.484158960,1.669889744
254.716679951,6.995418394,12.516632161,1.669894178
254.766679953,7.005957446,12.549138279,1.669894877
254.816679956,7.016502799,12.581676076,1.669885109
254.866679958,7.026988563,12.614225247,1.669885883
254.916679961,7.037442419,12.646793876,1.669887815
254.966679964,7.047900746,12.679381348,1.669891526
255.016679966,7.058407076,12.711993190,1.669903527
255.066679969,7.069027313,12.744630333,1.669898902
255.116679972,7.079690359,12.777256915,1.669904627
255.166679974,7.090369086,12.809870323,1.669909732
255.216679977,7.101091307,12.842474870,1.669918763
255.266679979,7.111889456,12.875074008,1.669933627
255.316679982,7.122754063,12.907660852,1.669936207
255.366679985,7.133661966,12.940237432,1.669935906
255.416679987,7.144620829,12.972801002,1.669949178
255.466679990,7.155650208,13.005360641,1.669952277
255.516679992,7.166713095,13.037893572,1.669956129
255.566679995,7.177803868,13.070396380,1.669956193
255.616679998,7.188954167,13.102895957,1.669955748
255.666680000,7.200139334,13.135393887,1.669946514
255.716680003,7.211332215,13.167877703,1.669938058
255.766680005,7.222508272,13.200337608,1.669936871
255.816680008,7.233688655,13.232776369,1.669936751
255.866680011,7.244886130,13.265185555,1.669944428
255.916680013,7.256093192,13.297585874,1.669950748
255.966680016,7.267362198,13.329995312,1.669942034
256.016680018,7.278661009,13.362410826,1.669952190
256.066680021,7.289964270,13.394845847,1.669952270
256.116680024,7.301265284,13.427289519,1.669954147
256.166680026,7.312564580,13.459748539,1.669953819
256.216680029,7.323877143,13.492221996,1.669952813
256.266680032,7.335192593,13.524721753,1.669963854
256.316680034,7.346516634,13.557259094,1.669963354
256.366680037,7.357807935,13.589808228,1.669961689
256.416680039,7.369106841,13.622390486,1.669962933
256.466680042,7.380360622,13.654999047,1.669962724
256.516680045,7.391624656,13.687663582,1.669961232
256.566680047,7.402891645,13.720386697,1.669955495
256.616680050,7.414157286,13.753158601,1.669941558
256.666680052,7.425434188,13.785991055,1.669939487
256.716680055,7.436732746,13.818887218,1.669939328
256.766680058,7.448040173,13.851852187,1.669928971
256.816680060,7.459316168,13.884892103,1.669925920
256.866680063,7.470568811,13.918012780,1.669919893
256.916680065,7.481807337,13.951219708,1.669912849
256.966680068,7.493006884,13.984508695,1.669918892
257.016680071,7.504168326,14.017895157,1.669924566
257.066680073,7.515302815,14.051423633,1.669927280
257.116680076,7.526416490,14.085065954,1.669934315
257.166680078,7.537502386,14.118816471,1.669936472
257.216680081,7.548571460,14.152685878,1.669947440
257.266680084,7.559639360,14.186677480,1.669948529
257.316680086,7.570701263,14.220781256,1.669952003
257.366680089,7.581693270,14.254973340,1.669971703
257.416680091,7.592680256,14.289291503,1.669980465
257.466680094,7.603655960,14.323731033,1.669972911
257.516680097,7.614614503,14.358286105,1.669957859
257.566680099,7.625588372,14.392948371,1.669957233
257.616680102,7.636537383,14.427716694,1.669971216
257.666680105,7.647473596,14.462587943,1.669980744
257.716680107,7.658379860,14.497544112,1.669984782
257.766680110,7.669237348,14.532592383,1.669990391
257.816680112,7.680048221,14.567741174,1.669989725
257.866680115,7.690797167,14.602981189,1.669991629
257.916680118,7.701539098,14.638322893,1.669990109
257.966680120,7.712264682,14.673745337,1.669982608
258.016680123,7.722943449,14.709215679,1.669983769
258.066680125,7.733599077,14.744752719,1.669974833
258.116680128,7.744265443,14.780362334,1.669967713
258.166680131,7.754991920,14.816045070,1.669959253
258.216680133,7.765737812,14.851784981,1.669957801
258.266680136,7.776519189,14.887572605,1.669951180
258.316680138,7.787327104,14.923400053,1.669944490
258.366680141,7.798142027,14.959255888,1.669943230
258.416680144,7.808934631,14.995142164,1.669932991
258.466680146,7.819706188,15.031073803,1.669932246
258.516680149,7.830492262,15.067030369,1.669929029
258.566680151,7.841283192,15.103006017,1.669926929
258.616680154,7.852086769,15.138998735,1.669917147
258.666680157,7.862884119,15.174981071,1.669914234
258.716680159,7.873698139,15.210946475,1.669917398
258.766680162,7.884546608,15.246904493,1.669911831
258.816680165,7.895410963,15.282858214,1.669912774
258.866680167,7.906321141,15.318808652,1.669906693
258.916680170,7.917265154,15.354732936,1.669911451
258.966680172,7.928251182,15.390635390,1.669918215
259.016680175,7.939277463,15.426518049,1.669923449
259.066680178,7.950352666,15.462380440,1.669930848
259.116680180,7.961425385,15.498224675,1.669927620
259.166680183,7.972519494,15.534053426,1.669927891
259.216680185,7.983663911,15.569867090,1.669935924
259.266680188,7.994858766,15.605668247,1.669933525
259.316680191,8.006109000,15.641448501,1.669939394
259.366680193,8.017372232,15.677202369,1.669935729
259.416680196,8.028685972,15.712946001,1.669932726
259.466680198,8.040021400,15.748678866,1.669931430
259.516680201,8.051404076,15.784414443,1.669934323
259.566680204,8.062808396,15.820141587,1.669934988
259.616680206,8.074235525,15.855841910,1.669935088
259.666680209,8.085751319,15.891540670,1.669932104
259.716680211,8.097390156,15.927265054,1.669932992
259.766680214,8.109068972,15.963007697,1.669935284
259.816680217,8.120764184,15.998756867,1.669947634
259.866680219,8.132542785,16.034529624,1.669937872
259.916680222,8.144363830,16.070329943,1.669931804
259.966680224,8.156201236,16.106173234,1.669932489
260.016680227,8.168091478,16.142072442,1.669923181
260.066680230,8.179985441,16.177995996,1.669925793
260.116680232,8.191855001,16.213973408,1.669936269
260.166680235,8.203686132,16.250023346,1.669934732
260.216680238,8.215502592,16.286127675,1.669941212
260.266680240,8.227290698,16.322296900,1.669938696
260.316680243,8.239065650,16.358545813,1.669946751
260.366680245,8.250872082,16.394885944,1.669953999
260.416680248,8.262681336,16.431311908,1.669949948
260.466680251,8.274408073,16.467812185,1.669950868
260.516680253,8.286078639,16.504400444,1.669954248
260.566680256,8.297733433,16.541098646,1.669952694
260.616680258,8.309372575,16.577902777,1.669943346
260.666680261,8.320971542,16.614807694,1.669950435
260.716680264,8.332514979,16.651812318,1.669964288
260.766680266,8.344062138,16.688938541,1.669968444
260.816680269,8.355646576,16.726197383,1.669964809
260.866680271,8.367216894,16.763566337,1.669962184
260.916680274,8.378786206,16.801055739,1.669960599
260.966680277,8.390325096,16.838662144,1.669954537
261.016680279,8.401842368,16.876395394,1.669956999
261.066680282,8.413298899,16.914243624,1.669956010
261.116680284,8.424706344,16.952205682,1.669955371
261.166680287,8.436070331,16.990284979,1.669965525
261.216680290,8.447409025,17.028470718,1.669978089
261.266680292,8.458715606,17.066778862,1.669983731
261.316680295,8.470000361,17.105198165,1.669994404
261.366680298,8.481239626,17.143703219,1.669994890
261.416680300,8.492462167,17.182297099,1.670000122
261.466680303,8.503640906,17.220983322,1.670004115
261.516680305,8.514762656,17.259748064,1.670004019
261.566680308,8.525790946,17.298567479,1.670003875
261.616680311,8.536807956,17.337466742,1.669995037
261.666680313,8.547804812,17.376416791,1.669993268
261.716680316,8.558793725,17.415411427,1.669995183
261.766680318,8.569713122,17.454451914,1.670005153
261.816680321,8.580627885,17.493558607,1.670000757
261.866680324,8.591569124,17.532717246,1.669996064
261.916680326,8.602490496,17.571921560,1.669987229
261.966680329,8.613400463,17.611169027,1.669990132
262.016680331,8.624302289,17.650438355,1.669999823
262.066680334,8.635243418,17.689716820,1.670010301
262.116680337,8.646228124,17.729014116,1.670018168
262.166680339,8.657262925,17.768327942,1.670016932
262.216680342,8.668285723,17.807629884,1.670024139
262.266680344,8.679320179,17.846913012,1.670024284
262.316680347,8.690397779,17.886189074,1.670012990
262.366680350,8.701512194,17.925448117,1.670020294
262.416680352,8.712663311,17.964683417,1.670030160
262.466680355,8.723869003,18.003900427,1.670038994
262.516680357,8.735140177,18.043108522,1.670054480
262.566680360,8.746460257,18.082312194,1.670053957
262.616680363,8.757792706,18.121496202,1.670054304
262.666680365,8.769167192,18.160645683,1.670060567
262.716680368,8.780556840,18.199766200,1.670072068
262.766680371,8.792012795,18.238872648,1.670078030
262.816680373,8.803569696,18.277987353,1.670086715
262.866680376,8.815173461,18.317087937,1.670080785
262.916680378,8.826810614,18.356171430,1.670076055
262.966680381,8.838474423,18.395236240,1.670078058
263.016680384,8.850146996,18.434275447,1.670075908
263.066680386,8.861856827,18.473307236,1.670072001
263.116680389,8.873596768,18.512328861,1.670073879
263.166680391,8.885383985,18.551353052,1.670072455
263.216680394,8.897178228,18.590350887,1.670072972
263.266680397,8.909023690,18.629329825,1.670082177
263.316680399,8.920919762,18.668328469,1.670083871
263.366680402,8.932850377,18.707344156,1.670086566
263.416680404,8.944811180,18.746378014,1.670085068
263.466680407,8.956807191,18.785434169,1.670081678
263.516680410,8.968819373,18.824516811,1.670084356
263.566680412,8.980841282,18.863634079,1.670082969
263.616680415,8.992883871,18.902801592,1.670085106
263.666680417,9.004957697,18.942020499,1.670086594
263.716680420,9.017055245,18.981297075,1.670089456
263.766680423,9.029137474,19.020635814,1.670095250
263.816680425,9.041249455,19.060041024,1.670102559
263.866680428,9.053393355,19.099512788,1.670103704
263.916680430,9.065535898,19.139046179,1.670113800
263.966680433,9.077705669,19.178662087,1.670118582
264.016680436,9.089859834,19.218371277,1.670125323
264.066680438,9.102029646,19.258178110,1.670118674
264.116680441,9.114187070,19.298083856,1.670108608
264.166680444,9.126312329,19.338080814,1.670115014
264.216680446,9.138429700,19.378188888,1.670120545
264.266680449,9.150511705,19.418398326,1.670122050
264.316680451,9.162555160,19.458714538,1.670120954
264.366680454,9.174531890,19.499127308,1.670121692
264.416680457,9.186475201,19.539645868,1.670131856
264.466680459,9.198390488,19.580283626,1.670140763
264.516680462,9.210284905,19.621051557,1.670141834
264.566680464,9.222163146,19.661933596,1.670138678
264.616680467,9.234027450,19.702945323,1.670142350
264.666680470,9.245866580,19.744077296,1.670145951
264.716680472,9.257669432,19.785311123,1.670154427
264.766680475,9.269441793,19.826663258,1.670172075
264.816680477,9.281196618,19.868129243,1.670171181
264.866680480,9.292911351,19.909687727,1.670185329
264.916680483,9.304594589,19.951337992,1.670191037
264.966680485,9.316251247,19.993076750,1.670189120
265.016680488,9.327889103,20.034916109,1.670192348
265.066680490,9.339516026,20.076847964,1.670196561
265.116680493,9.351116340,20.118882783,1.670202821
265.166680496,9.362673122,20.161004445,1.670207268
265.216680498,9.374219427,20.203200705,1.670206098
265.266680501,9.385742430,20.245455066,1.670210702
265.316680504,9.397279097,20.287770157,1.670219384
265.366680506,9.408880433,20.330165703,1.670218827
265.416680509,9.420483943,20.372614351,1.670223835
265.466680511,9.432133001,20.415121481,1.670222715
265.516680514,9.443803195,20.457664211,1.670226129
265.566680517,9.455486436,20.500234696,1.670236582
265.616680519,9.467193684,20.542841637,1.670224917
265.666680522,9.478914522,20.585426959,1.670214330
265.716680524,9.490676384,20.628004654,1.670207322
265.766680527,9.502435399,20.670578609,1.670215816
265.816680530,9.514176857,20.713139073,1.670214127
265.866680532,9.525921303,20.755687415,1.670216109
265.916680535,9.537719472,20.798235093,1.670211814
265.966680537,9.549534684,20.840783717,1.670206709
266.016680540,9.561337643,20.883325086,1.670211378
266.066680543,9.573168969,20.925854993,1.670217344
266.116680545,9.585025625,20.968362882,1.670225477
266.166680548,9.596891073,21.010845011,1.670232377
266.216680550,9.608777126,21.053304443,1.670239799
266.266680553,9.620717012,21.095751706,1.670239948
266.316680556,9.632736465,21.138185667,1.670241134
266.366680558,9.644868394,21.180608144,1.670247544
266.416680561,9.657119056,21.223020956,1.670248199
266.466680563,9.669399963,21.265396116,1.670253535
266.516680566,9.681707315,21.307747967,1.670258189
266.566680569,9.694096182,21.350089930,1.670260129
266.616680571,9.706562915,21.392420729,1.670257374
266.666680574,9.719118970,21.434746554,1.670251319
266.716680577,9.731697739,21.477059202,1.670256962
266.766680579,9.744318584,21.519362885,1.670255416
266.816680582,9.756982231,21.561662574,1.670258464
266.866680584,9.769660125,21.603953354,1.670258022
266.916680587,9.782341830,21.646221520,1.670263897
266.966680590,9.795069389,21.688495458,1.670266698
267.016680592,9.807854449,21.730794377,1.670265804
267.066680595,9.820665083,21.773125085,1.670256069
267.116680597,9.833465769,21.815476913,1.670263788
267.166680600,9.846251496,21.857852574,1.670283214
267.216680603,9.859056501,21.900271618,1.670287386
267.266680605,9.871877491,21.942726858,1.670283310
267.316680608,9.884686811,21.985227728,1.670275623
267.366680610,9.897494111,22.027782593,1.670270968
267.416680613,9.910327212,22.070411976,1.670272765
267.466680616,9.923123177,22.113097933,1.670287404
267.516680618,9.935898047,22.155865703,1.670297811
267.566680621,9.948673713,22.198728510,1.670299932
267.616680623,9.961422263,22.241678726,1.670295141
267.666680626,9.974171129,22.284724444,1.670294428
267.716680629,9.986913021,22.327883072,1.670294424
267.766680631,9.999628546,22.371141504,1.670293412
267.816680634,10.012321888,22.414505167,1.670303178
267.866680637,10.024984987,22.457978066,1.670298564
267.916680639,10.037661453,22.501560250,1.670302187
267.966680642,10.050335502,22.545244746,1.670302895
268.016680644,10.062981712,22.589038762,1.670309868
268.066680647,10.075618142,22.632958140,1.670307000
268.116680650,10.088251249,22.676989416,1.670304103
268.166680652,10.100823709,22.721120231,1.670314044
268.216680655,10.113327034,22.765369192,1.670319220
268.266680657,10.125810667,22.809737636,1.670305318
268.316680660,10.138272599,22.854215259,1.670308129
268.366680663,10.150716066,22.898801541,1.670318601
268.416680665,10.163139736,22.943492121,1.670325394
268.466680668,10.175582704,22.988298399,1.670326012
268.516680670,10.188020689,23.033210871,1.670331596
268.566680673,10.200478161,23.078226877,1.670347052
268.616680676,10.212949155,23.123364746,1.670350087
268.666680678,10.225392555,23.168591241,1.670348833
268.716680681,10.237792062,23.213899412,1.670345539
268.766680683,10.250161075,23.259288613,1.670346873
268.816680686,10.262559197,23.304765549,1.670332615
268.866680689,10.274980399,23.350300197,1.670318012
268.916680691,10.287408059,23.395879080,1.670315713
268.966680694,10.299830788,23.441513091,1.670312380
269.016680696,10.312230906,23.487182316,1.670297423
269.066680699,10.324606409,23.532876001,1.670286635
269.116680702,10.336966719,23.578582756,1.670275522
269.166680704,10.349338837,23.624310972,1.670276922
269.216680707,10.361746740,23.670053299,1.670279876
269.266680710,10.374180698,23.715832013,1.670283593
269.316680712,10.386622636,23.761631754,1.670282924
269.366680715,10.399032848,23.807434954,1.670286162
269.416680717,10.411432657,23.853230343,1.670286594
269.466680720,10.423865915,23.899016721,1.670285018
269.516680723,10.436346308,23.944787849,1.670290488
269.566680725,10.448866542,23.990551625,1.670288722
269.616680728,10.461418781,24.036298539,1.670296585
269.666680730,10.474083389,24.082050764,1.670297310
269.716680733,10.486782102,24.127779267,1.670307412
269.766680736,10.499485884,24.173486570,1.670311157
269.816680738,10.512215354,24.219177562,1.670321358
269.866680741,10.524974875,24.264855527,1.670329627
269.916680743,10.537787712,24.310509699,1.670332511
269.966680746,10.550652585,24.356136503,1.670330094
270.016680749,10.563583092,24.401738700,1.670322451
270.066680751,10.576544601,24.447312950,1.670324428
270.116680754,10.589528519,24.492875281,1.670325414
270.166680756,10.602512685,24.538419357,1.670315496
270.216680759,10.615540939,24.583925502,1.670305672
270.266680762,10.628622365,24.629400485,1.670306852
270.316680764,10.641722920,24.674871103,1.670300928
270.366680767,10.654862044,24.720329421,1.670305170
270.416680769,10.668055844,24.765793695,1.670308538
270.466680772,10.681273047,24.811269630,1.670308956
270.516680775,10.694519366,24.856745310,1.670315247
270.566680777,10.707865825,24.902241940,1.670323377
270.616680780,10.721258116,24.947757913,1.670326963
270.666680783,10.734688549,24.993283177,1.670332719
270.716680785,10.748160668,25.038838252,1.670340559
270.766680788,10.761639537,25.084428351,1.670346371
270.816680790,10.775112357,25.130061057,1.670355656
270.866680793,10.788637548,25.175754046,1.670358707
270.916680796,10.802188176,25.221508759,1.670362767
270.966680798,10.815752500,25.267339893,1.670359649
271.016680801,10.829325913,25.313264081,1.670361542
271.066680803,10.842888384,25.359255316,1.670364604
271.116680806,10.856442123,25.405302809,1.670372885
271.166680809,10.869987849,25.451412993,1.670375109
271.216680811,10.883536794,25.497628785,1.670383519
271.266680814,10.897069557,25.543943049,1.670384623
271.316680816,10.910589827,25.590357787,1.670372348
271.366680819,10.924065618,25.636847088,1.670367101
271.416680822,10.937465656,25.683410940,1.670364377
271.466680824,10.950814136,25.730075460,1.670356213
271.516680827,10.964138381,25.776852415,1.670355574
271.566680829,10.977429317,25.823731337,1.670357362
271.616680832,10.990691776,25.870709456,1.670364021
271.666680835,11.003942601,25.917786454,1.670369194
271.716680837,11.017199777,25.964970021,1.670376186
271.766680840,11.030457084,26.012266222,1.670379213
271.816680843,11.043713446,26.059683637,1.670381492
271.866680845,11.056963183,26.107215075,1.670367418
271.916680848,11.070157245,26.154835882,1.670369953
271.966680850,11.083289404,26.202553186,1.670387123
272.016680853,11.096397997,26.250381667,1.670391627
272.066680856,11.109508646,26.298313751,1.670389106
272.116680858,11.122540483,26.346315028,1.670396624
272.166680861,11.135519950,26.394401406,1.670396250
272.216680863,11.148476479,26.442564971,1.670390805
272.266680866,11.161401659,26.490791006,1.670385880
272.316680869,11.174281594,26.539084728,1.670386134
272.366680871,11.187159689,26.587470523,1.670381408
272.416680874,11.200036212,26.635930580,1.670378229
272.466680876,11.212908526,26.684448350,1.670370923
272.516680879,11.225778435,26.733016164,1.670365508
272.566680882,11.238636752,26.781627411,1.670356560
272.616680884,11.251507338,26.830294738,1.670358226
272.666680887,11.264402111,26.879011261,1.670363730
272.716680889,11.277302513,26.927747363,1.670364647
272.766680892,11.290206077,26.976502814,1.670361885
272.816680895,11.303158463,27.025283914,1.670357367
272.866680897,11.316133295,27.074077633,1.670347056
272.916680900,11.329131260,27.122886287,1.670336353
272.966680902,11.342098391,27.171687935,1.670332952
273.016680905,11.355073717,27.220488232,1.670337657
273.066680908,11.368070151,27.269285888,1.670334175
273.116680910,11.381086703,27.318057888,1.670334385
273.166680913,11.394110662,27.366813454,1.670324609
273.216680916,11.407200491,27.415559175,1.670323559
273.266680918,11.420339978,27.464294680,1.670328558
273.316680921,11.433512445,27.513013888,1.670336079
273.366680923,11.446730369,27.561721997,1.670342451
273.416680926,11.460058616,27.610432953,1.670352846
273.466680929,11.473486144,27.659156045,1.670346531
273.516680931,11.486981571,27.707856179,1.670348948
273.566680934,11.500556709,27.756536307,1.670354745
273.616680936,11.514174661,27.805196432,1.670361813
273.666680939,11.527813465,27.853837094,1.670363429
273.716680942,11.541491999,27.902460177,1.670367495
273.766680944,11.555197792,27.951065127,1.670372527
273.816680947,11.568940561,27.999647536,1.670376259
273.866680949,11.582701573,28.048198137,1.670372804
273.916680952,11.596490787,28.096731208,1.670355251
273.966680955,11.610358712,28.145256535,1.670351344
274.016680957,11.624338450,28.193794043,1.670342405
274.066680960,11.638316297,28.242318764,1.670339930
274.116680962,11.652313222,28.290852747,1.670340383
274.166680965,11.666346996,28.339397266,1.670338384
274.216680968,11.680390079,28.387966327,1.670333086
274.266680970,11.694440613,28.436569386,1.670338886
274.316680973,11.708519984,28.485226756,1.670345689
274.366680976,11.722599481,28.533929685,1.670352152
274.416680978,11.736654268,28.582670662,1.670345333
274.466680981,11.750723229,28.631450935,1.670349529
274.516680983,11.764840343,28.680282626,1.670347744
274.566680986,11.778969627,28.729175891,1.670347563
274.616680989,11.793100393,28.778138998,1.670344739
274.666680991,11.807235872,28.827169298,1.670350470
274.716680994,11.821334907,28.876273883,1.670359803
274.766680996,11.835442508,28.925465260,1.670358467
274.816680999,11.849564886,28.974737079,1.670354226
274.866681002,11.863667477,29.024073818,1.670344514
274.916681004,11.877766265,29.073494514,1.670348259
274.966681007,11.891864240,29.123014475,1.670352967
275.016681009,11.905934370,29.172633298,1.670351541
275.066681012,11.919968636,29.222359591,1.670347004
275.116681015,11.933947388,29.272185416,1.670348586
275.166681017,11.947902419,29.322121759,1.670344937
275.216681020,11.961831017,29.372177784,1.670347667
275.266681022,11.975688491,29.422354810,1.670358891
275.316681025,11.989486744,29.472642995,1.670359633
275.366681028,12.003234684,29.523029799,1.670353541
275.416681030,12.016940347,29.573518575,1.670351997
275.466681033,12.030577782,29.624093639,1.670347593
275.516681035,12.044155245,29.674765821,1.670346943
275.566681038,12.057706725,29.725552429,1.670346304
275.616681041,12.071233932,29.776460694,1.670347765
275.666681043,12.084757390,29.827479201,1.670358841
275.716681046,12.098224540,29.878574822,1.670360002
275.766681049,12.111678252,29.929768340,1.670353142
275.816681051,12.125109802,29.981072002,1.670349630
275.866681054,12.138499943,30.032461277,1.670346941
275.916681056,12.151874931,30.083937279,1.670343994
275.966681059,12.165279672,30.135492980,1.670343904
276.016681062,12.178686181,30.187114531,1.670339164
276.066681064,12.192104382,30.238802822,1.670328067
276.116681067,12.205525250,30.290552320,1.670323924
276.166681069,12.218930103,30.342347448,1.670322541
276.216681072,12.232334134,30.394183293,1.670315483
276.266681075,12.245768155,30.446050076,1.670309479
276.316681077,12.259178150,30.497929518,1.670297205
276.366681080,12.272576494,30.549809330,1.670295282
276.416681082,12.285976996,30.601708386,1.670301623
276.466681085,12.299375667,30.653625226,1.670305716
276.516681088,12.312726822,30.705542132,1.670306365
276.566681090,12.326103948,30.757463345,1.670302984
276.616681093,12.339516418,30.809388586,1.670300886
276.666681095,12.352949086,30.861308446,1.670304342
276.716681098,12.366395202,30.913208098,1.670310410
276.766681101,12.379861145,30.965089155,1.670313936
276.816681103,12.393394835,31.016947665,1.670303306
276.866681106,12.406952969,31.068780017,1.670307224
276.916681108,12.420558989,31.120600738,1.670312491
276.966681111,12.434190565,31.172390660,1.670318409
277.016681114,12.447869694,31.224147832,1.670331142
277.066681116,12.461630157,31.275884305,1.670337014
277.116681119,12.475406675,31.327588959,1.670341964
277.166681122,12.489180782,31.379258672,1.670344683
277.216681124,12.502990534,31.430905939,1.670339748
277.266681127,12.516797148,31.482524534,1.670338882
277.316681129,12.530618066,31.534119611,1.670334945
277.366681132,12.544431414,31.585697627,1.670332171
277.416681135,12.558258444,31.637268398,1.670332668
277.466681137,12.572146798,31.688841318,1.670341357
277.516681140,12.586039452,31.740411191,1.670342803
277.566681142,12.599952693,31.791967631,1.670347082
277.616681145,12.613915550,31.843528444,1.670353294
277.666681148,12.627900612,31.895091954,1.670359368
277.716681150,12.641908448,31.946667783,1.670362237
277.766681153,12.655876991,31.998257480,1.670361139
277.816681155,12.669811190,32.049862947,1.670365863
277.866681158,12.683775926,32.101481028,1.670373509
277.916681161,12.697779302,32.153142136,1.670380782
277.966681163,12.711802170,32.204851582,1.670385161
278.016681166,12.725836301,32.256618543,1.670370608
278.066681168,12.739877144,32.308429552,1.670366727
278.116681171,12.753926631,32.360285893,1.670373199
278.166681174,12.767982847,32.412205236,1.670378305
278.216681176,12.782084904,32.464200744,1.670376484
278.266681179,12.796201385,32.516269152,1.670388890
278.316681182,12.810373134,32.568440685,1.670383270
278.366681184,12.824572994,32.620698181,1.670382864
278.416681187,12.838789412,32.673052116,1.670379259
278.466681189,12.853019638,32.725485927,1.670378106
278.516681192,12.867276388,32.778019908,1.670371575
278.566681195,12.881564763,32.830657280,1.670366107
278.616681197,12.895840181,32.883396725,1.670366596
278.666681200,12.910110100,32.936261799,1.670364679
278.716681202,12.924344469,32.989237343,1.670371470
278.766681205,12.938562304,33.042326001,1.670378829
278.816681208,12.952752335,33.095527105,1.670372473
278.866681210,12.966883627,33.148832576,1.670379719
278.916681213,12.981005888,33.202261692,1.670383275
278.966681215,12.995124277,33.255805656,1.670384934
279.016681218,13.009068458,33.311012529,1.670403504
279.066681221,13.022702200,33.369240461,1.670416250
279.116681223,13.036224889,33.428567805,1.670430649
279.166681226,13.049642050,33.488295128,1.670439226
279.216681228,13.063036473,33.548223140,1.670445155
279.266681231,13.076445895,33.608280332,1.670449908
279.316681234,13.089843713,33.668454018,1.670450181
279.366681236,13.103197016,33.728714546,1.670449980
279.416681239,13.116541015,33.789064712,1.670459299
279.466681241,13.129856888,33.849501902,1.670469284
279.516681244,13.143148189,33.910023470,1.670475679
279.566681247,13.156425813,33.970633832,1.670483554
279.616681249,13.169725029,34.031382039,1.670426020
279.666681252,13.183057904,34.092253213,1.670333199
279.716681255,13.196480143,34.153229031,1.670176498
279.766681257,13.209922351,34.214186287,1.670110047
279.816681260,13.223465752,34.275261417,1.669977822
279.866681262,13.236967871,34.336393067,1.669755359
279.916681265,13.250289261,34.397507004,1.669458385
279.966681268,13.263568131,34.458709747,1.669381001
280.016681270,13.277006361,34.520169006,1.669249087
280.066681273,13.290587927,34.581874326,1.669061089
280.116681275,13.304158453,34.643657638,1.668878973
280.166681278,13.317823733,34.705663924,1.668689856
280.216681281,13.331565647,34.767957208,1.668608610
280.266681283,13.345387384,34.830558135,1.668283540
280.316681286,13.358764028,34.892845794,1.668001217
280.366681288,13.372005665,34.955209348,1.667677211
280.416681291,13.385174499,35.017664398,1.667385982
280.466681294,13.398317643,35.080169373,1.667031977
280.516681296,13.411383629,35.142643885,1.666681966
280.566681299,13.424229131,35.205037416,1.666699060
280.616681301,13.437214414,35.267579893,1.666672921
280.666681304,13.450422783,35.330304978,1.666491445
280.716681307,13.463668349,35.393163561,1.666323914
280.766681309,13.476887872,35.456164330,1.666328935
280.816681312,13.490143492,35.519297599,1.666303385
280.866681315,13.503370312,35.582664244,1.666286573
280.916681317,13.516643803,35.646257924,1.666304392
280.966681320,13.529949258,35.709917204,1.666365191
281.016681322,13.543243184,35.773744178,1.666256096
281.066681325,13.556542767,35.837690061,1.666002610
281.116681328,13.569842629,35.901704414,1.665644175
281.166681330,13.583187039,35.965768140,1.665352599
281.216681333,13.596622304,36.029892007,1.665138888
281.266681335,13.608886183,36.092206078,1.673716564
281.316681338,13.621697123,36.154750643,1.688972861
281.366681341,13.634827406,36.217772159,1.706738200
281.416681343,13.647999555,36.280845221,1.725370094
281.466681346,13.661228480,36.343960325,1.744327117
281.516681348,13.674405472,36.407194240,1.763332465
281.566681351,13.687709603,36.470450132,1.782335390
281.616681354,13.701153411,36.533724055,1.801296762
281.666681356,13.714630997,36.597075535,1.820219270
281.716681359,13.727918144,36.660428581,1.839133232
281.766681361,13.741208439,36.724034674,1.857971978
281.816681364,13.754610016,36.787764391,1.876801946
281.866681367,13.768161598,36.851529143,1.895673378
281.916681369,13.781825633,36.915294106,1.914497487
281.966681372,13.795604628,36.979096680,1.933367521
282.016681374,13.809338969,37.042878849,1.952203914
282.066681377,13.823127383,37.106651059,1.971055010
282.116681380,13.836815084,37.170435362,1.989896480
282.166681382,13.850482502,37.234402340,2.008704165
282.216681385,13.864075418,37.298443253,2.027556801
282.266681388,13.877721360,37.362479002,2.046391149
282.316681390,13.891367377,37.426561445,2.065200889
282.366681393,13.905038194,37.490826591,2.084003086
282.416681395,13.918659495,37.555091060,2.102848611
282.466681398,13.932334092,37.619331032,2.121684222
282.516681401,13.945957118,37.683487044,2.140527603
282.566681403,13.959548051,37.747754605,2.159334291
282.616681406,13.973078946,37.812109071,2.178178405
282.666681408,13.986583060,37.876635847,2.196986398
282.716681411,14.000500553,37.942687122,2.208057756
282.766681414,14.014732288,38.009319311,2.210787427
282.816681416,14.028980130,38.075621713,2.211893930
282.866681419,14.043268965,38.141939909,2.212328715
282.916681421,14.057528027,38.208270739,2.212577088
282.966681424,14.071776576,38.274659086,2.212794094
283.016681427,14.086016219,38.341110168,2.212993196
283.066681429,14.100266604,38.407593700,2.213179766
283.116681432,14.114511342,38.474083141,2.213371101
283.166681434,14.128764101,38.540568326,2.213565004
283.216681437,14.143019798,38.607099898,2.213749923
283.266681440,14.157266734,38.673681679,2.213933534
283.316681442,14.171494748,38.740321575,2.214118951
283.366681445,14.185699600,38.807026443,2.214293790
283.416681447,14.199897410,38.873799609,2.214474912
283.466681450,14.214081157,38.940640174,2.214652789
283.516681453,14.228262418,39.007581101,2.214824497
283.566681455,14.242889029,39.076821594,2.205551688
283.616681458,14.257509437,39.145813948,2.188975272
283.666681461,14.272125871,39.214574790,2.170982585
283.716681463,14.286897850,39.283253886,2.152447143
283.766681466,14.301849317,39.351910868,2.133777364
283.816681468,14.316909416,39.420557289,2.115060583
283.866681471,14.332098412,39.489259414,2.096353802
283.916681474,14.347416314,39.558024839,2.077657670
283.966681476,14.362836634,39.626921194,2.058961562
284.016681479,14.378172753,39.695884329,2.040299410
284.066681481,14.393538466,39.764865124,2.021626726
284.116681484,14.408847409,39.833813251,2.002953529
284.166681487,14.424135782,39.902879867,1.984269617
284.216681489,14.439526098,39.972076143,1.965585350
284.266681492,14.455027767,40.041363842,1.946924829
284.316681494,14.470634709,40.110680086,1.928250507
284.366681497,14.486305822,40.180051278,1.909578638
284.416681500,14.501898289,40.249378572,1.890913862
284.466681502,14.517495136,40.318837877,1.872226029
284.516681505,14.533038541,40.388396926,1.853548554
284.566681507,14.548597479,40.457982861,1.834869738
284.616681510,14.564257014,40.527554936,1.816176171
284.666681513,14.579928987,40.597149464,1.797501429
284.716681515,14.595492833,40.666841671,1.778817573
284.766681518,14.611104197,40.736700339,1.760117394
284.816681521,14.626849898,40.806662294,1.741415582
284.866681523,14.642747395,40.876769390,1.722705873
284.916681526,14.658594503,40.946979196,1.704014198
284.966681528,14.674453975,41.017169879,1.685325231
285.016681531,14.690416092,41.087301577,1.666611148
285.066681534,14.706431293,41.157476079,1.647918837
285.116681536,14.722287184,41.227635856,1.629230235
285.166681539,14.738154101,41.297866000,1.610526044
285.216681541,14.754132744,41.368115627,1.591814345
285.266681544,14.770224907,41.438571181,1.573095527
285.316681547,14.786268384,41.509170565,1.554397764
285.366681549,14.802329618,41.579857360,1.535685658
285.416681552,14.818387233,41.650745673,1.516965315
285.466681554,14.834537253,41.721739704,1.498250742
285.516681557,14.850731901,41.792754577,1.479516825
285.566681560,14.866954314,41.863883356,1.460771739
285.616681562,14.883028919,41.935162479,1.442046768
285.666681565,14.899099583,42.006468095,1.423315958
285.716681567,14.915211205,42.077715340,1.404573390
285.766681570,14.931406172,42.148857390,1.385845356
285.816681573,14.947565680,42.219957122,1.367108542
285.866681575,14.963835091,42.291159935,1.348361215
285.916681578,14.980161622,42.362289213,1.329612857
285.966681580,14.996509978,42.433336875,1.310866033
286.016681583,15.012863458,42.504268280,1.292106079
286.066681586,15.029290877,42.575174809,1.273362197
286.116681588,15.045666136,42.645972660,1.254614473
286.166681591,15.062101220,42.716704076,1.235852596
286.216681594,15.078526823,42.787330241,1.217093069
286.266681596,15.095000958,42.857868266,1.198315090
286.316681599,15.111442853,42.928367334,1.179555604
286.366681601,15.127887026,42.998764131,1.160793840
286.416681604,15.144320515,43.069062446,1.142025625
286.466681607,15.160789065,43.139309625,1.123256971
286.516681609,15.177162782,43.209538397,1.104493861
286.566681612,15.193580444,43.279695130,1.085714761
286.616681614,15.210097578,43.349718357,1.066936215
286.666681617,15.226695597,43.419565769,1.048178102
286.716681620,15.243276004,43.489385123,1.029416852
286.766681622,15.259886052,43.559096683,1.010680933
286.816681625,15.274212328,43.628386559,1.000758723
286.866681627,15.288487186,43.697540622,0.998437685
286.916681630,15.303244205,43.766738739,0.997604744
286.966681633,15.318231659,43.836008311,0.997346086
287.016681635,15.333251723,43.905278312,0.997252027
287.066681638,15.348308206,43.974529873,0.997200949
287.116681640,15.363404860,44.043746623,0.997159900
287.166681643,15.378510471,44.112957438,0.997124019
287.216681646,15.393613435,44.182074826,0.997086748
287.266681648,15.408737333,44.251121570,0.997047905
287.316681651,15.423863858,44.320192002,0.997008266
287.366681654,15.438969888,44.389292426,0.996968320
287.416681656,15.454091096,44.458389526,0.996927007
287.466681659,15.469228101,44.527488199,0.996891116
287.516681661,15.484396322,44.596584005,0.996852236
287.566681664,15.499569590,44.665644563,0.996815853
287.616681667,15.514735264,44.734672992,0.996777778
287.666681669,15.529931046,44.803709914,0.996739657
287.716681672,15.545127557,44.872739169,0.996704738
287.766681674,15.560366093,44.941798095,0.996665908
287.816681677,15.575651745,45.010926863,0.996630633
287.866681680,15.590951281,45.080062289,0.996592347
287.916681682,15.606251766,45.149165548,0.996555664
287.966681685,15.621572618,45.218242593,0.996516754
288.016681687,15.636888036,45.287292684,0.996485378
288.066681690,15.652180621,45.356317805,0.996451662
288.116681693,15.667473403,45.425317445,0.996415801
288.166681695,15.682764676,45.494302781,0.996375946
288.216681698,15.698078586,45.563274978,0.996336530
288.266681700,15.713431355,45.632189793,0.996296787
288.316681703,15.728824974,45.701082803,0.996256151
288.366681706,15.744243051,45.770000745,0.996219668
288.416681708,15.759670834,45.838918138,0.996183416
288.466681711,15.775116259,45.907833346,0.996147317
288.516681713,15.790574426,45.976765550,0.996114657
288.566681716,15.806051012,46.045700321,0.996077605
288.616681719,15.821562001,46.114659176,0.996038893
288.666681721,15.837097618,46.183600509,0.996000489
288.716681724,15.852606881,46.252509547,0.996042975
288.766681727,15.868221129,46.321341597,0.996019472
288.816681729,15.883946722,46.390115440,0.996073761
288.866681732,15.899694238,46.458739669,0.996125080
288.916681734,15.915174862,46.526793021,1.000477390
288.966681737,15.932872177,46.594084469,1.007124891
289.016681740,15.951722373,46.660662627,1.013266565
289.066681742,15.971426638,46.726717032,1.017717210
289.116681745,15.991612817,46.792396324,1.020268004
289.166681747,16.011991461,46.857837225,1.021933027
289.216681750,16.032578080,46.923124767,1.022930810
289.266681753,16.053208669,46.988232836,1.023528909
289.316681755,16.073848266,47.053210206,1.023959296
289.366681758,16.094520005,47.118130774,1.024200190
289.416681760,16.115219705,47.182958721,1.024352963
289.466681763,16.135939445,47.247722537,1.024460759
289.516681766,16.156700223,47.312447622,1.024531231
289.566681768,16.177488445,47.377142455,1.024592073
289.616681771,16.198320583,47.441876201,1.024651532
289.666681773,16.219190035,47.506626680,1.024685837
289.716681776,16.240077724,47.571352876,1.024692686
289.766681779,16.260995465,47.636054707,1.024691152
289.816681781,16.281961798,47.700772612,1.024725453
289.866681784,16.302962303,47.765487074,1.024715842
289.916681786,16.323926291,47.830174183,1.024723796
289.966681789,16.344930691,47.894881133,1.024735637
290.016681792,16.366008647,47.959610754,1.024740154
290.066681794,16.387121640,48.024386883,1.024749510
290.116681797,16.408274352,48.089204950,1.024776192
290.166681800,16.429489622,48.154072421,1.024806933
290.216681802,16.450776707,48.219011053,1.024800029
290.266681805,16.472094306,48.283994737,1.024797559
290.316681807,16.493415440,48.349011354,1.024784368
290.366681810,16.514808376,48.414150564,1.024774307
290.416681813,16.536249002,48.479419358,1.024756245
290.466681815,16.557722819,48.544765337,1.024766101
290.516681818,16.579276021,48.610228310,1.024774200
290.566681820,16.600897616,48.675809414,1.024751545
290.616681823,16.622529628,48.741487234,1.024742504
290.666681826,16.644163527,48.807203437,1.024755051
290.716681828,16.665842711,48.872994321,1.024769355
290.766681831,16.687606700,48.938889519,1.024762220
290.816681833,16.709467437,49.004888748,1.024743456
290.866681836,16.730293900,49.071507761,1.024721421
290.916681839,16.748915623,49.139408219,1.024729913
290.966681841,16.766743850,49.207905579,1.024719352
291.016681844,16.784385761,49.276652598,1.024719291
291.066681846,16.801983161,49.345562279,1.024720577
291.116681849,16.819580604,49.414572801,1.024722972
291.166681852,16.837202236,49.483697500,1.024718146
291.216681854,16.854856213,49.552927381,1.024720052
291.266681857,16.872571397,49.622239904,1.024723746
291.316681860,16.890350442,49.691649804,1.024720215
291.366681862,16.908175971,49.761147703,1.024719664
291.416681865,16.926047694,49.830741291,1.024719990
291.466681867,16.943964079,49.900410841,1.024720075
291.516681870,16.961946209,49.970142889,1.024718453
291.566681873,16.979986423,50.039958066,1.024728982
291.616681875,16.998063479,50.109834329,1.024733841
291.666681878,17.016178832,50.179762970,1.024755845
291.716681880,17.034411224,50.249767321,1.024767746
291.766681883,17.052711879,50.319854098,1.024767867
291.816681886,17.071060169,50.390024486,1.024771371
291.866681888,17.089470342,50.460287481,1.024776244
291.916681891,17.107941917,50.530648834,1.024780192
291.966681893,17.126468634,50.601101666,1.024785341
292.016681896,17.145047953,50.671638940,1.024788852
292.066681899,17.163667280,50.742264977,1.024794718
292.116681901,17.182345756,50.812983419,1.024790196
292.166681904,17.201044960,50.883796186,1.024793126
292.216681906,17.219784714,50.954715387,1.024793121
292.266681909,17.238558208,51.025733546,1.024796138
292.316681912,17.257376708,51.096844355,1.024795458
292.366681914,17.276236090,51.168018648,1.024791894
292.416681917,17.295123671,51.239285930,1.024794767
292.466681919,17.314040608,51.310672470,1.024792304
292.516681922,17.332992003,51.382157330,1.024789126
292.566681925,17.351983646,51.453737568,1.024789504
292.616681927,17.371009939,51.525429955,1.024793213
292.666681930,17.390086904,51.597225532,1.024795880
292.716681933,17.409230166,51.669119197,1.024791758
292.766681935,17.428459072,51.741105211,1.024796701
292.816681938,17.447756859,51.813168090,1.024790039
292.866681940,17.467101436,51.885332271,1.024795286
292.916681943,17.486500974,51.957584462,1.024796319
292.966681946,17.505933709,52.029927619,1.024797399
293.016681948,17.525400124,52.102374056,1.024797780
293.066681951,17.544913227,52.174921875,1.024796564
293.116681953,17.564460656,52.247540980,1.024799572
293.166681956,17.584048045,52.320212827,1.024796854
293.216681959,17.603661465,52.392952881,1.024795742
293.266681961,17.623321682,52.465802552,1.024796183
293.316681964,17.643039818,52.538742469,1.024790666
293.366681966,17.662794258,52.611769852,1.024787821
293.416681969,17.682603817,52.684903297,1.024788624
293.466681972,17.702463164,52.758123455,1.024796298
293.516681974,17.722382783,52.831443316,1.024799908
293.566681977,17.742380500,52.904832620,1.024803608
293.616681979,17.762442402,52.978310341,1.024798903
293.666681982,17.782559779,53.051921358,1.024789940
293.716681985,17.802722173,53.125616940,1.024786483
293.766681987,17.822955978,53.199394614,1.024780025
293.816681990,17.843225914,53.273256906,1.024789358
293.866681993,17.863545491,53.347235047,1.024797369
293.916681995,17.883913207,53.421314755,1.024797744
293.966681998,17.904326225,53.495519066,1.024803737
294.016682000,17.924796045,53.569825896,1.024801702
294.066682003,17.945296100,53.644230070,1.024798188
294.116682006,17.965851450,53.718694440,1.024792985
294.166682008,17.986452400,53.793252150,1.024793713
294.216682011,18.007103058,53.867902131,1.024793366
294.266682013,18.027810566,53.942625702,1.024792361
294.316682016,18.048572431,54.017412078,1.024789321
294.366682019,18.069369605,54.092308753,1.024793206
294.416682021,18.090215894,54.167306000,1.024788031
294.466682024,18.111105211,54.242413349,1.024787504
294.516682026,18.132077378,54.317672451,1.024776881
294.566682029,18.153099658,54.393025639,1.024772558
294.616682032,18.174161140,54.468464299,1.024756245
294.666682034,18.195255278,54.543988266,1.024766966
294.716682037,18.216411852,54.619600600,1.024774804
294.766682039,18.237599186,54.695306957,1.024778173
294.816682042,18.258812086,54.771109401,1.024781475
294.866682045,18.280062129,54.846994525,1.024786337
294.916682047,18.301366033,54.922961800,1.024792603
294.966682050,18.322714999,54.999020948,1.024797218
295.016682052,18.344124931,55.075188988,1.024796974
295.066682055,18.365589369,55.151470321,1.024792632
295.116682058,18.387098468,55.227852162,1.024791460
295.166682060,18.408671518,55.304332471,1.024793784
295.216682063,18.430283975,55.380908133,1.024791030
295.266682066,18.451931659,55.457571029,1.024791026
295.316682068,18.473622873,55.534316391,1.024791186
295.366682071,18.495360301,55.611159935,1.024790389
295.416682073,18.517164768,55.688111881,1.024790855
295.466682076,18.539026938,55.765157349,1.024790759
295.516682079,18.560957954,55.842281937,1.024795577
295.566682081,18.582952913,55.919480996,1.024800397
295.616682084,18.605032964,55.996732609,1.024806807
295.666682086,18.627189270,56.074061322,1.024812289
295.716682089,18.649386546,56.151488588,1.024816386
295.766682092,18.671617853,56.229025273,1.024816669
295.816682094,18.693905439,56.306654834,1.024824717
295.866682097,18.716238542,56.384368874,1.024834321
295.916682099,18.738616301,56.462156892,1.024836535
295.966682102,18.761056134,56.539990783,1.024848916
296.016682105,18.783527006,56.617925823,1.024848422
296.066682107,18.806033295,56.695954556,1.024850923
296.116682110,18.828581060,56.774057941,1.024852272
296.166682112,18.851171424,56.852238449,1.024856090
296.216682115,18.873801229,56.930507500,1.024860908
296.266682118,18.896469995,57.008881412,1.024869633
296.316682120,18.919187119,57.087333988,1.024871850
296.366682123,18.941929638,57.165864207,1.024881348
296.416682126,18.964694602,57.244508499,1.024884256
296.466682128,18.987505491,57.323246544,1.024888638
296.516682131,19.010362266,57.402048853,1.024889027
296.566682133,19.033257970,57.480928146,1.024888576
296.616682136,19.056204177,57.559914312,1.024892454
296.666682139,19.079213573,57.638960595,1.024891266
296.716682141,19.102269476,57.718062546,1.024898334
296.766682144,19.125375175,57.797251247,1.024903325
296.816682146,19.148516495,57.876530335,1.024908079
296.866682149,19.171715154,57.955896178,1.024913177
296.916682152,19.194963966,58.035343513,1.024913229
296.966682154,19.218264946,58.114859100,1.024913549
297.016682157,19.241592017,58.194451659,1.024916257
297.066682159,19.264925514,58.274125733,1.024923819
297.116682162,19.288296562,58.353893472,1.024937147
297.166682165,19.311707376,58.433748322,1.024938881
297.216682167,19.335152785,58.513692406,1.024941763
297.266682170,19.358655837,58.593736564,1.024942575
297.316682172,19.382183637,58.673871398,1.024948346
297.366682175,19.405751942,58.754099968,1.024948138
297.416682178,19.429378476,58.834402262,1.024950761
297.466682180,19.453064720,58.914781528,1.024953110
297.516682183,19.476801102,58.995249782,1.024956954
297.566682185,19.500583710,59.075810472,1.024965930
297.616682188,19.524424715,59.156465086,1.024972434
297.666682191,19.548313861,59.237211299,1.024978649
297.716682193,19.572241691,59.318044459,1.024983981
297.766682196,19.596237444,59.398974553,1.024980820
297.816682199,19.620273819,59.479991549,1.024977186
297.866682201,19.644351623,59.561121636,1.024986862
297.916682204,19.668493027,59.642343632,1.024992238
297.966682206,19.692680929,59.723622314,1.024994415
298.016682209,19.716894451,59.804989794,1.025000555
298.066682212,19.741141422,59.886447809,1.025005878
298.116682214,19.765432310,59.968001901,1.025013557
298.166682217,19.789798346,60.049654955,1.025018803
298.216682219,19.814249084,60.131389104,1.025027893
298.266682222,19.838746419,60.213230663,1.025027575
