t,x,y,yaw_deg
187.316676435,0.000000000,0.000000000,0.000000000
187.366676438,0.004204789,0.000467773,-0.020830548
187.416676441,0.000507429,0.001107773,-0.054285382
187.466676443,-0.002967775,-0.002202812,-0.007588053
187.516676446,-0.000949150,-0.001733361,-0.007618609
187.566676449,0.002039335,-0.006046921,0.002913023
187.616676451,0.000359623,-0.004872102,-0.016851811
187.666676454,-0.002161671,0.000452948,-0.036127080
187.716676456,-0.000999758,-0.000858080,-0.024068294
187.766676459,-0.001386015,-0.001346946,-0.008887008
187.816676462,-0.000500194,0.002235483,-0.014847480
187.866676464,-0.003764144,0.002223611,-0.039455092
187.916676467,-0.001999508,0.007141815,-0.061083142
187.966676469,-0.003746190,0.000317318,-0.045049672
188.016676472,0.000113145,-0.004356933,-0.021721615
188.066676475,0.005403687,-0.006713482,0.009147781
188.116676477,0.002793918,-0.002317798,0.027357557
188.166676480,-0.003879993,0.002720365,0.014652531
188.216676482,-0.002939810,-0.006420723,-0.017653969
188.266676485,-0.000871109,-0.007543053,0.002671617
188.316676488,-0.002657891,-0.002302937,-0.025597458
188.366676490,0.000306035,0.003312841,-0.085264223
188.416676493,0.000022092,-0.000398964,-0.065912583
188.466676495,0.001915833,-0.002036853,-0.039397773
188.516676498,0.002105672,0.000265790,-0.006901599
188.566676501,0.000641193,-0.002865282,-0.013150431
188.616676503,0.001011165,-0.001358736,-0.015270818
188.666676506,0.000100893,0.002526898,-0.047041163
188.716676509,-0.000945621,0.000376755,-0.046139307
188.766676511,-0.002335578,-0.001003789,-0.017752795
188.816676514,-0.001156489,-0.003009157,-0.013209813
188.866676516,-0.002141455,-0.007503792,0.031114564
188.916676519,-0.003664213,-0.006048981,0.028436882
188.966676522,0.002343413,0.001432728,-0.077854247
189.016676524,0.001834700,-0.001766600,-0.058633200
189.066676527,0.001167378,-0.003471589,-0.046758568
189.116676529,0.001712834,-0.000078758,-0.016209279
189.166676532,0.001715816,-0.002547809,0.022354291
189.216676535,-0.002179283,-0.002107737,-0.017484590
189.266676537,-0.005252045,-0.007704321,0.027385827
189.316676540,-0.001694889,-0.008310328,0.017444222
189.366676542,-0.009005891,-0.008789237,0.070510304
189.416676545,-0.004132995,-0.002406992,0.044878777
189.466676548,0.000873508,-0.002936368,-0.004345956
189.516676550,0.002650644,-0.005595200,-0.015387521
189.566676553,-0.004959598,0.001344106,-0.034596957
189.616676555,-0.002597410,0.002243507,-0.043085594
189.666676558,0.004396229,-0.000651731,-0.040412370
189.716676561,0.002558639,0.003812488,-0.015566277
189.766676563,0.001875606,-0.000545521,-0.004257807
189.816676566,0.000955802,-0.001747787,-0.027530101
189.866676568,0.000140041,0.002652138,-0.065877974
189.916676571,0.000458319,-0.000703295,-0.074495779
189.966676574,-0.000760859,-0.001641946,-0.044154867
190.016676576,0.000510626,0.000691587,0.000985993
190.066676579,0.002350757,0.005076298,-0.047547677
190.116676582,0.001347760,-0.002004095,-0.081496585
190.166676584,-0.001162265,-0.002515468,-0.006919464
190.216676587,-0.001513501,-0.000534864,-0.015523915
190.266676589,0.006217413,-0.006084732,-0.008246622
190.316676592,0.000742599,-0.001949387,0.003140076
190.366676595,0.001874443,-0.001611267,-0.016090502
190.416676597,0.001815529,-0.002125836,-0.004664606
190.466676600,-0.000829810,-0.005420641,0.008704525
190.516676602,-0.002011830,-0.005720319,-0.022185899
190.566676605,0.002358450,0.003891960,-0.108387008
190.616676608,-0.000976938,0.001240236,-0.075084341
190.666676610,-0.008009777,0.011602562,-0.084808882
190.716676613,0.000986853,0.007953636,-0.048117919
190.766676615,-0.002401955,-0.000106048,0.025562861
190.816676618,-0.001815721,-0.002420628,0.023908710
190.866676621,0.001568656,-0.000939294,-0.087680300
190.916676623,-0.001457660,-0.001749015,-0.083991879
190.966676626,-0.004669982,-0.002726363,-0.042982764
191.016676628,-0.002415277,-0.000956984,-0.006675109
191.066676631,-0.001604242,-0.002893799,-0.011358428
191.116676634,-0.001742874,-0.004434266,-0.041258927
191.166676636,0.000208819,-0.000255978,-0.041829093
191.216676639,-0.001202896,-0.004087051,-0.072517037
191.266676642,0.001134996,-0.000072599,-0.081695153
191.316676644,0.002195199,0.001040095,-0.074813986
191.366676647,-0.000160007,-0.005015741,-0.028084379
191.416676649,-0.000068565,-0.003006196,-0.011700733
191.466676652,-0.003954590,-0.006457982,0.041753261
191.516676655,-0.002397633,-0.005414824,0.061918453
191.566676657,0.000070653,-0.002748227,0.025051883
191.616676660,-0.002862137,-0.002572577,-0.007741661
191.666676662,0.000099671,0.003215088,-0.066560234
191.716676665,-0.000087065,0.000674289,-0.064655155
191.766676668,-0.002218405,-0.002054985,-0.004707639
191.816676670,-0.001459541,-0.002436095,0.012083659
191.866676673,0.002531918,-0.000516128,-0.080832633
191.916676675,0.002622749,0.000247295,-0.066418098
191.966676678,-0.003001297,0.004886337,-0.074367127
192.016676681,-0.000149042,0.001516859,-0.065739954
192.066676683,-0.003114231,0.000723634,-0.030456677
192.116676686,-0.003818574,-0.001217068,-0.048754107
192.166676688,0.001489804,0.000227104,-0.082193061
192.216676691,0.002542917,-0.002431586,-0.093588065
192.266676694,0.001785701,-0.001057637,-0.088468293
192.316676696,-0.000989243,-0.000621234,0.002624069
192.366676699,0.000441721,0.003310760,-0.046391682
192.416676701,-0.001080700,-0.002818284,-0.091049467
192.466676704,-0.000641152,-0.001303699,-0.078229999
192.516676707,0.000347412,-0.001749190,-0.072451191
192.566676709,0.000961812,-0.002195251,-0.064270484
192.616676712,-0.000304604,0.000253250,-0.046256848
192.666676715,-0.000026564,-0.002587813,-0.027181458
192.716676717,0.001213194,-0.004101824,-0.005447338
192.766676720,0.000052150,-0.004351770,0.013898041
192.816676722,-0.001501517,-0.004248333,0.024020427
192.866676725,-0.001550095,-0.004469503,0.014563895
192.916676728,-0.001192800,-0.002577712,0.015196516
192.966676730,0.000846920,-0.002710106,0.001805553
193.016676733,-0.000925291,-0.003272569,0.000749800
193.066676735,-0.002988764,-0.001020255,0.004628121
193.116676738,-0.001093358,-0.000524332,0.028403575
193.166676741,-0.007609740,0.005186685,-0.065088546
193.216676743,-0.001587506,-0.002121240,-0.053587006
193.266676746,-0.001578168,-0.005121642,-0.031901786
193.316676748,0.000144364,-0.002219400,0.007940436
193.366676751,-0.001644776,-0.001841875,0.031914045
193.416676754,-0.001627545,-0.004613650,0.024114344
193.466676756,0.001735745,-0.002525506,-0.020504833
193.516676759,0.000781901,0.002521005,-0.053005786
193.566676761,-0.002289719,-0.003070206,0.006501482
193.616676764,-0.003330189,-0.006383797,-0.000899123
193.666676767,-0.000563913,0.000050798,-0.042128747
193.716676769,-0.000252879,0.001506636,-0.037219219
193.766676772,-0.000266539,-0.000967180,-0.022853564
193.816676774,-0.002257597,-0.002492453,-0.074280572
193.866676777,-0.000823677,-0.000504698,-0.084826288
193.916676780,0.000407982,0.002620694,-0.042085594
193.966676782,0.001032795,0.001874884,-0.014838029
194.016676785,0.000631683,0.002970221,-0.044426012
194.066676788,-0.002790224,-0.000266978,0.004160056
194.116676790,-0.002173900,-0.003500778,0.001262499
194.166676793,-0.000316936,-0.002410694,-0.021683532
194.216676795,-0.000187173,-0.002724033,-0.024734273
194.266676798,0.001980718,-0.001395157,-0.012969606
194.316676801,0.001961704,0.001085892,-0.022193454
194.366676803,0.000027406,0.000670032,-0.037022962
194.416676806,0.000376461,0.000027504,-0.040686197
194.466676808,0.001686103,-0.004956238,-0.015756249
194.516676811,0.000310889,-0.002892791,-0.031789316
194.566676814,-0.002167600,-0.008346177,0.077006381
194.616676816,0.000107821,-0.008055383,0.107094308
194.666676819,-0.000530817,-0.003292637,0.044499695
194.716676821,-0.001518933,-0.006143114,-0.013281363
194.766676824,-0.000105474,-0.001746818,-0.050255107
194.816676827,0.000818614,0.001378522,-0.048935949
194.866676829,-0.001662902,-0.005251717,0.012184915
194.916676832,-0.003795509,-0.008400894,0.010915104
194.966676834,-0.002560196,-0.008267472,-0.005264878
195.016676837,-0.002179747,-0.007088111,0.002438276
195.066676840,-0.002499004,0.001552737,-0.061554134
195.116676842,-0.000674765,0.000497446,-0.047602755
195.166676845,0.000961736,-0.002735636,-0.028167841
195.216676848,-0.000649776,0.003015780,-0.030169374
195.266676850,-0.000896165,0.005807788,-0.054818416
195.316676853,-0.000728811,0.001173397,-0.065616113
195.366676855,0.007573426,-0.004537811,-0.084256021
195.416676858,0.002508856,-0.001172702,-0.071572483
195.466676861,0.000962119,-0.001946925,-0.046496699
195.516676863,0.001447279,-0.002214543,-0.005157272
195.566676866,-0.000816925,-0.001071728,0.006589536
195.616676868,-0.001571813,-0.000423112,-0.011328907
195.666676871,-0.002703494,-0.003020241,-0.021330906
195.716676874,-0.001643137,-0.001030099,-0.013344485
195.766676876,0.003821801,-0.007088793,0.035301757
195.816676879,-0.000462388,-0.003251878,-0.029348418
195.866676881,-0.003546556,-0.007834810,0.029189866
195.916676884,-0.001911363,-0.006871725,0.034156887
195.966676887,-0.001767573,-0.010481496,0.055160221
196.016676889,0.000625085,-0.005792053,0.019081598
196.066676892,0.002027562,-0.002335725,0.017223483
196.116676894,0.000388044,-0.002044268,0.003176341
196.166676897,0.001363749,-0.011278748,0.043301493
196.216676900,-0.000441573,-0.004789686,0.004902323
196.266676902,-0.000336886,-0.001621712,0.018698669
196.316676905,-0.000421418,-0.001219467,0.000665355
196.366676907,0.001839456,0.000223349,-0.062803337
196.416676910,0.001655709,0.002585688,-0.033744759
196.466676913,0.000088957,0.005314881,-0.032554979
196.516676915,-0.000955799,0.004888324,-0.045998604
196.566676918,-0.001307848,0.000415663,-0.012529699
196.616676921,-0.001358973,-0.001029300,-0.007638941
196.666676923,0.002132842,0.001545575,-0.053003443
196.716676926,-0.001811278,-0.002778126,-0.064736278
196.766676928,-0.001468425,-0.002082976,-0.040185011
196.816676931,0.000392042,-0.000138599,-0.002043993
196.866676934,0.002739445,0.001438411,-0.020369841
196.916676936,0.001570521,-0.000115090,-0.035545118
196.966676939,0.001566328,-0.001032031,-0.029087743
197.016676941,0.002522892,0.000622492,-0.018895085
197.066676944,-0.000268964,0.003383161,-0.012187140
197.116676947,-0.001035635,0.001426500,-0.019414743
197.166676949,-0.001591441,0.001007717,-0.042549095
197.216676952,-0.001635801,0.000174476,-0.047316293
197.266676954,0.000500691,0.003260715,-0.096450833
197.316676957,0.000718580,0.004212384,-0.079990158
197.366676960,-0.001250604,0.000576024,-0.018045376
197.416676962,0.000239563,-0.003771636,-0.023131293
197.466676965,0.001124985,-0.003321604,-0.030407110
197.516676967,0.000838432,-0.002607739,-0.033640874
197.566676970,0.000759759,-0.003280134,-0.018050850
197.616676973,0.001401464,-0.004646009,0.001945456
197.666676975,0.000157000,-0.006894493,0.037754077
197.716676978,0.000786734,-0.004993696,0.019052190
197.766676981,0.001492052,-0.014851678,0.072151285
197.816676983,-0.000643874,-0.012003022,0.049972251
197.866676986,0.002409481,-0.000395723,-0.043646818
197.916676988,0.001985894,0.001417250,-0.042307565
197.966676991,-0.000377530,-0.001912788,-0.013584164
198.016676994,-0.000051139,-0.001241534,0.000418621
198.066676996,0.002079285,0.003795103,-0.032555165
198.116676999,0.001484912,0.003775249,-0.034282209
198.166677001,0.000823995,-0.002606876,0.003852509
198.216677004,0.002144251,-0.003767465,-0.023315012
198.266677007,0.001251708,-0.005696449,-0.039932521
198.316677009,0.000694721,-0.005707454,-0.045752360
198.366677012,-0.000836931,-0.000408335,-0.016820582
198.416677014,0.000706375,0.001106416,0.004690833
198.466677017,-0.000189151,-0.006066109,0.038318982
198.516677020,-0.001325850,-0.003761996,0.032017845
198.566677022,-0.001784631,-0.001760456,0.014041255
198.616677025,-0.001684755,-0.001829457,0.020631339
198.666677027,-0.002667411,-0.005539906,0.075655918
198.716677030,-0.002472441,-0.005628565,0.042263413
198.766677033,0.000873700,0.004348312,-0.037276277
198.816677035,-0.000184046,-0.001619351,-0.068679875
198.866677038,0.001868234,-0.000567163,-0.075639649
198.916677040,0.002081637,0.000859161,-0.089636304
198.966677043,-0.002763671,0.002132426,-0.063036075
199.016677046,0.000373772,-0.001184823,-0.028815166
199.066677048,0.000637103,-0.002026988,-0.053790053
199.116677051,0.001113127,-0.000623941,-0.025772974
199.166677054,0.001387210,-0.004584649,-0.019247564
199.216677056,0.000116349,-0.004404867,-0.043818187
199.266677059,-0.001572813,-0.002099327,-0.024947257
199.316677061,-0.001265013,-0.002995687,0.010703526
199.366677064,0.003836890,-0.006527319,0.004973480
199.416677067,0.000387262,-0.001773751,-0.008427897
199.466677069,0.000917686,0.003043040,-0.074215027
199.516677072,0.001338154,0.002488647,-0.059078821
199.566677074,-0.001346837,-0.005660457,0.038698576
199.616677077,-0.001623545,-0.007693610,0.022407382
199.666677080,-0.000797006,-0.004705691,-0.007340496
199.716677082,-0.000836052,-0.003706789,-0.032113360
199.766677085,0.000719321,-0.004035908,-0.055996601
199.816677087,-0.000517188,-0.001581711,-0.031105826
199.866677090,0.001205181,0.003778720,-0.088619105
199.916677093,0.003410419,0.009010919,-0.057492908
199.966677095,0.005304019,0.008030495,-0.065742534
200.016677098,0.001596233,0.000933243,-0.079795966
200.066677100,-0.002202632,-0.001878641,-0.069104350
200.116677103,-0.001259765,0.001559414,-0.049333210
200.166677106,-0.000077693,0.002704758,-0.049934190
200.216677108,-0.002213678,0.000822977,-0.052974811
200.266677111,0.000166771,-0.000229591,-0.059009555
200.316677113,0.001704773,0.003461396,-0.039176963
200.366677116,-0.004179174,0.009356767,-0.061068752
200.416677119,0.000758830,0.003669630,-0.038248961
200.466677121,0.002166022,0.001229943,-0.031899696
200.516677124,0.000706742,0.000910084,-0.061960118
200.566677127,-0.000915537,-0.002530290,-0.029670082
200.616677129,-0.000825439,-0.003432773,-0.008059355
200.666677132,0.001705801,-0.001116750,-0.033227706
200.716677134,0.001964777,-0.002610595,-0.046172986
200.766677137,0.000895469,-0.006394919,-0.004912541
200.816677140,0.000037522,-0.003888311,-0.016311899
200.866677142,-0.002177512,-0.000355095,-0.025464396
200.916677145,-0.001027014,-0.001875348,-0.023719036
200.966677147,0.001181402,-0.000352278,-0.059214617
201.016677150,0.002733995,0.000936308,-0.035798528
201.066677153,0.001661554,0.001823655,-0.027131757
201.116677155,-0.000119038,-0.002636181,-0.053491675
201.166677158,0.002081032,-0.001905951,-0.062023403
201.216677160,0.002338180,-0.000187747,-0.068381152
201.266677163,-0.000091413,-0.003932025,-0.005400685
201.316677166,-0.000883100,-0.005100978,-0.007772516
201.366677168,0.002928675,0.000447152,-0.042229712
201.416677171,0.002959903,0.000171862,-0.042111222
201.466677173,-0.002543025,-0.010573789,0.099828446
201.516677176,-0.001421125,-0.006837204,0.059949065
201.566677179,0.000439711,-0.003678415,0.011870540
201.616677181,0.000329525,-0.002278770,0.018525030
201.666677184,0.000951010,-0.000719520,0.006192072
201.716677187,0.002430653,-0.001041149,0.012553503
201.766677189,-0.002231406,-0.005991599,0.058416649
201.816677192,-0.003228893,-0.007448211,0.035595142
201.866677194,-0.004179927,0.003712789,-0.030415159
201.916677197,0.000504349,0.001208266,-0.012845618
201.966677200,0.001057943,0.003318782,-0.028415064
202.016677202,0.001233469,-0.000357890,-0.043906673
202.066677205,0.001327701,-0.003179082,-0.046391029
202.116677207,0.000939314,0.001189145,-0.024799706
202.166677210,-0.000522265,-0.008740513,0.024238783
202.216677213,0.000121875,-0.009593805,0.018116435
202.266677215,-0.002058437,-0.006549747,0.033603808
202.316677218,-0.001029643,-0.006840208,0.026627778
202.366677220,-0.000206827,-0.001354653,-0.013162976
202.416677223,-0.002402075,-0.001370521,-0.023725117
202.466677226,0.000006823,0.000524419,-0.045583507
202.516677228,0.001477430,0.002326152,-0.036959964
202.566677231,0.001938576,0.002537868,-0.033847365
202.616677233,-0.000774427,0.002959083,-0.082902039
202.666677236,-0.000508726,-0.005210780,-0.025654607
202.716677239,-0.002761496,-0.003671269,-0.036616192
202.766677241,-0.001741493,-0.005213805,0.014320575
202.816677244,-0.002015185,-0.005231262,0.014742627
202.866677246,-0.000097393,-0.001039679,-0.024483917
202.916677249,-0.000456916,0.000018939,-0.028259576
202.966677252,-0.000460070,0.000904839,-0.002222867
203.016677254,-0.000226909,0.001544597,-0.004352396
203.066677257,-0.003112856,-0.001885891,0.048827447
203.116677260,-0.002615964,-0.003681299,0.036456241
203.166677262,0.001640769,-0.000742460,-0.022132226
203.216677265,0.000518138,-0.001287414,-0.054564009
203.266677267,-0.001977729,-0.002443014,-0.018437969
203.316677270,-0.001111161,-0.003374386,0.004597585
203.366677273,0.001867521,-0.001805608,-0.027388298
203.416677275,0.001171290,0.000206686,-0.032927709
203.466677278,-0.001855692,-0.000543255,-0.009119323
203.516677280,-0.001412519,0.000168480,-0.005027307
203.566677283,-0.000072764,-0.000938899,0.000765711
203.616677286,-0.000103357,-0.002637848,-0.034959071
203.666677288,-0.001343341,-0.002410754,-0.024122630
203.716677291,-0.000797497,-0.000660548,0.026179982
203.766677293,-0.000038708,-0.001414871,0.034408689
203.816677296,0.001199954,-0.003511187,0.035119786
203.866677299,0.001354683,-0.003711583,0.035919393
203.916677301,-0.000671989,-0.002850209,0.026668264
203.966677304,0.000190235,-0.001161365,0.010811914
204.016677306,0.001310772,-0.001426302,-0.030097958
204.066677309,0.000099303,-0.000037197,0.003119349
204.116677312,-0.001736595,0.002264292,-0.021264983
204.166677314,0.002664580,0.001131853,-0.061423515
204.216677317,0.002018715,-0.002273521,-0.066763506
204.266677320,0.000845155,0.001781358,-0.079990869
204.316677322,0.001078782,0.001330713,-0.074251545
204.366677325,-0.004007773,0.000480757,-0.011838263
204.416677327,-0.000258754,0.000339808,-0.003974860
204.466677330,-0.002683348,0.002214093,0.003763637
204.516677333,0.000723245,0.000518229,0.027631376
204.566677335,0.002071357,-0.001721911,0.023042829
204.616677338,0.001634877,-0.002395312,0.025554972
204.666677340,-0.001608751,-0.004862861,0.067356419
204.716677343,-0.000330102,-0.006477548,0.061840666
204.766677346,0.004829389,-0.003878761,0.024993481
204.816677348,0.010782092,-0.005152227,0.063298325
204.866677351,0.017207503,-0.000878886,0.013084978
204.916677353,0.024063061,-0.006761808,0.050996879
204.966677356,0.031694508,-0.001790879,-0.038001580
205.016677359,0.038753891,-0.000760082,0.000060831
205.066677361,0.044236090,-0.004767801,0.001789115
205.116677364,0.050986761,-0.007162649,0.026805074
205.166677366,0.059709972,-0.006731764,0.003662501
205.216677369,0.063713050,-0.007327251,-0.000039268
205.266677372,0.073856720,-0.004795783,-0.026548098
205.316677374,0.081488112,-0.005290139,0.041774308
205.366677377,0.080732588,-0.010207399,0.094749568
205.416677379,0.088837072,-0.009969326,0.077189143
205.466677382,0.098150115,-0.008128383,0.008377827
205.516677385,0.104656631,-0.007693896,0.067868512
205.566677387,0.101381000,-0.004479122,0.080416315
205.616677390,0.115457452,-0.005893790,0.092812341
205.666677393,0.125122488,-0.005002058,0.010176380
205.716677395,0.132184009,-0.009491331,0.038539588
205.766677398,0.135967806,-0.012428892,0.086549002
205.816677400,0.144681963,-0.009224065,0.106361719
205.866677403,0.155339699,-0.004376475,0.007618898
205.916677406,0.161165617,-0.004995522,0.034822832
205.966677408,0.166606643,-0.004422600,0.009382589
206.016677411,0.173662422,-0.006716898,0.056793593
206.066677413,0.182058001,-0.004822854,0.007450447
206.116677416,0.189664502,-0.006327826,0.024423096
206.166677419,0.196614472,-0.004016423,-0.012659189
206.216677421,0.202835763,-0.005327682,0.038006464
206.266677424,0.207754855,-0.006507885,0.009216701
206.316677426,0.215645986,-0.008022386,0.077234997
206.366677429,0.224077468,-0.005542903,0.014070949
206.416677432,0.229604031,-0.010263268,0.027410605
206.466677434,0.237321478,-0.009908900,-0.005090418
206.516677437,0.243701793,-0.009194237,0.035891351
206.566677439,0.250848163,-0.006082573,-0.023469767
206.616677442,0.258193087,-0.004290061,0.038593434
206.666677445,0.260753993,-0.004298842,0.038279354
206.716677447,0.271699904,-0.003450454,0.049200858
206.766677450,0.280296931,0.002789872,-0.086126534
206.816677452,0.288395972,0.000319847,-0.027775867
206.866677455,0.297130023,0.000033721,-0.073876318
206.916677458,0.304047661,0.001210318,0.033460309
206.966677460,0.308154345,-0.004663157,0.007874858
207.016677463,0.316062183,-0.008192386,0.045155826
207.066677466,0.325819062,-0.012294506,0.063366909
207.116677468,0.331319405,-0.007829360,0.074743789
207.166677471,0.339174472,-0.006124310,0.006929649
207.216677473,0.346505636,-0.009803100,0.049361716
207.266677476,0.353913783,-0.008228132,-0.005690343
207.316677479,0.362759557,-0.006958670,0.058305048
207.366677481,0.370788103,-0.003345417,-0.005933549
207.416677484,0.377854109,-0.005386865,0.044345460
207.466677486,0.384453719,-0.005802072,-0.021455055
207.516677489,0.392319526,-0.009375608,0.048003080
207.566677492,0.399680835,-0.006814412,-0.008191098
207.616677494,0.407079149,-0.006267877,0.038279681
207.666677497,0.413052466,-0.005578064,-0.013109783
207.716677499,0.420485872,-0.007404864,0.019990852
207.766677502,0.428948394,-0.006865952,-0.013978442
207.816677505,0.434607600,-0.007238715,0.016753027
207.866677507,0.443005159,-0.007010376,-0.034198203
207.916677510,0.450264631,-0.009184808,0.011886075
207.966677512,0.455970428,-0.005393167,-0.013147730
208.016677515,0.462762644,-0.006069242,0.054112771
208.066677518,0.471102287,-0.006227776,-0.006380565
208.116677520,0.479890928,-0.006690996,0.057253229
208.166677523,0.487082824,-0.004055968,-0.016878760
208.216677526,0.493387448,-0.005720288,0.046635156
208.266677528,0.498834669,-0.006433664,0.011804481
208.316677531,0.507583641,-0.008314130,0.098338000
208.366677533,0.515946605,-0.004203537,-0.064222600
208.416677536,0.520590065,-0.001134700,-0.002551145
208.466677539,0.527268247,-0.000844648,-0.024966642
208.516677541,0.534985808,-0.003897624,0.032430013
208.566677544,0.543041627,-0.003120909,-0.020562601
208.616677546,0.548941826,-0.002081071,0.037183230
208.666677549,0.553690970,-0.002765059,0.012867650
208.716677552,0.560468671,-0.004348343,0.029238572
208.766677554,0.566004542,-0.007936910,0.033016234
208.816677557,0.573885768,-0.004205875,0.053250942
208.866677559,0.582414834,-0.004129125,-0.006504473
208.916677562,0.588997802,-0.009022608,0.022257863
208.966677565,0.597033801,-0.005116988,-0.016611713
209.016677567,0.602937649,-0.003073298,0.020251332
209.066677570,0.609115065,-0.004582176,-0.001102321
209.116677572,0.614893683,-0.003185436,0.048319499
209.166677575,0.616849786,0.000294018,-0.024272466
209.216677578,0.628407140,-0.005469607,0.034320681
209.266677580,0.638066377,-0.006742333,0.010059489
209.316677583,0.644159984,-0.006972777,0.054026766
209.366677585,0.648699531,-0.002368394,-0.012858478
209.416677588,0.657594999,-0.007570674,0.034245172
209.466677591,0.661222144,-0.007997496,0.010132709
209.516677593,0.669454552,-0.005070282,0.044886500
209.566677596,0.677176497,-0.003510037,-0.009155848
209.616677599,0.684340246,-0.004485424,0.072510999
209.666677601,0.687560809,-0.011109510,0.097974107
209.716677604,0.696126423,-0.009166610,0.099406145
209.766677606,0.709427849,-0.010823864,0.025468710
209.816677609,0.712537081,-0.007319930,0.052121651
209.866677612,0.718160322,-0.003804837,0.006291787
209.916677614,0.725047492,-0.004698731,0.048980782
209.966677617,0.733817742,-0.003337847,-0.020157074
210.016677619,0.739742783,-0.004562497,0.021408962
210.066677622,0.747372361,-0.009812363,0.059943843
210.116677625,0.754856827,-0.008376689,0.067462161
210.166677627,0.749566656,-0.012185685,0.138788260
210.216677630,0.763149097,-0.012790687,0.115688414
210.266677632,0.767289563,-0.005558608,-0.009390085
210.316677635,0.780260619,-0.005470211,0.022702974
210.366677638,0.787526186,-0.011658020,0.072763595
210.416677640,0.795576992,-0.012939015,0.077557242
210.466677643,0.804129958,-0.008348020,-0.006435372
210.516677645,0.812247975,-0.005534974,0.059733125
210.566677648,0.819745100,-0.004435341,-0.022856031
210.616677651,0.826742773,-0.004905996,0.025911245
210.666677653,0.832985196,-0.005225002,-0.005172673
210.716677656,0.841141329,-0.005852047,0.053940346
210.766677659,0.846022662,-0.007626662,0.032844523
210.816677661,0.854904557,-0.007544241,0.060722771
210.866677664,0.863986188,-0.005874287,-0.003228225
210.916677666,0.872317523,-0.006311343,0.050799440
210.966677669,0.878172107,-0.005865823,0.014455184
211.016677672,0.884820878,-0.008672032,0.060167414
211.066677674,0.893523629,-0.004517690,-0.006808549
211.116677677,0.901334719,-0.006771318,0.068525899
211.166677679,0.909419757,-0.005933380,-0.021967753
211.216677682,0.915741723,-0.004973358,0.027573506
211.266677685,0.923337233,-0.002627675,-0.044589727
211.316677687,0.930792982,-0.001780501,-0.009631408
211.366677690,0.936441580,-0.004753752,-0.020399842
211.416677692,0.945509716,-0.005880076,0.040633258
211.466677695,0.950906621,-0.005338432,0.004312310
211.516677698,0.959229098,-0.005237003,0.056659431
211.566677700,0.965273773,-0.006390672,0.031324195
211.616677703,0.972719932,-0.008362161,0.038992547
211.666677705,0.981215760,-0.007839917,0.009437948
211.716677708,0.987498255,-0.008099317,0.073618724
211.766677711,0.994476425,-0.008078469,0.019734122
211.816677713,1.001659464,-0.007289029,0.058278144
211.866677716,1.009922634,-0.008077813,-0.002780295
211.916677718,1.017307993,-0.009020542,0.057109503
211.966677721,1.024120078,-0.006312338,-0.006202395
212.016677724,1.030719630,-0.009205288,0.048860421
212.066677726,1.037073973,-0.009736697,0.011087650
212.116677729,1.043668533,-0.006837196,0.042974426
212.166677732,1.050322806,-0.007827689,0.023392271
212.216677734,1.058438587,-0.006209818,0.054378651
212.266677737,1.064597716,-0.007190686,-0.014986474
212.316677739,1.070774086,-0.009021447,0.049150338
212.366677742,1.075984386,-0.007102181,-0.003704022
212.416677745,1.083035040,-0.005467403,0.022816933
212.466677747,1.088839619,-0.003247939,-0.023459481
212.516677750,1.096204506,-0.005912008,0.010373973
212.566677752,1.100889636,-0.009797310,0.014728924
212.616677755,1.102048622,-0.011044480,0.026320751
212.666677758,1.099411424,-0.008782325,0.004325514
212.716677760,1.100587739,-0.007971460,-0.000001814
212.766677763,1.101889231,-0.008218004,0.014267276
212.816677765,1.101994748,-0.008597345,0.016998113
212.866677768,1.102844550,-0.007075090,0.029514910
212.916677771,1.102737149,-0.004771703,0.053968816
212.966677773,1.101514524,-0.005078157,0.042810667
213.016677776,1.101168643,-0.006623555,0.034835908
213.066677778,1.101311963,-0.008266876,0.037094759
213.116677781,1.101909975,-0.008017613,0.037418495
213.166677784,1.100404296,-0.003751080,-0.002736392
213.216677786,1.100405338,-0.002604454,0.014964261
213.266677789,1.100220564,-0.005693183,0.033686506
213.316677791,1.099468419,-0.009610863,0.025630137
213.366677794,1.099293917,-0.010162474,0.035493816
213.416677797,1.100462079,-0.007286879,0.041872892
213.466677799,1.100588576,-0.006501191,0.035008161
213.516677802,1.099987091,-0.007161512,0.039998436
213.566677805,1.099534433,-0.006582260,0.047187438
213.616677807,1.101601465,-0.006448053,0.096519408
213.666677810,1.098733467,-0.007263058,0.077598496
213.716677812,1.099699229,-0.005138689,0.091780972
213.766677815,1.098563936,-0.004810435,0.101554726
213.816677818,1.098250703,-0.006559451,0.110114862
213.866677820,1.097860962,-0.008719663,0.129547692
213.916677823,1.100521032,-0.003881862,0.160924016
213.966677825,1.098246413,-0.001377473,0.158462061
214.016677828,1.098396881,-0.005403404,0.137731686
214.066677831,1.099469752,-0.005829692,0.105587753
214.116677833,1.099456834,-0.004316528,0.147797220
214.166677836,1.098074746,-0.006124941,0.172172591
214.216677838,1.099616115,-0.008646290,0.176185566
214.266677841,1.098469356,-0.009545356,0.235199987
214.316677844,1.100776866,-0.004641845,0.264957417
214.366677846,1.099340590,-0.004451569,0.258334219
214.416677849,1.101043029,-0.003787459,0.255067601
214.466677851,1.099586446,-0.001778737,0.206485137
214.516677854,1.100303856,-0.001878526,0.239500439
214.566677857,1.099832211,-0.007877781,0.285892900
214.616677859,1.100470734,-0.009547655,0.291283380
214.666677862,1.099280611,-0.006934636,0.289502235
214.716677865,1.097016348,-0.004494463,0.273665704
214.766677867,1.097013978,-0.003662513,0.301113227
214.816677870,1.100540789,-0.002495839,0.332825344
214.866677872,1.095615234,-0.004601069,0.387549107
214.916677875,1.099085367,-0.005254668,0.419709104
214.966677878,1.098250544,-0.004463839,0.420300616
215.016677880,1.099259613,-0.003121603,0.429236477
215.066677883,1.085197429,-0.003317188,0.590117240
215.116677885,1.123209732,-0.001077219,1.268328079
215.166677888,1.063262475,-0.014650131,2.085033721
215.216677891,1.130704288,0.003501284,3.157384618
215.266677893,1.058819453,-0.013310124,4.144926032
215.316677896,1.130050214,0.008899231,5.266685178
215.366677898,1.060093744,-0.015946064,6.311188964
215.416677901,1.132729508,0.001833177,7.439053757
215.466677904,1.061695690,-0.014751037,8.459415925
215.516677906,1.133260830,0.007026952,9.572760300
215.566677909,1.065224014,-0.010376897,10.572727869
215.616677911,1.132809221,0.001230779,11.730392490
215.666677914,1.068020275,-0.012504679,12.673080613
215.716677917,1.130187464,0.005975502,13.882345568
215.766677919,1.068189434,-0.014821615,14.826733299
215.816677922,1.129732701,-0.001923572,16.106827304
215.866677924,1.071215535,-0.013628360,17.056517741
215.916677927,1.127669030,0.004458209,18.269037288
215.966677930,1.072562980,-0.009424492,19.149476762
216.016677932,1.129687153,-0.001569446,20.375006015
216.066677935,1.071699127,-0.011890189,21.267523108
216.116677938,1.126526113,-0.001673707,22.522909515
216.166677940,1.073350220,-0.012745434,23.418882941
216.216677943,1.128376402,0.000667152,24.641422042
216.266677945,1.070200798,-0.008722793,25.507675914
216.316677948,1.129846742,-0.000500252,26.789651285
216.366677951,1.065888327,-0.009297168,27.633980024
216.416677953,1.126023565,-0.001773215,28.965261064
216.466677956,1.074498052,-0.010267778,29.762619160
216.516677958,1.132623904,0.001550446,31.049349774
216.566677961,1.077973791,-0.008370903,31.910081928
216.616677964,1.126918729,0.000375304,33.253276617
216.666677966,1.075216520,-0.017672450,34.133047856
216.716677969,1.128142833,-0.006324289,35.391807360
216.766677971,1.074516666,-0.012249982,36.217874446
216.816677974,1.130510349,0.001763051,37.473470706
216.866677977,1.092009830,-0.011205395,38.101709344
216.916677979,1.105538297,-0.006843358,38.793013570
216.966677982,1.102601865,-0.004254542,38.882692508
217.016677984,1.103467054,-0.005743910,38.905889988
217.066677987,1.101184769,-0.007408279,38.932856256
217.116677990,1.101410961,-0.005786583,38.944566036
217.166677992,1.100768005,-0.005901339,38.931589992
217.216677995,1.099998259,-0.008144484,38.917423190
217.266677998,1.100275335,-0.011238687,38.911489307
217.316678000,1.101655793,-0.011033124,38.898547181
217.366678003,1.100714033,-0.005812987,38.898086446
217.416678005,1.100987942,-0.006383733,38.899527740
217.466678008,1.101496032,-0.009361271,38.894314984
217.516678011,1.099713882,-0.009430432,38.872937831
217.566678013,1.100359442,-0.007690940,38.810106267
217.616678016,1.100004299,-0.008701804,38.799483821
217.666678018,1.093467754,-0.008628878,38.840091845
217.716678021,1.097385436,-0.006986939,38.848331017
217.766678024,1.100556757,-0.007942293,38.807506094
217.816678026,1.100555327,-0.008109253,38.797101041
217.866678029,1.096094879,-0.005374026,38.788027826
217.916678031,1.100302005,-0.007515317,38.784346821
217.966678034,1.099610320,-0.007731356,38.785805636
218.016678037,1.099098669,-0.006636870,38.769514786
218.066678039,1.092692742,-0.004475154,38.785477802
218.116678042,1.097812364,-0.008423681,38.777605442
218.166678044,1.099468559,-0.009885281,38.777015457
218.216678047,1.114331485,-0.001798749,38.920438542
218.266678050,1.080832164,-0.016443846,39.402483268
218.316678052,1.130168031,-0.006407509,40.549173547
218.366678055,1.070638979,-0.016399399,41.462334392
218.416678057,1.125408603,0.006874874,42.566391197
218.466678060,1.079440632,-0.015369763,43.514009708
218.516678063,1.126402200,-0.005459568,44.817524421
218.566678065,1.073037016,-0.021165318,45.760485369
218.616678068,1.123788211,-0.000858097,47.005269546
218.666678071,1.081605238,-0.018378857,47.811879601
218.716678073,1.123684905,-0.001672083,49.153209288
218.766678076,1.083001090,-0.017253635,49.956356666
218.816678078,1.121215591,-0.006431386,51.312416613
218.866678081,1.080888501,-0.019158042,52.102414278
218.916678084,1.126637130,-0.004872122,53.451010708
218.966678086,1.080635925,-0.018723083,54.284247189
219.016678089,1.125021424,-0.006773032,55.578701599
219.066678091,1.080763058,-0.016049044,56.433221627
219.116678094,1.128931402,0.006274689,57.524086446
219.166678097,1.078427441,-0.015915767,58.600139791
219.216678099,1.124491728,-0.000234057,59.780474580
219.266678102,1.078772067,-0.020527755,60.765522379
219.316678104,1.121748085,-0.001574321,61.958456121
219.366678107,1.078430328,-0.024395092,62.958127221
219.416678110,1.122702213,-0.003320415,64.096089519
219.466678112,1.075686302,-0.025763973,65.157939883
219.516678115,1.119734103,0.002825677,66.210265733
219.566678117,1.077972268,-0.021985046,67.173492659
219.616678120,1.123312959,-0.000433431,68.370711541
219.666678123,1.081550722,-0.025280546,69.357232313
219.716678125,1.118044962,-0.004095648,70.538934511
219.766678128,1.079810692,-0.023068084,71.577313378
219.816678130,1.119617693,0.002786438,72.703902529
219.866678133,1.079930293,-0.025491406,73.692225114
219.916678136,1.122314463,-0.002609743,74.845789137
219.966678138,1.079680393,-0.025627277,75.858925891
220.016678141,1.121542748,0.000650962,77.040548385
220.066678144,1.078999538,-0.027180409,78.064903186
220.116678146,1.124039760,-0.006320004,79.134152921
220.166678149,1.115693283,-0.010614289,79.257077368
220.216678151,1.110472667,-0.006607616,79.448350160
220.266678154,1.106881202,-0.008961202,79.717747116
220.316678157,1.104432611,-0.010942438,79.726607013
220.366678159,1.103781444,-0.007588133,79.722957795
220.416678162,1.102820209,-0.007216304,79.731747032
220.466678164,1.104517628,-0.008385802,79.767920991
220.516678167,1.101334970,-0.009756481,79.767484336
220.566678170,1.099793447,-0.009693614,79.774358589
220.616678172,1.102167143,-0.007963475,79.787371878
220.666678175,1.104710575,-0.010065846,79.837758583
220.716678177,1.103888179,0.005959210,80.415434315
220.766678180,1.113772527,-0.019892366,81.174299935
220.816678183,1.098405157,-0.008129278,81.732595612
220.866678185,1.105791232,-0.011853731,81.985231069
220.916678188,1.100961818,-0.003414844,82.149618399
220.966678190,1.104251046,-0.015962292,82.675023080
221.016678193,1.096380104,0.002080904,83.435098471
221.066678196,1.104379434,-0.017277970,84.056682336
221.116678198,1.100008931,-0.007834675,84.222286495
221.166678201,1.102090633,-0.012991268,84.372918778
221.216678204,1.103121430,0.002663541,85.020010918
221.266678206,1.112206729,-0.013834583,85.773013291
221.316678209,1.105485470,-0.010067489,86.425281992
221.366678211,1.103347404,-0.013379607,86.566514998
221.416678214,1.101935759,-0.012670493,86.594586279
221.466678217,1.106436911,-0.014472780,86.668895933
221.516678219,1.112957840,0.004101139,87.380594646
221.566678222,1.111859283,-0.015771519,88.043328998
221.616678224,1.105564320,-0.002035313,88.727652804
221.666678227,1.105391584,-0.008604845,88.812543616
221.716678230,1.101422794,0.000213792,89.022436454
221.766678232,1.101863602,-0.015599264,89.559713639
221.816678235,1.097447912,0.000871505,90.401275179
221.866678237,1.103937025,-0.009821803,91.014343864
221.916678240,1.103993363,-0.005638822,91.124271403
221.966678243,1.102370167,-0.007287247,91.187552121
222.016678245,1.103334283,-0.001657046,91.302394107
222.066678248,1.105692998,-0.018850630,91.927747785
222.116678250,1.100246452,0.002998882,92.715272155
222.166678253,1.102854750,-0.009206782,93.273924620
222.216678256,1.099273844,-0.003712761,93.420117153
222.266678258,1.101308857,-0.005178741,93.479553271
222.316678261,1.101495278,-0.004428571,93.488620540
222.366678263,1.104401670,-0.002588122,93.517232963
222.416678266,1.104098349,-0.001965070,93.541183831
222.466678269,1.103895636,-0.005058243,93.578943686
222.516678271,1.103780299,-0.008712933,93.576797217
222.566678274,1.105008585,-0.010460781,93.591570857
222.616678277,1.101877138,-0.007874869,93.598739604
222.666678279,1.100865317,-0.004544707,93.605407355
222.716678282,1.101006513,-0.004742574,93.603099208
222.766678284,1.099453367,-0.005741571,93.609670269
222.816678287,1.099706852,-0.005614875,93.619038340
222.866678290,1.102810492,-0.007424676,93.615822358
222.916678292,1.104106684,-0.007738779,93.640502484
222.966678295,1.104461020,-0.005627845,93.641475429
223.016678297,1.102766630,-0.004275195,93.638701032
223.066678300,1.095898148,-0.002107433,93.652191124
223.116678303,1.096420074,-0.001246627,93.656120254
223.166678305,1.099326026,-0.001609792,93.677613778
223.216678308,1.099108466,-0.003061407,93.686300277
223.266678310,1.098593526,-0.004998652,93.686822316
223.316678313,1.099059089,-0.004825709,93.687166076
223.366678316,1.099923820,-0.002474045,93.694159322
223.416678318,1.097293850,-0.000657897,93.699107598
223.466678321,1.096094883,-0.003059433,93.747475318
223.516678323,1.097901631,0.005060749,93.917697217
223.566678326,1.117867042,-0.006138085,94.223489580
223.616678329,1.111369176,-0.003485324,94.567468279
223.666678331,1.121182730,-0.009563147,94.891354614
223.716678334,1.126991070,-0.006451394,94.995980627
223.766678337,1.137353784,-0.007582113,95.076817011
223.816678339,1.140321420,-0.006521824,95.106502128
223.866678342,1.142811432,-0.003436782,95.158430684
223.916678344,1.149562342,-0.002916181,95.174185112
223.966678347,1.162686307,-0.004395070,95.183251921
224.016678350,1.168945794,-0.002453440,95.214828131
224.066678352,1.177746446,-0.001702441,95.234982724
224.116678355,1.183338231,-0.005050144,95.203346912
224.166678357,1.191182490,-0.003900317,95.259368960
224.216678360,1.197011811,-0.002944620,95.256024758
224.266678363,1.207651344,0.000353513,95.238028857
224.316678365,1.213941654,-0.000154512,95.238040691
224.366678368,1.224192745,-0.001483921,95.283643898
224.416678370,1.231947973,-0.001597372,95.249830036
224.466678373,1.237048705,-0.002176470,95.226871762
224.516678376,1.239422141,-0.000375443,95.228014311
224.566678378,1.247690101,0.000140742,95.235131929
224.616678381,1.254382136,0.003919736,95.230974892
224.666678383,1.258805180,0.001791444,95.240292387
224.716678386,1.262641591,0.001460460,95.225693106
224.766678389,1.272784710,0.004823425,95.192828793
224.816678391,1.279646870,0.005670109,95.195270876
224.866678394,1.287601497,0.002612210,95.237190374
224.916678396,1.292763903,0.001578925,95.220419653
224.966678399,1.290945981,0.001769877,95.216959678
225.016678402,1.290899135,0.004339671,95.222142557
225.066678404,1.292385249,0.005380211,95.229916377
225.116678407,1.289076810,0.002628729,95.223410219
225.166678410,1.290755867,0.002719820,95.233357371
225.216678412,1.291055246,0.004135157,95.227429293
225.266678415,1.290798478,0.003391886,95.229884708
225.316678417,1.289638951,0.006838637,95.225736047
225.366678420,1.293001186,0.004039072,95.233022205
225.416678423,1.296610271,0.001514203,95.228413625
225.466678425,1.293198726,0.002040114,95.242279584
225.516678428,1.291697858,0.001752078,95.228133569
225.566678430,1.290850900,0.000903407,95.202093633
225.616678433,1.287870038,0.004247831,95.228844020
225.666678436,1.288732867,0.006147581,95.234935588
225.716678438,1.288938298,0.006599698,95.232810987
225.766678441,1.284536466,0.006251426,95.242304241
225.816678443,1.287444525,0.006169916,95.252288576
225.866678446,1.290221193,0.007928222,95.264759519
225.916678449,1.289186413,0.007500959,95.275351537
225.966678451,1.289967314,0.004182484,95.291044938
226.016678454,1.292939523,0.005376164,95.311589914
226.066678456,1.286642784,-0.001323393,95.298899386
226.116678459,1.287302414,0.002054909,95.312909976
226.166678462,1.294525643,0.004821893,95.322265748
226.216678464,1.293674599,0.006377576,95.329492511
226.266678467,1.289438119,0.011348057,95.317010131
226.316678470,1.289961526,0.015705086,95.329611368
226.366678472,1.294641171,0.019727609,95.342873812
226.416678475,1.297330790,0.028003193,95.352531298
226.466678477,1.295776075,0.037221245,95.292404574
226.516678480,1.293571047,0.046852339,95.300877233
226.566678483,1.286753629,0.052770393,95.321474533
226.616678485,1.286799229,0.061245402,95.318300246
226.666678488,1.288306267,0.066771906,95.331259082
226.716678490,1.289477093,0.074682317,95.329201062
226.766678493,1.284826791,0.086127705,95.311134508
226.816678496,1.285687591,0.089774997,95.309511844
226.866678498,1.286790439,0.094589278,95.317956985
226.916678501,1.284324683,0.102324934,95.331411317
226.966678503,1.285660998,0.109139156,95.323917738
227.016678506,1.287762011,0.118118679,95.335622048
227.066678509,1.285235535,0.124537508,95.323264849
227.116678511,1.277869283,0.130311688,95.339682306
227.166678514,1.279974410,0.139304309,95.323221008
227.216678516,1.282295526,0.146483396,95.331863307
227.266678519,1.280497272,0.155063202,95.307240556
227.316678522,1.279724908,0.164022258,95.301782499
227.366678524,1.280378203,0.171173979,95.324204239
227.416678527,1.279380924,0.178127253,95.335023558
227.466678529,1.278606194,0.187903790,95.324063855
227.516678532,1.278839867,0.193685696,95.324739218
227.566678535,1.277582688,0.199217135,95.313406606
227.616678537,1.276021049,0.208173255,95.332515056
227.666678540,1.281155475,0.213237819,95.342741640
227.716678543,1.277394977,0.221532320,95.349639946
227.766678545,1.274898650,0.226923878,95.330632408
227.816678548,1.271689979,0.235798940,95.345849638
227.866678550,1.267489634,0.244169780,95.331387993
227.916678553,1.273106722,0.250308197,95.322024950
227.966678556,1.273378238,0.257551043,95.311622989
228.016678558,1.266948036,0.264801530,95.334046179
228.066678561,1.265652163,0.271498223,95.320527982
228.116678563,1.264023703,0.275932996,95.327168427
228.166678566,1.263778466,0.282353732,95.305941051
228.216678569,1.266900190,0.293408460,95.309268366
228.266678571,1.270657746,0.297372153,95.312931160
228.316678574,1.262336592,0.299337654,95.338937333
228.366678576,1.257296348,0.305458250,95.334927028
228.416678579,1.260723471,0.314593737,95.344593839
228.466678582,1.262974046,0.320017432,95.329341015
228.516678584,1.267022022,0.329425518,95.315276985
228.566678587,1.269472612,0.337191287,95.299279061
228.616678589,1.267156479,0.343480413,95.324804527
228.666678592,1.262775922,0.350007316,95.314498342
228.716678595,1.259924829,0.359533313,95.315121344
228.766678597,1.260356480,0.364224503,95.306222085
228.816678600,1.260960572,0.371448937,95.303029192
228.866678602,1.259310478,0.378045076,95.313188313
228.916678605,1.258828508,0.386979753,95.329230337
228.966678608,1.257261715,0.390609295,95.298525324
229.016678610,1.256939813,0.395691386,95.315121750
229.066678613,1.261917978,0.403446507,95.308482868
229.116678616,1.259266805,0.409871162,95.319556291
229.166678618,1.255028688,0.416788945,95.324681576
229.216678621,1.250899072,0.425630718,95.335864474
229.266678623,1.251828223,0.430029317,95.311728175
229.316678626,1.252352809,0.439534666,95.312251240
229.366678629,1.251459768,0.448273322,95.311133664
229.416678631,1.254290158,0.454999725,95.323376218
229.466678634,1.249679716,0.457966543,95.298649942
229.516678636,1.250158914,0.464867870,95.297843421
229.566678639,1.256669701,0.471503391,95.305052831
229.616678642,1.256709988,0.479235070,95.306312770
229.666678644,1.255817044,0.486571574,95.309211298
229.716678647,1.253389785,0.492844637,95.316592043
229.766678649,1.247333615,0.491300240,95.321587828
229.816678652,1.245161360,0.502453992,95.332980513
229.866678655,1.244000861,0.512161658,95.300069584
229.916678657,1.244946936,0.521732875,95.303229197
229.966678660,1.245986741,0.526107828,95.314411013
230.016678662,1.243402902,0.534665833,95.321439054
230.066678665,1.241179481,0.539335612,95.324738566
230.116678668,1.241526637,0.548638658,95.318735633
230.166678670,1.244547689,0.554590496,95.310221263
230.216678673,1.242708548,0.566576006,95.309453458
230.266678676,1.241385568,0.572441807,95.281683213
230.316678678,1.239247430,0.582586587,95.309832691
230.366678681,1.238572322,0.588060857,95.307911324
230.416678683,1.238239338,0.592603774,95.307844264
230.466678686,1.239172543,0.601508428,95.297224050
230.516678689,1.238661576,0.607788254,95.314985925
230.566678691,1.238699188,0.609253638,95.308403602
230.616678694,1.238986159,0.611394287,95.309924326
230.666678696,1.237724022,0.612661185,95.306955820
230.716678699,1.236668819,0.614861440,95.315304158
230.766678702,1.237563244,0.610701407,95.320555296
230.816678704,1.238195073,0.613699752,95.310148448
230.866678707,1.239921300,0.618092184,95.292186732
230.916678709,1.241261367,0.617218342,95.300330794
230.966678712,1.240295455,0.616929277,95.310822801
231.016678715,1.236776316,0.618133190,95.310174062
231.066678717,1.234296791,0.616384840,95.314369948
231.116678720,1.233130552,0.615767548,95.312907816
231.166678722,1.232307259,0.620661198,95.296115269
231.216678725,1.235051941,0.619394165,95.286857507
231.266678728,1.238519191,0.615552743,95.299103991
231.316678730,1.241887411,0.615685021,95.291751921
231.366678733,1.242484025,0.618144156,95.264898918
231.416678735,1.242174277,0.616118866,95.260829838
231.466678738,1.238332604,0.614321610,95.263292195
231.516678741,1.236590461,0.613923831,95.264952374
231.566678743,1.236990386,0.615385091,95.271307393
231.616678746,1.239039617,0.617004003,95.279751798
231.666678749,1.239530210,0.616045030,95.286012518
231.716678751,1.235968900,0.617398565,95.276416811
231.766678754,1.235462629,0.616091469,95.273864190
231.816678756,1.236885201,0.614894822,95.253604553
231.866678759,1.234084447,0.613620001,95.289600322
231.916678762,1.226130062,0.612774099,95.287594966
231.966678764,1.218721614,0.607233528,95.295014278
232.016678767,1.214444855,0.608065721,95.295564100
232.066678769,1.206507522,0.604963230,95.304917883
232.116678772,1.196467794,0.604939224,95.311890453
232.166678775,1.192885442,0.603638327,95.306206622
232.216678777,1.191519025,0.601356174,95.304494749
232.266678780,1.183667101,0.600491613,95.296789347
232.316678782,1.176928319,0.601347008,95.301245953
232.366678785,1.172638067,0.600811371,95.298932061
232.416678788,1.168445653,0.601066857,95.294144868
232.466678790,1.159983562,0.598964538,95.294136354
232.516678793,1.147806405,0.599939995,95.315951275
232.566678795,1.140951630,0.601560390,95.296355408
232.616678798,1.132698088,0.598534984,95.294664448
232.666678801,1.120913141,0.597692390,95.321068409
232.716678803,1.113256094,0.598187568,95.317006102
232.766678806,1.099916246,0.594815585,95.327082505
232.816678809,1.098189863,0.593127904,95.313379296
232.866678811,1.096387128,0.595848446,95.282945698
232.916678814,1.088423753,0.596158263,95.294742551
232.966678816,1.079604554,0.595615698,95.311124263
233.016678819,1.075872988,0.594687490,95.313723941
233.066678822,1.070811131,0.596162155,95.316040780
233.116678824,1.065374242,0.597606208,95.316808969
233.166678827,1.056947299,0.599678692,95.296006163
233.216678829,1.048847759,0.594948389,95.308608486
233.266678832,1.040625888,0.592528268,95.325446721
233.316678835,1.030577768,0.588710377,95.316062537
233.366678837,1.021562437,0.587499238,95.327367477
233.416678840,1.014809067,0.587407491,95.326674598
233.466678842,1.007961443,0.588180181,95.332837322
233.516678845,1.001802538,0.584662944,95.331901440
233.566678848,0.993961463,0.585022343,95.314657670
233.616678850,0.989710161,0.585244490,95.309513179
233.666678853,0.982532275,0.583413842,95.311225719
233.716678855,0.975186771,0.585671053,95.313462579
233.766678858,0.968585733,0.586034248,95.314438706
233.816678861,0.958826981,0.586646090,95.311419334
233.866678863,0.946682696,0.586866572,95.313621316
233.916678866,0.938030352,0.584641916,95.306194648
233.966678868,0.933334308,0.583639816,95.303568549
234.016678871,0.926809281,0.584869607,95.325893110
234.066678874,0.920441173,0.582232657,95.340736116
234.116678876,0.912476125,0.582222899,95.341751072
234.166678879,0.902878067,0.585004951,95.320108930
234.216678882,0.895451824,0.583769418,95.315920034
234.266678884,0.883770235,0.580609832,95.312187907
234.316678887,0.876577102,0.579171612,95.310132373
234.366678889,0.870564465,0.577990614,95.317955025
234.416678892,0.867321061,0.575995083,95.317704850
234.466678895,0.862198113,0.577875910,95.331854571
234.516678897,0.857701275,0.578324363,95.334916238
234.566678900,0.852497027,0.577677308,95.327172710
234.616678902,0.848403477,0.578446605,95.313358137
234.666678905,0.840284100,0.580678725,95.324679283
234.716678908,0.833816461,0.580678871,95.320176229
234.766678910,0.824420747,0.571781413,95.311451064
234.816678913,0.814256907,0.572720377,95.350856431
234.866678915,0.806294696,0.571204563,95.335746839
234.916678918,0.804760839,0.569504068,95.331389406
234.966678921,0.798837364,0.571626679,95.333507988
235.016678923,0.789573818,0.568509268,95.325078075
235.066678926,0.779840333,0.569808844,95.348181415
235.116678928,0.768998389,0.566865549,95.313813589
235.166678931,0.761401509,0.565382173,95.337530194
235.216678934,0.757027816,0.564414222,95.333189918
235.266678936,0.749344817,0.560093561,95.311658435
235.316678939,0.746233853,0.563917460,95.325548290
235.366678941,0.743188971,0.564534885,95.354496254
235.416678944,0.734073153,0.564018479,95.336534231
235.466678947,0.725116046,0.561413168,95.313010686
235.516678949,0.715796926,0.558756365,95.316983152
235.566678952,0.706446316,0.562850698,95.326310336
235.616678955,0.703054135,0.560503815,95.322954208
235.666678957,0.699962256,0.560267147,95.325799073
235.716678960,0.696767238,0.558890961,95.326260965
235.766678962,0.691339408,0.558482215,95.327026423
235.816678965,0.687249652,0.558641989,95.307338146
235.866678968,0.680289064,0.555228785,95.338677195
235.916678970,0.666338392,0.554249522,95.342371433
235.966678973,0.655510445,0.554742868,95.334348697
236.016678975,0.650014802,0.554913701,95.342027362
236.066678978,0.641047363,0.551124841,95.324431076
236.116678981,0.634302753,0.551945665,95.329397432
236.166678983,0.634916760,0.552671740,95.331176855
236.216678986,0.623998735,0.553076808,95.326653211
236.266678988,0.614129552,0.554330356,95.341990380
236.316678991,0.605203710,0.550146385,95.346342261
236.366678994,0.600003017,0.547604055,95.333299591
236.416678996,0.600875623,0.548512069,95.325525980
236.466678999,0.592040044,0.545346544,95.329826787
236.516679001,0.580805554,0.544490104,95.340068844
236.566679004,0.570592402,0.545726427,95.315424000
236.616679007,0.565731424,0.543957079,95.330421055
236.666679009,0.560208796,0.547054747,95.314721453
236.716679012,0.552907352,0.543834004,95.335111431
236.766679015,0.547572184,0.545092310,95.342213332
236.816679017,0.538175241,0.546383213,95.335034372
236.866679020,0.531965354,0.545698039,95.332228866
236.916679022,0.524127538,0.546963386,95.341756572
236.966679025,0.515742997,0.544373545,95.351952135
237.016679028,0.510730804,0.544309710,95.346181579
237.066679030,0.503611936,0.539844726,95.365637962
237.116679033,0.496233756,0.538683232,95.357821759
237.166679035,0.485470162,0.540220883,95.346757944
237.216679038,0.475726460,0.540839361,95.334732498
237.266679041,0.466829706,0.538942044,95.342140339
237.316679043,0.460556628,0.541178531,95.339236248
237.366679046,0.453553975,0.542106938,95.333145457
237.416679048,0.444933868,0.539219300,95.362486116
237.466679051,0.437103022,0.538193415,95.353801960
237.516679054,0.431666025,0.537465032,95.347928927
237.566679056,0.425541140,0.536219585,95.354233270
237.616679059,0.418124540,0.538433474,95.374988942
237.666679061,0.412371755,0.541101586,95.368383551
237.716679064,0.407158281,0.540014768,95.345252727
237.766679067,0.400618251,0.537278269,95.350800120
237.816679069,0.396507123,0.538014871,95.350207404
237.866679072,0.386997017,0.534772661,95.377046568
237.916679074,0.378415994,0.536651533,95.356351831
237.966679077,0.372564742,0.536687926,95.365166231
238.016679080,0.366454502,0.533252813,95.356509936
238.066679082,0.361072755,0.530715052,95.369898420
238.116679085,0.350931286,0.529725617,95.365622890
238.166679088,0.341864822,0.530898647,95.352176594
238.216679090,0.334378027,0.529252054,95.354344693
238.266679093,0.325835115,0.523614653,95.364443070
238.316679095,0.315777569,0.524659144,95.357814949
238.366679098,0.308889344,0.527001998,95.343273233
238.416679101,0.301430782,0.528943161,95.339457648
238.466679103,0.294356079,0.525687782,95.354992198
238.516679106,0.287754887,0.523378337,95.364784965
238.566679108,0.283472650,0.520629016,95.381040610
238.616679111,0.283495509,0.520679771,95.343279487
238.666679114,0.277455221,0.523684787,95.364596047
238.716679116,0.263985673,0.518873489,95.357991181
238.766679119,0.254453176,0.514530801,95.377880905
238.816679121,0.252435472,0.518716466,95.365970900
238.866679124,0.250864297,0.518918782,95.361894934
238.916679127,0.242893706,0.517453716,95.372763027
238.966679129,0.235404197,0.516129824,95.364984410
239.016679132,0.228148477,0.515126298,95.358390480
239.066679134,0.220188021,0.515622028,95.346056065
239.116679137,0.212446942,0.515013288,95.336552625
239.166679140,0.206711636,0.513208347,95.353962477
239.216679142,0.199001291,0.512685784,95.364004076
239.266679145,0.192436103,0.510797077,95.369964915
239.316679148,0.185426670,0.509976107,95.359176604
239.366679150,0.179488420,0.506991697,95.367348411
239.416679153,0.172545956,0.508253880,95.372079442
239.466679155,0.164189244,0.511044080,95.365935458
239.516679158,0.157296681,0.507918604,95.361561936
239.566679161,0.147990095,0.510426010,95.346347542
239.616679163,0.139280442,0.512328024,95.341642874
239.666679166,0.133992310,0.508533362,95.391951706
239.716679168,0.128264996,0.505931211,95.354612774
239.766679171,0.118887103,0.502004116,95.370501678
239.816679174,0.110588104,0.500766029,95.351041781
239.866679176,0.105290113,0.502594930,95.362161368
239.916679179,0.101769071,0.505528183,95.360955477
239.966679181,0.098700804,0.502991991,95.387985450
240.016679184,0.092993631,0.498686483,95.387778881
240.066679187,0.084007668,0.498014847,95.372961137
240.116679189,0.071392190,0.500305452,95.355229875
240.166679192,0.065823868,0.501491638,95.329295074
240.216679194,0.058160981,0.498104508,95.346826349
240.266679197,0.050603999,0.497802316,95.358702789
240.316679200,0.043835893,0.498144730,95.371946311
240.366679202,0.036778614,0.498918455,95.372238124
240.416679205,0.029464043,0.501338622,95.365891076
240.466679207,0.022209030,0.501319161,95.363406331
240.516679210,0.018461997,0.497820926,95.372011139
240.566679213,0.016266177,0.496729741,95.367602816
240.616679215,0.015098111,0.495298172,95.362299815
240.666679218,0.015725333,0.495215557,95.386274378
240.716679221,0.014938023,0.496259363,95.376944550
240.766679223,0.013332615,0.495851365,95.369964688
240.816679226,0.011954969,0.496017361,95.359698540
240.866679228,0.013416205,0.494865783,95.372081751
240.916679231,0.015062700,0.493755729,95.367374306
240.966679234,0.014225816,0.496184806,95.349252086
241.016679236,0.013009516,0.500463206,95.348731086
241.066679239,0.015106254,0.497215454,95.366734432
241.116679241,0.017139673,0.494696208,95.373803600
241.166679244,0.016661220,0.493980552,95.372390643
241.216679247,0.017236778,0.494512495,95.375152806
241.266679249,0.016456522,0.495828966,95.375702462
241.316679252,0.015337168,0.497749382,95.378489628
241.366679254,0.015258007,0.499494489,95.375338241
241.416679257,0.012902047,0.499734727,95.361494832
241.466679260,0.011566046,0.500661474,95.340662832
241.516679262,0.012934404,0.498273364,95.348697367
241.566679265,0.015895333,0.494893929,95.386672997
241.616679267,0.014576330,0.495979453,95.353528163
241.666679270,0.011727664,0.496383864,95.342686157
241.716679273,0.010087954,0.498457286,95.339237427
241.766679275,0.009632208,0.499197188,95.311009204
241.816679278,0.007481261,0.500624831,95.292955927
241.866679280,0.007803222,0.501096679,95.283319584
241.916679283,0.011109015,0.501313069,95.265728488
241.966679286,0.015473754,0.495289856,95.280266575
242.016679288,0.015107685,0.494816637,95.270501793
242.066679291,0.015539783,0.496680690,95.248128747
242.116679294,0.016338277,0.493761961,95.235806950
242.166679296,0.015252913,0.493071267,95.218261225
242.216679299,0.013745590,0.482007027,95.168896371
242.266679301,0.014418328,0.478281656,95.159591259
242.316679304,0.018812119,0.469652308,95.151243484
242.366679307,0.023975065,0.464702759,95.166323257
242.416679309,0.027559685,0.455663357,95.148498981
242.466679312,0.028075073,0.450821346,95.144619626
242.516679314,0.023609177,0.441026730,95.142134592
242.566679317,0.022566239,0.437393540,95.149552501
242.616679320,0.022910323,0.426917267,95.146152050
242.666679322,0.021892276,0.418440809,95.159545870
242.716679325,0.024938139,0.408288364,95.148583356
242.766679327,0.026966261,0.410844785,95.164796940
242.816679330,0.026516343,0.400132582,95.148873430
242.866679333,0.029560808,0.393981419,95.162941573
242.916679335,0.027948103,0.381674744,95.158236932
242.966679338,0.028379635,0.379908041,95.157896342
243.016679340,0.029526144,0.371677296,95.140100103
243.066679343,0.030222164,0.366128621,95.138463992
243.116679346,0.029635214,0.355616243,95.138870210
243.166679348,0.028153774,0.355824824,95.119414851
243.216679351,0.026675049,0.343602679,95.127822314
243.266679354,0.022864333,0.345193770,95.104124927
243.316679356,0.030450566,0.328292031,95.119647916
243.366679359,0.034761972,0.320944754,95.134406029
243.416679361,0.038093755,0.308279318,95.154760956
243.466679364,0.038124740,0.304705058,95.153443544
243.516679367,0.037428218,0.296813548,95.147964924
243.566679369,0.036317416,0.291536729,95.159516128
243.616679372,0.036233322,0.283550854,95.146919370
243.666679374,0.038474967,0.281981336,95.151297062
243.716679377,0.038885774,0.276054992,95.136738250
243.766679380,0.036246596,0.271571155,95.176777756
243.816679382,0.037689955,0.261230243,95.151678479
243.866679385,0.039956490,0.257036837,95.134292776
243.916679387,0.040296126,0.245449032,95.131321722
243.966679390,0.042309625,0.241773729,95.115832254
244.016679393,0.047014033,0.230536876,95.116261848
244.066679395,0.048435113,0.224125068,95.158780978
244.116679398,0.041130151,0.214565169,95.173285746
244.166679400,0.037451978,0.207770475,95.168731121
244.216679403,0.038301102,0.197997034,95.138574602
244.266679406,0.039420895,0.192785880,95.144221280
244.316679408,0.042590362,0.186057886,95.143223374
244.366679411,0.047119304,0.181306486,95.149456275
244.416679413,0.048796094,0.175189087,95.134810085
244.466679416,0.048471764,0.169879927,95.150707565
244.516679419,0.050401926,0.162029674,95.142819736
244.566679421,0.050494534,0.159258743,95.156026389
244.616679424,0.047895238,0.148243142,95.131883463
244.666679427,0.044108587,0.140431510,95.157765478
244.716679429,0.046427211,0.131355916,95.131423596
244.766679432,0.051776221,0.129072554,95.127900135
244.816679434,0.053526856,0.118811216,95.141728794
244.866679437,0.054875270,0.113091812,95.156896229
244.916679440,0.053720865,0.101324626,95.156745012
244.966679442,0.054760625,0.095829246,95.162602195
245.016679445,0.061642141,0.088156457,95.114112150
245.066679447,0.064711985,0.084498536,95.121077196
245.116679450,0.064247726,0.080399269,95.122627967
245.166679453,0.058068549,0.074138070,95.130032557
245.216679455,0.055430746,0.066910204,95.129008935
245.266679458,0.052507982,0.061541731,95.141771660
245.316679460,0.052774292,0.047979312,95.132269050
245.366679463,0.057439440,0.041493345,95.145872274
245.416679466,0.059575585,0.035363422,95.154250497
245.466679468,0.057900004,0.032729006,95.157890975
245.516679471,0.058707235,0.021935938,95.149175650
245.566679473,0.059517113,0.012337178,95.156890191
245.616679476,0.060830953,0.003331788,95.153399694
245.666679479,0.063091277,0.000298223,95.189729638
245.716679481,0.063802165,-0.010196746,95.161243072
245.766679484,0.057896087,-0.014834218,95.156233705
245.816679487,0.059761409,-0.024943944,95.131630863
245.866679489,0.065633598,-0.030119756,95.136203827
245.916679492,0.062326079,-0.037908380,95.124768566
245.966679494,0.060033061,-0.038547344,95.100151618
246.016679497,0.063246234,-0.052701016,95.109399407
246.066679500,0.068350355,-0.059180152,95.151156864
246.116679502,0.070711191,-0.066272155,95.145886205
246.166679505,0.070479353,-0.073536854,95.161600634
246.216679507,0.072789470,-0.082906013,95.135861368
246.266679510,0.073022872,-0.088770963,95.154475459
246.316679513,0.071582785,-0.100569842,95.149467777
246.366679515,0.070611048,-0.104691226,95.139826316
246.416679518,0.073850184,-0.110055335,95.143222783
246.466679520,0.073811831,-0.111599692,95.112335942
246.516679523,0.078517382,-0.122023696,95.120217290
246.566679526,0.080012121,-0.128257438,95.136529864
246.616679528,0.077615810,-0.137671168,95.129398079
246.666679531,0.075416273,-0.139386887,95.077807559
246.716679533,0.077228461,-0.148000154,95.114711159
246.766679536,0.075430576,-0.153439324,95.141108674
246.816679539,0.078282117,-0.162176053,95.131693251
246.866679541,0.081647439,-0.170418261,95.146514975
246.916679544,0.079816560,-0.181000847,95.122933332
246.966679546,0.081620917,-0.188795222,95.172258188
247.016679549,0.082413901,-0.194870253,95.166911800
247.066679552,0.078831893,-0.199678509,95.172643815
247.116679554,0.076358168,-0.210462021,95.140043850
247.166679557,0.079055852,-0.214027102,95.138554988
247.216679560,0.079907205,-0.219864756,95.124919034
247.266679562,0.083770165,-0.226223968,95.152852759
247.316679565,0.087102796,-0.235040658,95.130509719
247.366679567,0.086896033,-0.245247893,95.145444968
247.416679570,0.088255976,-0.252479348,95.148427897
247.466679573,0.087919922,-0.254288655,95.149820535
247.516679575,0.083418469,-0.266523383,95.142710934
247.566679578,0.084776088,-0.268536773,95.160895630
247.616679580,0.086330814,-0.277359062,95.133922166
247.666679583,0.087930167,-0.279153141,95.109170980
247.716679586,0.087354212,-0.289226247,95.124576792
247.766679588,0.089300535,-0.300257057,95.155423213
247.816679591,0.092088196,-0.309142187,95.139525229
247.866679593,0.090261606,-0.307291781,95.093907703
247.916679596,0.091686859,-0.317263867,95.114599615
247.966679599,0.093304815,-0.325745930,95.148611441
248.016679601,0.095885959,-0.330651558,95.132465619
248.066679604,0.094047701,-0.336941759,95.166802463
248.116679606,0.095274999,-0.347110301,95.154488495
248.166679609,0.093501444,-0.350634830,95.143741011
248.216679612,0.090706661,-0.363333444,95.134916518
248.266679614,0.092013828,-0.365953902,95.157219210
248.316679617,0.092572489,-0.375966457,95.139078367
248.366679619,0.092364723,-0.383805142,95.163027619
248.416679622,0.097395602,-0.390496718,95.137903948
248.466679625,0.098563256,-0.395897773,95.171394137
248.516679627,0.098917355,-0.404784791,95.132501636
248.566679630,0.097489047,-0.410267124,95.143017716
248.616679633,0.097884805,-0.419387864,95.156283997
248.666679635,0.099492718,-0.421774489,95.175246883
248.716679638,0.098715563,-0.430539745,95.146790416
248.766679640,0.099664581,-0.432414822,95.138873346
248.816679643,0.102311714,-0.448440963,95.119956047
248.866679646,0.105544309,-0.447044841,95.115714457
248.916679648,0.104744380,-0.456721935,95.116414150
248.966679651,0.102885374,-0.465986847,95.147925523
249.016679653,0.103983104,-0.475569605,95.136219590
249.066679656,0.102715744,-0.481435567,95.161091718
249.116679659,0.106648064,-0.491909146,95.154554649
249.166679661,0.108700088,-0.490443655,95.165303862
249.216679664,0.108742598,-0.504269252,95.146635453
249.266679666,0.109782542,-0.511406894,95.150425966
249.316679669,0.109287654,-0.519007189,95.130952731
249.366679672,0.107626273,-0.523475205,95.139247061
249.416679674,0.109970216,-0.531058387,95.124460676
249.466679677,0.110745136,-0.531479159,95.133883709
249.516679679,0.111527796,-0.544728282,95.140344250
249.566679682,0.112092532,-0.548880437,95.127973235
249.616679685,0.113617092,-0.560102382,95.118586559
249.666679687,0.116152348,-0.563929650,95.122206639
249.716679690,0.117359600,-0.574825163,95.116573527
249.766679693,0.115188484,-0.579190832,95.137797114
249.816679695,0.117738560,-0.589829943,95.125739441
249.866679698,0.119550333,-0.589895628,95.180499716
249.916679700,0.118808608,-0.604042407,95.137699748
249.966679703,0.118470175,-0.615566733,95.191002571
250.016679706,0.116127134,-0.620898582,95.159625885
250.066679708,0.116398101,-0.626420051,95.171682931
250.116679711,0.118811020,-0.633283629,95.139495452
250.166679713,0.118032724,-0.633519092,95.144597469
250.216679716,0.119978105,-0.645230801,95.122777437
250.266679719,0.122840145,-0.654029436,95.131600785
250.316679721,0.127152555,-0.662560328,95.145827062
250.366679724,0.128166125,-0.665229874,95.152661854
250.416679726,0.127046000,-0.676654797,95.143121681
250.466679729,0.126334733,-0.678012773,95.221705001
250.516679732,0.124635708,-0.694288471,95.153392895
250.566679734,0.123262681,-0.692191727,95.095298012
250.616679737,0.124539703,-0.702670345,95.102407511
250.666679739,0.123586786,-0.709982071,95.116481045
250.716679742,0.128295186,-0.717970900,95.105072365
250.766679745,0.130668159,-0.719343110,95.101984315
250.816679747,0.129061545,-0.729587228,95.114176600
250.866679750,0.128774305,-0.731152234,95.121262978
250.916679752,0.130841199,-0.746337509,95.122468533
250.966679755,0.133502381,-0.749921302,95.141564655
251.016679758,0.133439139,-0.758032486,95.117938055
251.066679760,0.131965583,-0.761302481,95.129591959
251.116679763,0.133389123,-0.768832845,95.103079545
251.166679766,0.135100130,-0.780203649,95.133113225
251.216679768,0.131645256,-0.786482860,95.126696687
251.266679771,0.130915124,-0.788817424,95.111891986
251.316679773,0.133797944,-0.800452660,95.121220791
251.366679776,0.135567716,-0.805765188,95.142526915
251.416679779,0.135099212,-0.812570672,95.116585199
251.466679781,0.134943830,-0.818244057,95.118227759
251.516679784,0.137161705,-0.827251073,95.106411251
251.566679786,0.137381713,-0.829830840,95.129817024
251.616679789,0.137620792,-0.839164135,95.101405387
251.666679792,0.138135869,-0.844172540,95.086258226
251.716679794,0.139165332,-0.853019615,95.093947581
251.766679797,0.136773990,-0.860947819,95.150501011
251.816679799,0.140125434,-0.871138373,95.141382719
251.866679802,0.141494142,-0.872205863,95.153924962
251.916679805,0.144779218,-0.884125008,95.132711623
251.966679807,0.144935738,-0.883555033,95.080713491
252.016679810,0.145628092,-0.894223301,95.074760457
252.066679812,0.146909697,-0.899797979,95.092575322
252.116679815,0.145852486,-0.909695202,95.104665096
252.166679818,0.144710078,-0.914630199,95.142919522
252.216679820,0.145297624,-0.922923719,95.127113621
252.266679823,0.145931348,-0.924566585,95.087178046
252.316679826,0.144855887,-0.936941097,95.077543464
252.366679828,0.146875028,-0.941800177,95.104177709
252.416679831,0.149942887,-0.952952080,95.097738278
252.466679833,0.149227543,-0.962639693,95.164441034
252.516679836,0.150224442,-0.970743106,95.135356305
252.566679839,0.152019272,-0.971371469,95.122064189
252.616679841,0.148951764,-0.984247677,95.114650530
252.666679844,0.146709913,-0.981546007,95.102940532
252.716679846,0.150877448,-0.993960854,95.093695295
252.766679849,0.153061376,-0.997849090,95.107043121
252.816679852,0.157024084,-1.007366393,95.097569893
252.866679854,0.155049757,-1.010163316,95.093974064
252.916679857,0.155108398,-1.022240120,95.092165307
252.966679859,0.154318223,-1.025398728,95.118016039
253.016679862,0.156454977,-1.037222639,95.105442157
253.066679865,0.157349705,-1.044177234,95.102630215
253.116679867,0.155472229,-1.053701450,95.110222143
253.166679870,0.155792036,-1.058598220,95.108111430
253.216679872,0.158325700,-1.068741900,95.095545748
253.266679875,0.161840976,-1.070940283,95.124803309
253.316679878,0.163998297,-1.081266951,95.128132733
253.366679880,0.165471503,-1.086182827,95.124981274
253.416679883,0.159707134,-1.094885753,95.098425835
253.466679885,0.159120149,-1.099848913,95.119634376
253.516679888,0.160363652,-1.110573539,95.096437471
253.566679891,0.161400238,-1.117402061,95.124574877
253.616679893,0.163632472,-1.125594176,95.120082490
253.666679896,0.167196987,-1.126394163,95.132865453
253.716679899,0.167560456,-1.137358518,95.089756249
253.766679901,0.165257103,-1.142740045,95.103172232
253.816679904,0.166448825,-1.151009251,95.095063539
253.866679906,0.165287062,-1.156901168,95.094162937
253.916679909,0.166032687,-1.165080729,95.075440843
253.966679912,0.168351067,-1.171678144,95.095913978
254.016679914,0.169995181,-1.182743697,95.112979488
254.066679917,0.169180409,-1.176324559,95.050954303
254.116679919,0.172753648,-1.192439929,95.069900074
254.166679922,0.175794369,-1.200016236,95.137292531
254.216679925,0.174830815,-1.209946728,95.123947794
254.266679927,0.172765857,-1.211340482,95.127338228
254.316679930,0.171504624,-1.220840673,95.100314198
254.366679932,0.176135395,-1.222769365,95.131466916
254.416679935,0.174959468,-1.236375763,95.093371101
254.466679938,0.172001354,-1.241492700,95.122266033
254.516679940,0.174185960,-1.248400955,95.111773854
254.566679943,0.175760468,-1.249470245,95.099949058
254.616679945,0.176154395,-1.261368994,95.080950929
254.666679948,0.175426401,-1.268139969,95.097907372
254.716679951,0.178555986,-1.278409911,95.098491734
254.766679953,0.176875578,-1.285634319,95.113013445
254.816679956,0.177560735,-1.295773728,95.083962193
254.866679958,0.180315076,-1.297923872,95.102300321
254.916679961,0.178087486,-1.306929359,95.109651542
254.966679964,0.177918319,-1.305299081,95.113377534
255.016679966,0.180317250,-1.318047400,95.092066907
255.066679969,0.184865756,-1.327958891,95.084166032
255.116679972,0.183413504,-1.332869691,95.086511876
255.166679974,0.187625152,-1.337853213,95.144310711
255.216679977,0.186354234,-1.348128424,95.124548799
255.266679979,0.184360480,-1.359304446,95.148110793
255.316679982,0.184305915,-1.364348327,95.132462706
255.366679985,0.185971886,-1.363469028,95.142623988
255.416679987,0.189640459,-1.376102292,95.106246903
255.466679990,0.190410053,-1.387143060,95.229597512
255.516679992,0.190925802,-1.396425891,95.166397665
255.566679995,0.189342766,-1.396394463,95.098479281
255.616679998,0.193027169,-1.404268709,95.101408936
255.666680000,0.192803567,-1.407919429,95.137410855
255.716680003,0.193360834,-1.418506211,95.108989962
255.766680005,0.195014151,-1.422298411,95.118511107
255.816680008,0.191497458,-1.427024726,95.100363114
255.866680011,0.189728720,-1.432259004,95.106193648
255.916680013,0.189865159,-1.447970565,95.089145598
255.966680016,0.193494204,-1.447073866,95.058107796
256.016680018,0.195299021,-1.457306132,95.080324898
256.066680021,0.196351417,-1.458492463,95.080508877
256.116680024,0.196981174,-1.471480694,95.092900516
256.166680026,0.196011667,-1.480135725,95.118681193
256.216680029,0.197603311,-1.489415410,95.108779381
256.266680032,0.198194458,-1.491437852,95.104746130
256.316680034,0.198220538,-1.501328149,95.084903763
256.366680037,0.195794966,-1.506358539,95.098375943
256.416680039,0.200444548,-1.517730107,95.100911298
256.466680042,0.202642199,-1.520689553,95.125039913
256.516680045,0.199808799,-1.529760654,95.107609425
256.566680047,0.200136443,-1.529572426,95.114788105
256.616680050,0.199646090,-1.542430111,95.101391060
256.666680052,0.198670917,-1.551141566,95.082429066
256.716680055,0.202225659,-1.560274950,95.081931584
256.766680058,0.205441203,-1.567053149,95.109050452
256.816680060,0.203513128,-1.573446549,95.103260913
256.866680063,0.203263871,-1.579600648,95.178574176
256.916680065,0.201185301,-1.589262166,95.133162896
256.966680068,0.200695290,-1.593026789,95.089880467
257.016680071,0.203162490,-1.602428513,95.090676537
257.066680073,0.205875639,-1.606735803,95.104686335
257.116680076,0.208301097,-1.617843563,95.097874308
257.166680078,0.207023423,-1.620467977,95.092507918
257.216680081,0.212057442,-1.629519334,95.082779589
257.266680084,0.215097780,-1.635857823,95.114994105
257.316680086,0.211452926,-1.644279513,95.097119035
257.366680089,0.209865311,-1.647015560,95.099019585
257.416680091,0.208938169,-1.659941684,95.089585322
257.466680094,0.203440492,-1.663975756,95.050597921
257.516680097,0.206712192,-1.675163599,95.080209737
257.566680099,0.213168797,-1.677788901,95.108334213
257.616680102,0.212280314,-1.688857056,95.098380536
257.666680105,0.214565646,-1.694233836,95.137798010
257.716680107,0.213736164,-1.702437046,95.117693012
257.766680110,0.213405966,-1.706280558,95.143716175
257.816680112,0.217064427,-1.712881077,95.108472132
257.866680115,0.217712777,-1.718276116,95.108066711
257.916680118,0.217472299,-1.727646262,95.099459789
257.966680120,0.217417652,-1.732350571,95.111581543
258.016680123,0.215397346,-1.746699979,95.088773526
258.066680125,0.212558667,-1.748921362,95.095819295
258.116680128,0.214864721,-1.756022321,95.089802122
258.166680131,0.223859132,-1.752942628,95.084465880
258.216680133,0.225726626,-1.767576828,95.076420751
258.266680136,0.223297716,-1.779562870,95.098267087
258.316680138,0.222924643,-1.789096279,95.100713568
258.366680141,0.222838264,-1.789093698,95.090171975
258.416680144,0.223459019,-1.797929028,95.064192786
258.466680146,0.224230471,-1.801204945,95.071746870
258.516680149,0.224141685,-1.812489949,95.084150934
258.566680151,0.225948336,-1.817426300,95.102981727
258.616680154,0.223415616,-1.828713200,95.091885681
258.666680157,0.223064665,-1.831739512,95.081205618
258.716680159,0.223020540,-1.839966002,95.074037646
258.766680162,0.222809409,-1.833374980,95.003126137
258.816680165,0.224018964,-1.848406299,95.038641697
258.866680167,0.227502739,-1.854742077,95.127408131
258.916680170,0.226609497,-1.866510775,95.111237893
258.966680172,0.231419178,-1.863271481,95.120477231
259.016680175,0.232121465,-1.881905502,95.105785326
259.066680178,0.230294072,-1.896370040,95.126157754
259.116680180,0.232030532,-1.900396958,95.097360448
259.166680183,0.228007705,-1.899997452,95.089143779
259.216680185,0.230164168,-1.908709838,95.097129738
259.266680188,0.233163465,-1.905130803,95.081054462
259.316680191,0.233785956,-1.919834384,95.084584034
259.366680193,0.235891337,-1.932456832,95.138047110
259.416680196,0.236459062,-1.941097979,95.119292148
259.466680198,0.238396301,-1.944584756,95.125300741
259.516680201,0.238076868,-1.954347335,95.093444235
259.566680204,0.236135209,-1.948336524,95.088040399
259.616680206,0.234537173,-1.965152928,95.103222371
259.666680209,0.235440520,-1.971624711,95.116290980
259.716680211,0.239333586,-1.983552489,95.108276662
259.766680214,0.239649834,-1.983462450,95.146421279
259.816680217,0.241938786,-1.991567190,95.121561903
259.866680219,0.244553542,-1.999849210,95.114515189
259.916680222,0.242337486,-2.010232628,95.096267311
259.966680224,0.236909672,-2.009878449,95.091143465
260.016680227,0.238975987,-2.021970300,95.076308155
260.066680230,0.239465097,-2.020916259,95.053336046
260.116680232,0.238378311,-2.034494979,95.057110128
260.166680235,0.237293222,-2.044048632,95.063420373
260.216680238,0.238129460,-2.054608910,95.079098289
260.266680240,0.245685198,-2.063480588,95.127744627
260.316680243,0.247797408,-2.070730232,95.109310054
260.366680245,0.248097441,-2.069773726,95.072741754
260.416680248,0.250281890,-2.081400780,95.081214303
260.466680251,0.244822886,-2.088061392,95.050799702
260.516680253,0.244216082,-2.093572862,95.089478722
260.566680256,0.246217978,-2.099270069,95.128327753
260.616680258,0.247556451,-2.112133338,95.082026975
260.666680261,0.249842911,-2.116834941,95.066687261
260.716680264,0.249244209,-2.123698097,95.076361023
260.766680266,0.254592657,-2.125885530,95.083225012
260.816680269,0.255334819,-2.139154783,95.086236160
260.866680271,0.253777361,-2.146611347,95.110426146
260.916680274,0.256280896,-2.154740155,95.105652064
260.966680277,0.251001089,-2.142161300,95.022190753
261.016680279,0.254949699,-2.164508515,95.055006479
261.066680282,0.263948077,-2.170833513,95.143388823
261.116680284,0.263622335,-2.183442023,95.105410050
261.166680287,0.262379267,-2.186660194,95.090491473
261.216680290,0.266676957,-2.195339957,95.102693830
261.266680292,0.266785450,-2.198644201,95.084823258
261.316680295,0.267209494,-2.205452293,95.100073004
261.366680298,0.267350769,-2.208620683,95.107619967
261.416680300,0.260658030,-2.221977784,95.071055523
261.466680303,0.260684110,-2.221459843,95.119809476
261.516680305,0.258155347,-2.239594484,95.088012484
261.566680308,0.253659899,-2.241878490,95.088975221
261.616680311,0.259232546,-2.249896073,95.071228105
261.666680313,0.262103925,-2.256031503,95.107321506
261.716680316,0.263060660,-2.262621020,95.110613315
261.766680318,0.264616948,-2.273052603,95.101011954
261.816680321,0.260316101,-2.281644844,95.092477955
261.866680324,0.260652007,-2.286278921,95.091505845
261.916680326,0.269753989,-2.295124967,95.080111852
261.966680329,0.269165833,-2.298514611,95.089629766
262.016680331,0.266356615,-2.308441629,95.079318683
262.066680334,0.265899212,-2.317000584,95.097877307
262.116680337,0.267360207,-2.325232204,95.106363752
262.166680339,0.267834036,-2.332402848,95.100879098
262.216680342,0.265576037,-2.337275551,95.086758377
262.266680344,0.261787751,-2.339509137,95.071770074
262.316680347,0.270404976,-2.349387445,95.064954709
262.366680350,0.272134068,-2.355076138,95.054399140
262.416680352,0.267954576,-2.366035559,95.089911380
262.466680355,0.269641923,-2.366900467,95.135042328
262.516680357,0.267553771,-2.374969323,95.108101362
262.566680360,0.262371213,-2.366985340,95.026378909
262.616680363,0.264002121,-2.375464180,95.040667856
262.666680365,0.279744450,-2.396560083,95.114707854
262.716680368,0.279660385,-2.406871904,95.105216934
262.766680371,0.279519781,-2.409725652,95.111619116
262.816680373,0.280052668,-2.416048303,95.074063039
262.866680376,0.279367141,-2.419835797,95.071998432
262.916680378,0.277990967,-2.428432581,95.083061107
262.966680381,0.279515576,-2.431541309,95.087603706
263.016680384,0.282149594,-2.443001235,95.093626997
263.066680386,0.275588958,-2.443348501,95.032015653
263.116680389,0.280143567,-2.453302125,95.032938237
263.166680391,0.283471560,-2.460760101,95.070328140
263.216680394,0.282635105,-2.476152607,95.057774870
263.266680397,0.281918330,-2.481434658,95.083454853
263.316680399,0.280167962,-2.489866370,95.068137742
263.366680402,0.282396245,-2.495719887,95.086585686
263.416680404,0.283523290,-2.507301008,95.097362325
263.466680407,0.280273116,-2.506899327,95.047147799
263.516680410,0.283953514,-2.519772689,95.050762109
263.566680412,0.286867186,-2.524025614,95.116505296
263.616680415,0.286502492,-2.531982697,95.119129606
263.666680417,0.287749319,-2.535312527,95.098857797
263.716680420,0.290846447,-2.545653039,95.081671512
263.766680423,0.291026574,-2.552893326,95.061952285
263.816680425,0.290836506,-2.561145236,95.077243726
263.866680428,0.290637267,-2.564817401,95.095149104
263.916680430,0.293248805,-2.573869905,95.107781086
263.966680433,0.293899350,-2.576847873,95.075287867
264.016680436,0.295604095,-2.589242439,95.069824790
264.066680438,0.295144425,-2.595996807,95.079055999
264.116680441,0.295191175,-2.605954535,95.061074952
264.166680444,0.298692401,-2.610601074,95.104017599
264.216680446,0.299015528,-2.617614148,95.094822010
264.266680449,0.296182356,-2.622043770,95.084975064
264.316680451,0.295807501,-2.631885780,95.081579319
264.366680454,0.299560193,-2.635798389,95.101197480
264.416680457,0.294593966,-2.646346367,95.080660282
264.466680459,0.295102249,-2.655037051,95.101095175
264.516680462,0.300691676,-2.660993684,95.076852590
264.566680464,0.302032545,-2.657609238,95.059252718
264.616680467,0.300242865,-2.673175918,95.068195190
264.666680470,0.303332482,-2.675838865,95.096348894
264.716680472,0.300583660,-2.684274880,95.073529454
264.766680475,0.299038724,-2.694519621,95.081177530
264.816680477,0.300155107,-2.704145903,95.082903708
264.866680480,0.302500868,-2.706464049,95.069401068
264.916680483,0.304739529,-2.716213871,95.054721764
264.966680485,0.299985836,-2.717435872,95.020542114
265.016680488,0.299854691,-2.726444295,95.027197341
265.066680490,0.302534421,-2.732976603,95.090922828
265.116680493,0.304418654,-2.745150421,95.055594162
265.166680496,0.307737356,-2.734919983,95.074284700
265.216680498,0.306767647,-2.754158694,95.070924701
265.266680501,0.305210846,-2.768719980,95.105334580
265.316680504,0.308754035,-2.774274875,95.082455023
265.366680506,0.312359381,-2.776480164,95.101133224
265.416680509,0.312369378,-2.784186492,95.098539534
265.466680511,0.312244777,-2.790269168,95.121485790
265.516680514,0.311989118,-2.801466375,95.104314838
265.566680517,0.307764746,-2.813724929,95.077853096
265.616680519,0.311779267,-2.815237936,95.077896924
265.666680522,0.317982452,-2.811486482,95.131644949
265.716680524,0.318031919,-2.823326813,95.113125226
265.766680527,0.312347076,-2.826608097,95.066825784
265.816680530,0.312770524,-2.838577948,95.057450830
265.866680532,0.317201023,-2.845437154,95.085352222
265.916680535,0.318271794,-2.857083217,95.095360906
265.966680537,0.319959557,-2.858063146,95.121765924
266.016680540,0.317639077,-2.869981787,95.096946568
266.066680543,0.313893568,-2.879798148,95.092649598
266.116680545,0.318670762,-2.886977297,95.077548379
266.166680548,0.320857717,-2.889490604,95.099517094
266.216680550,0.323272722,-2.898573144,95.090925072
266.266680553,0.317407649,-2.900421265,95.038408952
266.316680556,0.314021864,-2.909438527,95.034177888
266.366680558,0.316453741,-2.911893859,95.065054575
266.416680561,0.317899361,-2.922660882,95.058233012
266.466680563,0.327641946,-2.927812922,95.138272932
266.516680566,0.328390922,-2.935661314,95.097976966
266.566680569,0.327433153,-2.939635710,95.100683769
266.616680571,0.323855437,-2.951296551,95.092475248
266.666680574,0.322772001,-2.959644819,95.096864591
266.716680577,0.323750252,-2.969573135,95.089858948
266.766680579,0.323265437,-2.977355144,95.094383095
266.816680582,0.325905715,-2.987355536,95.077101811
266.866680584,0.324594819,-2.996271560,95.067368075
266.916680587,0.329245133,-2.999371938,95.069495376
266.966680590,0.325190440,-3.000266939,95.050665432
267.016680592,0.325731788,-3.007455550,95.056327086
267.066680595,0.329023044,-3.018876262,95.116294048
267.116680597,0.328049581,-3.025835737,95.089005733
267.166680600,0.333474584,-3.026290520,95.096066079
267.216680603,0.336754950,-3.036683216,95.063123470
267.266680605,0.333046566,-3.038443988,95.047312810
267.316680608,0.331220585,-3.051068983,95.051059863
267.366680610,0.332367356,-3.059837625,95.086944098
267.416680613,0.333411978,-3.067024029,95.092297322
267.466680616,0.335448314,-3.070399727,95.086629584
267.516680618,0.337471608,-3.082503627,95.078963952
267.566680621,0.336777779,-3.075400811,95.042386155
267.616680623,0.335775063,-3.093091818,95.063671410
267.666680626,0.331635606,-3.099041216,95.044498637
267.716680629,0.333389840,-3.109481526,95.062535655
267.766680631,0.336001665,-3.119968440,95.115671013
267.816680634,0.339059988,-3.129289478,95.084963564
267.866680637,0.342503039,-3.132369862,95.079930241
267.916680639,0.346465549,-3.140716861,95.077814614
267.966680642,0.348102615,-3.143374414,95.088736359
268.016680644,0.348752119,-3.153047359,95.065411184
268.066680647,0.344149511,-3.163977349,95.090574833
268.116680650,0.345867162,-3.169507459,95.058293972
268.166680652,0.349973616,-3.175125901,95.087609276
268.216680655,0.345894618,-3.183919680,95.064252373
268.266680657,0.348676851,-3.185437738,95.050664709
268.316680660,0.352220222,-3.195202041,95.086490437
268.366680663,0.347985107,-3.192559565,95.023880545
268.416680665,0.347841966,-3.206592349,95.035727761
268.466680668,0.352627490,-3.214777194,95.095145421
268.516680670,0.356311707,-3.227733972,95.094562593
268.566680673,0.354245613,-3.232342790,95.086544054
268.616680676,0.354859266,-3.240880437,95.078892585
268.666680678,0.354439969,-3.247716283,95.099096449
268.716680681,0.351510110,-3.254850792,95.087446771
268.766680683,0.348529249,-3.258834738,95.062392640
268.816680686,0.351896499,-3.271649914,95.060464556
268.866680689,0.354665992,-3.275464878,95.075404160
268.916680691,0.354438625,-3.281692490,95.058443163
268.966680694,0.355520765,-3.283593442,95.088681434
269.016680696,0.355032457,-3.293547985,95.080388434
269.066680699,0.353474922,-3.296229790,95.062856933
269.116680702,0.355079591,-3.306129555,95.041589919
269.166680704,0.356981333,-3.313659976,95.046090206
269.216680707,0.359068839,-3.323194296,95.057902556
269.266680710,0.360550816,-3.325127852,95.054627581
269.316680712,0.361449140,-3.333713631,95.047793514
269.366680715,0.365112717,-3.339317252,95.083525913
269.416680717,0.362758325,-3.347969592,95.079680296
269.466680720,0.359342555,-3.352791354,95.086297666
269.516680723,0.363299371,-3.363167947,95.089741421
269.566680725,0.367030702,-3.365816040,95.077235037
269.616680728,0.367123109,-3.376236784,95.072945874
269.666680730,0.367545757,-3.380084887,95.077253735
269.716680733,0.370166859,-3.390127668,95.055083992
269.766680736,0.369984595,-3.396362381,95.081599429
269.816680738,0.368918162,-3.403622567,95.058215082
269.866680741,0.366967801,-3.404488610,95.058040652
269.916680743,0.368935196,-3.418710594,95.057884011
269.966680746,0.369048297,-3.426058805,95.084656322
270.016680749,0.368053121,-3.435292856,95.072377193
270.066680751,0.366256143,-3.438085353,95.043765285
270.116680754,0.369016942,-3.446460023,95.035657322
270.166680756,0.369609362,-3.452497934,95.074478220
270.216680759,0.375825551,-3.463454671,95.073566805
270.266680762,0.374051071,-3.461641421,95.055927173
270.316680764,0.371663340,-3.472203854,95.060035043
270.366680767,0.375326907,-3.479471027,95.080261018
270.416680769,0.375516999,-3.492174404,95.082567095
270.466680772,0.368376159,-3.495782964,95.017273232
270.516680775,0.365897474,-3.505655190,95.018844072
270.566680777,0.369379669,-3.508760871,95.047999328
270.616680780,0.374464348,-3.514199841,95.061099269
270.666680783,0.377071780,-3.521502662,95.077098260
270.716680785,0.380986390,-3.529322836,95.056593008
270.766680788,0.384635935,-3.528536082,95.093225734
270.816680790,0.382465016,-3.544495700,95.063987668
270.866680793,0.379445982,-3.550701124,95.053999441
270.916680796,0.377018534,-3.560817235,95.034644230
270.966680798,0.381576971,-3.553910695,95.090796257
271.016680801,0.382779774,-3.571978040,95.068807046
271.066680803,0.384333415,-3.580701512,95.087004707
271.116680806,0.383424987,-3.588308560,95.062054822
271.166680809,0.381613816,-3.593373759,95.071109760
271.216680811,0.382232516,-3.601676182,95.078277037
271.266680814,0.380855112,-3.606446824,95.065429623
271.316680816,0.381231930,-3.618231422,95.036392781
271.366680819,0.378825253,-3.625566832,95.056737063
271.416680822,0.384216155,-3.634239496,95.027724701
271.466680824,0.375091563,-3.624341184,94.921234534
271.516680827,0.377956375,-3.646186656,94.982321273
271.566680829,0.388847360,-3.644054459,95.088200741
271.616680832,0.392928857,-3.662357539,95.060596913
271.666680835,0.389388163,-3.664766664,95.034557014
271.716680837,0.389507131,-3.675310461,95.024171845
271.766680840,0.390235311,-3.681520236,95.041180547
271.816680843,0.389896031,-3.687569497,95.041230673
271.866680845,0.391511497,-3.694633862,95.075948689
271.916680848,0.395648514,-3.703547257,95.062495300
271.966680850,0.401982942,-3.711747435,95.147183112
272.016680853,0.402811147,-3.718739391,95.103503377
272.066680856,0.394645364,-3.721928439,95.027327599
272.116680858,0.396540354,-3.731025380,95.023985070
272.166680861,0.405071118,-3.736676341,95.145898476
272.216680863,0.401133852,-3.742712729,95.103941104
272.266680866,0.392157782,-3.747291788,94.984641784
272.316680869,0.393882622,-3.756460414,95.009288738
272.366680871,0.399036702,-3.762625509,95.056696836
272.416680874,0.403605735,-3.771627087,95.058817282
272.466680876,0.403619146,-3.777230190,95.066167611
272.516680879,0.400477641,-3.787395128,95.065878274
272.566680882,0.400308438,-3.795648978,95.065970619
272.616680884,0.400308977,-3.804974849,95.063283837
272.666680887,0.398772379,-3.799269206,95.048728055
272.716680889,0.402479912,-3.809909718,95.030189351
272.766680892,0.411099035,-3.820602662,95.110675617
272.816680895,0.410493161,-3.828067845,95.101537880
272.866680897,0.406287757,-3.829413924,95.052518084
272.916680900,0.403512688,-3.843121355,95.053403793
272.966680902,0.403872263,-3.850633440,95.049874648
273.016680905,0.404307053,-3.861300730,95.014037923
273.066680908,0.405538555,-3.866533519,95.082441665
273.116680910,0.403164372,-3.875302858,95.067193716
273.166680913,0.402921480,-3.879502856,95.042365740
273.216680916,0.405206319,-3.886551754,95.035785173
273.266680918,0.412822795,-3.893121104,95.089906143
273.316680921,0.405734572,-3.897465259,95.042435017
273.366680923,0.410255860,-3.909052131,95.078872239
273.416680926,0.411341734,-3.913171682,95.068319036
273.466680929,0.407190324,-3.914642641,95.064562674
273.516680931,0.408721445,-3.926111197,95.040642067
273.566680934,0.410100317,-3.931391196,95.042944222
273.616680936,0.407070281,-3.938752963,95.035451262
273.666680939,0.405655495,-3.946588956,95.071975968
273.716680942,0.407512992,-3.958631547,95.064522267
273.766680944,0.411460045,-3.961902741,95.084550069
273.816680947,0.411803671,-3.972376185,95.066240052
273.866680949,0.418829375,-3.974200296,95.104608026
273.916680952,0.422060479,-3.983638701,95.082552635
273.966680955,0.425656113,-3.977203971,95.150946197
274.016680957,0.422754004,-3.993594384,95.114802264
274.066680960,0.419185238,-3.997286575,95.062801620
274.116680962,0.420681932,-4.009956918,95.048020316
274.166680965,0.418353286,-4.017350346,95.078506153
274.216680968,0.417079809,-4.026176723,95.048125590
274.266680970,0.410454609,-4.020165426,94.909690109
274.316680973,0.415227279,-4.035622252,94.938968734
274.366680976,0.420551103,-4.043402189,95.045897229
274.416680978,0.423035938,-4.052334143,95.060811674
274.466680981,0.424486766,-4.063354381,95.089852382
274.516680983,0.426454058,-4.071220138,95.052358381
274.566680986,0.429794503,-4.078037902,95.057162718
274.616680989,0.431197506,-4.086641063,95.054147230
274.666680991,0.429829509,-4.092399291,95.076815682
274.716680994,0.428057784,-4.102695262,95.035085863
274.766680996,0.430973114,-4.104257467,95.047143249
274.816680999,0.429056356,-4.109825532,95.031508673
274.866681002,0.426034514,-4.115062850,95.013240526
274.916681004,0.426472560,-4.125374924,94.996708835
274.966681007,0.441043238,-4.139396113,95.151614509
275.016681009,0.440645467,-4.143723787,95.116449981
275.066681012,0.435317214,-4.147380358,95.081270604
275.116681015,0.428721982,-4.153957661,95.017809219
275.166681017,0.424039989,-4.142816818,94.948390623
275.216681020,0.421284934,-4.167007265,94.982740143
275.266681022,0.427362401,-4.176158382,95.054914487
275.316681025,0.430730532,-4.184359817,95.038157435
275.366681028,0.431421913,-4.191558853,95.008565648
275.416681030,0.433707557,-4.195766864,95.021551111
275.466681033,0.439907863,-4.202267948,95.072418608
275.516681035,0.435107389,-4.212526823,95.053860807
275.566681038,0.432927891,-4.213989288,95.051244836
275.616681041,0.434323178,-4.229317818,95.028419435
275.666681043,0.437448149,-4.234607873,95.042397381
275.716681046,0.441564169,-4.240014352,95.038828249
275.766681049,0.443042947,-4.244866937,95.048291095
275.816681051,0.445386697,-4.258667270,95.034795560
275.866681054,0.445776526,-4.265646243,95.044009797
275.916681056,0.442523683,-4.270909282,95.045537836
275.966681059,0.446057456,-4.277466088,95.120683684
276.016681062,0.447545438,-4.285917177,95.096628267
276.066681064,0.444211055,-4.287158028,95.084497643
276.116681067,0.444581620,-4.298785711,95.045545189
276.166681069,0.443154797,-4.302481177,95.022203211
276.216681072,0.441423735,-4.312118607,95.014914275
276.266681075,0.440393039,-4.314730412,95.061469232
276.316681077,0.442298606,-4.326611163,95.000022782
276.366681080,0.446346979,-4.333526509,95.048634199
276.416681082,0.449063957,-4.335699656,95.052122364
276.466681085,0.453194047,-4.342450569,95.091260342
276.516681088,0.452579492,-4.351767117,95.058317234
276.566681090,0.452501049,-4.359504702,95.072284679
276.616681093,0.451726663,-4.369223460,95.052707764
276.666681095,0.449329915,-4.373623820,95.039846393
276.716681098,0.451763016,-4.385219184,95.027173027
276.766681101,0.453149702,-4.388561351,95.055149775
276.816681103,0.452121691,-4.396756607,95.049452323
276.866681106,0.454458030,-4.402172199,95.080035613
276.916681108,0.455394522,-4.411142614,95.063912183
276.966681111,0.447948503,-4.408372645,94.949447779
277.016681114,0.445053431,-4.421746772,94.963146997
277.066681116,0.451235857,-4.424885637,95.009424557
277.116681119,0.449842402,-4.436815004,95.012102607
277.166681122,0.454246011,-4.450374795,95.093910409
277.216681124,0.461437165,-4.454538141,95.070782508
277.266681127,0.464719026,-4.460598526,95.095214832
277.316681129,0.462881736,-4.466717796,95.104993449
277.366681132,0.463519769,-4.469679241,95.076490515
277.416681135,0.463487643,-4.480557792,95.060498789
277.466681137,0.467619111,-4.489795085,95.133543583
277.516681140,0.467924199,-4.496436774,95.123785332
277.566681142,0.463412031,-4.491486839,95.109022389
277.616681145,0.462932568,-4.504683717,95.079950844
277.666681148,0.454069967,-4.501296935,94.944152034
277.716681150,0.456246443,-4.514811881,94.978654361
277.766681153,0.467718871,-4.525991301,95.092957640
277.816681155,0.468513759,-4.537405020,95.077099817
277.866681158,0.471902144,-4.539074009,95.088107069
277.916681161,0.471964302,-4.557243040,95.067876749
277.966681163,0.469068151,-4.555705793,95.036309048
278.016681166,0.467242888,-4.569263854,95.043995427
278.066681168,0.466448364,-4.574395243,95.067266063
278.116681171,0.469388583,-4.581756203,95.059193018
278.166681174,0.468333174,-4.584616388,95.057651213
278.216681176,0.469743321,-4.595382841,95.038251095
278.266681179,0.468985830,-4.599934427,95.079358701
278.316681182,0.476996506,-4.603797551,95.063818634
278.366681184,0.480153517,-4.612519740,95.115138757
278.416681187,0.475892741,-4.621928280,95.079441265
278.466681189,0.473934313,-4.626968561,95.094917316
278.516681192,0.472779474,-4.636535701,95.066805928
278.566681195,0.466031962,-4.627915761,94.974213274
278.616681197,0.466273112,-4.646399393,94.960071013
278.666681200,0.473235584,-4.654610181,95.070409277
278.716681202,0.476655887,-4.667491387,95.056789238
278.766681205,0.480506513,-4.673054855,95.067006179
278.816681208,0.477418932,-4.679872019,95.038398553
278.866681210,0.475984549,-4.686084329,95.052328940
278.916681213,0.477549808,-4.691609935,95.023374085
278.966681215,0.476333451,-4.695709891,95.001737145
279.016681218,0.478847543,-4.704854968,94.988659785
279.066681221,0.485570238,-4.709154202,95.053336638
279.116681223,0.483886821,-4.715292133,95.072155609
279.166681226,0.489690476,-4.722824401,95.140980401
279.216681228,0.489502454,-4.725780510,95.116487299
279.266681231,0.479695452,-4.706268635,95.019057052
279.316681234,0.476429062,-4.718781002,95.046738958
279.366681236,0.474568906,-4.724981062,95.043128648
279.416681239,0.478380645,-4.723490586,95.028534151
279.466681241,0.480566824,-4.717687367,95.013684159
279.516681244,0.483152908,-4.715837912,95.017762872
279.566681247,0.470687172,-4.704364181,94.881757634
279.616681249,0.474604587,-4.709691979,94.923875845
279.666681252,0.487847444,-4.717384476,95.086960719
279.716681255,0.486629113,-4.720184419,95.082396815
279.766681257,0.485037257,-4.719736253,95.064505196
279.816681260,0.483099688,-4.721748900,95.036553024
279.866681262,0.485604805,-4.725777421,95.086727284
279.916681265,0.486364609,-4.724918888,95.065751876
279.966681268,0.479506189,-4.718934648,94.987152933
280.016681270,0.477479122,-4.721185741,94.974880047
280.066681273,0.478315623,-4.721087534,94.962035397
280.116681275,0.479892229,-4.720956367,94.948156710
280.166681278,0.480016690,-4.724936815,94.958462447
280.216681281,0.479095214,-4.726659900,94.976629198
280.266681283,0.478103283,-4.725305260,94.962624407
280.316681286,0.475376441,-4.725017664,94.935020055
280.366681288,0.477611467,-4.725418035,94.941136949
280.416681291,0.478947450,-4.728655350,94.913653217
280.466681294,0.477830450,-4.726377236,94.892822733
280.516681296,0.480868737,-4.724260483,94.905892818
280.566681299,0.486512422,-4.728168978,94.967538914
280.616681301,0.485427524,-4.727702991,94.952113932
280.666681304,0.480461758,-4.723071271,94.886218467
280.716681307,0.482283106,-4.724000949,94.879599738
280.766681309,0.480716569,-4.725462348,94.869274790
280.816681312,0.479916968,-4.727353212,94.866472000
280.866681315,0.474075589,-4.724411191,94.834127091
280.916681317,0.480431757,-4.722701969,94.855054048
280.966681320,0.478524711,-4.726008855,94.821798445
281.016681322,0.475330760,-4.725347929,94.830020347
281.066681325,0.476758249,-4.729431331,94.833567571
281.116681328,0.477880264,-4.730219390,94.829782706
281.166681330,0.488425744,-4.732393879,94.932824848
281.216681333,0.489689659,-4.728096382,94.886573017
281.266681335,0.483628667,-4.725075370,94.815223273
281.316681338,0.481948385,-4.715348685,94.856354649
281.366681341,0.458328723,-4.727291944,95.161995812
281.416681343,0.474143487,-4.708813892,96.296141666
281.466681346,0.488282178,-4.736382745,97.271226988
281.516681348,0.472997296,-4.697885686,98.324822022
281.566681351,0.492922578,-4.740611569,99.411289606
281.616681354,0.494453971,-4.707700753,100.736136278
281.666681356,0.491172190,-4.736087327,101.582148059
281.716681359,0.484791696,-4.707107639,102.739862195
281.766681361,0.504968210,-4.743384646,103.698701041
281.816681364,0.470144145,-4.704476177,104.843958151
281.866681367,0.491246405,-4.731922393,105.590635522
281.916681369,0.482601595,-4.712592354,107.120237706
281.966681372,0.480411709,-4.727575817,107.429533236
282.016681374,0.479692509,-4.710066189,109.288515542
282.066681377,0.510535239,-4.722371660,109.819003395
282.116681380,0.479783352,-4.708314182,111.445346770
282.166681382,0.485557011,-4.707434362,111.675203348
282.216681385,0.489588862,-4.710326913,113.698087680
282.266681388,0.487938740,-4.718941189,113.871977969
282.316681390,0.478985892,-4.713126262,115.853060726
282.366681393,0.482250763,-4.718462822,116.010622199
282.416681395,0.483375891,-4.711724518,118.037185786
282.466681398,0.493788500,-4.719809165,118.272934012
282.516681401,0.468975894,-4.710322209,120.074177227
282.566681403,0.480207999,-4.710822285,120.283591379
282.616681406,0.477565030,-4.716000393,122.331475423
282.666681408,0.487893925,-4.713923696,122.516516707
282.716681411,0.464805053,-4.713296832,124.439222000
282.766681414,0.498139144,-4.715515090,124.817689832
282.816681416,0.478564317,-4.724231444,125.850852293
282.866681419,0.480554006,-4.720731116,125.901186002
282.916681421,0.476939443,-4.723699633,126.021362375
282.966681424,0.482278909,-4.723985722,126.058391327
283.016681427,0.475763722,-4.723783960,126.041203424
283.066681429,0.476935634,-4.724103158,126.059745246
283.116681432,0.479338095,-4.726498922,126.110015019
283.166681434,0.483995617,-4.726943643,126.132532305
283.216681437,0.481817968,-4.722923740,126.129404141
283.266681440,0.487103446,-4.724381309,126.124888336
283.316681442,0.488424308,-4.721871373,126.123963960
283.366681445,0.490374610,-4.722986595,126.141852757
283.416681447,0.487290177,-4.722067436,126.148244241
283.466681450,0.483952571,-4.722707014,126.139280139
283.516681453,0.484330392,-4.726672289,126.171541479
283.566681455,0.486675906,-4.724401416,126.185660108
283.616681458,0.493485975,-4.729929348,126.047694703
283.666681461,0.488413193,-4.728553661,125.940212003
283.716681463,0.487113917,-4.731932877,124.459821914
283.766681466,0.479934096,-4.728230758,124.019158482
283.816681468,0.492718974,-4.737357932,122.380969675
283.866681471,0.479628130,-4.723968774,121.967247840
283.916681474,0.493109264,-4.737856118,120.343139032
283.966681476,0.468742530,-4.721453725,119.755000043
284.016681479,0.483403505,-4.735704258,118.107186452
284.066681481,0.483410960,-4.724128171,117.689027281
284.116681484,0.489100165,-4.732088341,115.745403010
284.166681487,0.487394062,-4.721597802,115.573243508
284.216681489,0.482221004,-4.729508881,113.599776636
284.266681492,0.454720022,-4.719039957,113.174054748
284.316681494,0.486076934,-4.738344704,111.576817037
284.366681497,0.472876552,-4.712568573,111.053613378
284.416681500,0.487285300,-4.732176111,109.381806586
284.466681502,0.471037486,-4.718224932,108.918245091
284.516681505,0.483213907,-4.736378051,107.433483738
284.566681507,0.474042292,-4.720874959,106.766592606
284.616681510,0.480053846,-4.732393223,105.066175352
284.666681513,0.473958904,-4.720218011,104.658914021
284.716681515,0.486199978,-4.740027315,103.005797185
284.766681518,0.470111504,-4.713959404,102.417263130
284.816681521,0.480426859,-4.737716643,100.987535812
284.866681523,0.474679131,-4.721382803,100.336881454
284.916681526,0.472002971,-4.734452654,98.630694740
284.966681528,0.456209427,-4.705855646,98.092415862
285.016681531,0.494388388,-4.746986436,96.922859204
285.066681534,0.476675154,-4.721641199,96.054198144
285.116681536,0.477186594,-4.735853466,94.470507415
285.166681539,0.469344423,-4.712588866,93.916290095
285.216681541,0.486050184,-4.741836308,92.392452475
285.266681544,0.471342803,-4.720153729,91.787248754
285.316681547,0.482422382,-4.740175053,90.194539190
285.366681549,0.472024602,-4.712269431,89.626220389
285.416681552,0.467899565,-4.727232861,87.938989867
285.466681554,0.460933677,-4.713935778,87.402033632
285.516681557,0.477146478,-4.742157461,85.854245979
285.566681560,0.474188765,-4.712637510,85.365574921
285.616681562,0.481272462,-4.738344158,83.863462236
285.666681565,0.476452772,-4.722988828,83.195897307
285.716681567,0.468937099,-4.733774909,81.547020516
285.766681570,0.460279604,-4.724995424,81.014633738
285.816681573,0.474629130,-4.737685474,79.510932322
285.866681575,0.464362543,-4.722234839,78.895210415
285.916681578,0.475566024,-4.742979266,77.333218825
285.966681580,0.469446367,-4.729081271,76.806762188
286.016681583,0.470758416,-4.750004953,75.223656683
286.066681586,0.459752545,-4.734376797,74.622973222
286.116681588,0.472153910,-4.740429667,73.054459858
286.166681591,0.465378824,-4.734531084,72.492701943
286.216681594,0.485155038,-4.745189585,70.972552095
286.266681596,0.471691023,-4.736143857,70.326493362
286.316681599,0.485183366,-4.744326262,68.862827099
286.366681601,0.470819587,-4.744781270,68.226824534
286.416681604,0.473512015,-4.745932625,66.617996167
286.466681607,0.463167733,-4.748034958,65.996633399
286.516681609,0.493243039,-4.744212872,64.639957673
286.566681612,0.459634111,-4.732843226,63.675437008
286.616681614,0.470535395,-4.742121616,62.266110638
286.666681617,0.466135853,-4.737034635,61.555500842
286.716681620,0.487491506,-4.745940233,60.250586338
286.766681622,0.476487720,-4.737982944,59.547634132
286.816681625,0.477467023,-4.740042502,58.011169563
286.866681627,0.474482769,-4.736027850,57.450961394
286.916681630,0.484525249,-4.707845863,56.380092352
286.966681633,0.464455999,-4.707160800,56.083884054
287.016681635,0.482201351,-4.718321344,56.224049754
287.066681638,0.483362018,-4.718110907,56.177257424
287.116681640,0.476459345,-4.710326032,56.102255959
287.166681643,0.476426389,-4.718031214,56.105544594
287.216681646,0.472901160,-4.721280916,56.060942511
287.266681648,0.472642600,-4.722956093,56.100719416
287.316681651,0.477056259,-4.719259377,56.137326064
287.366681654,0.480262126,-4.717463848,56.142975959
287.416681656,0.486380731,-4.721775706,56.166011126
287.466681659,0.486195053,-4.721266220,56.148923324
287.516681661,0.485294455,-4.710831719,56.127650067
287.566681664,0.482298983,-4.715663878,56.138028609
287.616681667,0.481046419,-4.720236652,56.138861837
287.666681669,0.481161532,-4.721065046,56.124836629
287.716681672,0.476065588,-4.717703787,56.091354044
287.766681674,0.477092585,-4.717211772,56.080742456
287.816681677,0.481408514,-4.717017188,56.076941008
287.866681680,0.482312541,-4.718326664,56.080743166
287.916681682,0.477448975,-4.718512213,56.096529230
287.966681685,0.479476187,-4.719718184,56.116438814
288.016681687,0.480572788,-4.719791694,56.118173583
288.066681690,0.482062262,-4.720412904,56.114131692
288.116681693,0.479115878,-4.713781787,56.064959024
288.166681695,0.481436132,-4.716246713,56.080041298
288.216681698,0.481590939,-4.714543163,56.069221255
288.266681700,0.482626002,-4.717510842,56.075120784
288.316681703,0.481550959,-4.718286658,56.089930674
288.366681706,0.479385531,-4.714301826,56.052585365
288.416681708,0.479764919,-4.711336602,56.049910560
288.466681711,0.480115287,-4.716743324,56.064128896
288.516681713,0.480483569,-4.717969206,56.071503441
288.566681716,0.480869848,-4.719327011,56.089401028
288.616681719,0.471348853,-4.721073946,56.016458340
288.666681721,0.475486493,-4.727064739,56.021311092
288.716681724,0.469638676,-4.729099108,56.001722395
288.766681727,0.471691996,-4.728574236,56.030782870
288.816681729,0.480405353,-4.724510631,56.067230077
288.866681732,0.477590977,-4.723170789,56.067504062
288.916681734,0.481216148,-4.721741354,56.044920181
288.966681737,0.476840409,-4.723909465,56.180345069
289.016681740,0.480176794,-4.714335048,56.279209246
289.066681742,0.474378614,-4.719822465,56.465886909
289.116681745,0.470227237,-4.707978373,56.753338028
289.166681747,0.496266332,-4.724171764,57.285227479
289.216681750,0.504481431,-4.731719762,57.431483386
289.266681753,0.506468842,-4.735217773,57.421941141
289.316681755,0.514564315,-4.741049357,57.465749896
289.366681758,0.515964529,-4.743560960,57.492656008
289.416681760,0.526739735,-4.746746179,57.570604483
289.466681763,0.529333038,-4.749066748,57.594313775
289.516681766,0.531970244,-4.752930733,57.585283161
289.566681768,0.534215081,-4.754203177,57.550127271
289.616681771,0.554761839,-4.769232164,57.664336680
289.666681773,0.558084500,-4.771813300,57.629818761
289.716681776,0.557424570,-4.774188939,57.605923065
289.766681779,0.560289534,-4.777587684,57.573103134
289.816681781,0.566602044,-4.781584500,57.595272616
289.866681784,0.572883317,-4.786668127,57.575340337
289.916681786,0.564932119,-4.783505147,57.458491154
289.966681789,0.571980961,-4.785681414,57.492920501
290.016681792,0.578717846,-4.790214868,57.516761868
290.066681794,0.586757841,-4.794806603,57.536119541
290.116681797,0.594214812,-4.798347838,57.539395408
290.166681800,0.601458349,-4.803659905,57.549617208
290.216681802,0.612241386,-4.810127193,57.608844539
290.266681805,0.614646054,-4.812886653,57.585681341
290.316681807,0.618680091,-4.815520057,57.555529848
290.366681810,0.623869656,-4.818039609,57.528945639
290.416681813,0.639121804,-4.830129567,57.584260461
290.466681815,0.643859849,-4.836642591,57.586108852
290.516681818,0.650000633,-4.836751869,57.561924793
290.566681820,0.652536132,-4.837280525,57.564431918
290.616681823,0.657179440,-4.840789344,57.589695869
290.666681826,0.662729609,-4.844017685,57.558688820
290.716681828,0.681334777,-4.852036964,57.645068559
290.766681831,0.684247012,-4.854370095,57.621379158
290.816681833,0.688315544,-4.860086534,57.615313997
290.866681836,0.689368343,-4.860341064,57.602439254
290.916681839,0.695952185,-4.853775706,57.576209746
290.966681841,0.699923289,-4.865043420,57.574405344
291.016681844,0.701811301,-4.865389461,57.566077791
291.066681846,0.702003095,-4.867445789,57.580317165
291.116681849,0.699050479,-4.860418429,57.532110649
291.166681852,0.699424909,-4.865137586,57.542223209
291.216681854,0.689426517,-4.859210906,57.437679087
291.266681857,0.691841742,-4.862917753,57.460914006
291.316681860,0.695617561,-4.867080317,57.498006126
291.366681862,0.695772939,-4.867417134,57.518825316
291.416681865,0.699071966,-4.862888640,57.556686001
291.466681867,0.702240454,-4.860430145,57.557565146
291.516681870,0.706208149,-4.864703300,57.580272816
291.566681873,0.709613523,-4.867644196,57.599120890
291.616681875,0.709638807,-4.870748961,57.611180954
291.666681878,0.707539208,-4.870097763,57.610698305
291.716681880,0.700489598,-4.868670885,57.571662225
291.766681883,0.700120935,-4.866800344,57.566007575
291.816681886,0.706402765,-4.870502516,57.628824768
291.866681888,0.705556606,-4.868848015,57.616143942
291.916681891,0.714054682,-4.864575941,57.675232728
291.966681893,0.712425382,-4.865715796,57.637624623
292.016681896,0.711868312,-4.859173446,57.612555137
292.066681899,0.711265459,-4.860686713,57.610169748
292.116681901,0.701753176,-4.864779973,57.586412707
292.166681904,0.699729671,-4.865090800,57.551236310
292.216681906,0.699313905,-4.869865065,57.575651288
292.266681909,0.699150210,-4.870354151,57.600073706
292.316681912,0.703134614,-4.870296929,57.615004028
292.366681914,0.705564465,-4.869295155,57.612451119
292.416681917,0.705364241,-4.873151189,57.624913322
292.466681919,0.705000800,-4.872324041,57.615525852
292.516681922,0.704787376,-4.869215646,57.597061078
292.566681925,0.705076982,-4.868368846,57.596252148
292.616681927,0.704129687,-4.868827394,57.593581719
292.666681930,0.703289965,-4.871112438,57.594652028
292.716681933,0.703012177,-4.870569275,57.587335402
292.766681935,0.702820128,-4.867645472,57.590563686
292.816681938,0.708999903,-4.871868723,57.640557497
292.866681940,0.709813023,-4.873031438,57.638953001
292.916681943,0.711115475,-4.873078625,57.618757811
292.966681946,0.710025826,-4.869924123,57.600413460
293.016681948,0.708563697,-4.871613652,57.611416480
293.066681951,0.707167702,-4.865888430,57.603660775
293.116681953,0.710997813,-4.865320280,57.641034678
293.166681956,0.712359605,-4.866244254,57.633023000
293.216681959,0.712420046,-4.863514924,57.606704766
293.266681961,0.713380648,-4.860017516,57.605249617
293.316681964,0.712843666,-4.866355058,57.624739012
293.366681966,0.710281259,-4.868741019,57.616396457
293.416681969,0.707373342,-4.868019877,57.586047239
293.466681972,0.702174828,-4.865296871,57.590984025
293.516681974,0.703182685,-4.868038782,57.609350304
293.566681977,0.703658665,-4.869381854,57.612394312
293.616681979,0.696562468,-4.867495594,57.578327552
293.666681982,0.696310058,-4.868325631,57.588719696
293.716681985,0.705902931,-4.870174363,57.624026443
293.766681987,0.705881179,-4.871468754,57.609963119
293.816681990,0.704607102,-4.866575728,57.600183100
293.866681993,0.705530897,-4.870216340,57.600579084
293.916681995,0.707310530,-4.872296030,57.615642745
293.966681998,0.707107871,-4.873571505,57.631602612
294.016682000,0.706846156,-4.875339926,57.622224397
294.066682003,0.704748580,-4.872184499,57.616419928
294.116682006,0.704344710,-4.870779423,57.591666560
294.166682008,0.707647077,-4.869810171,57.578385041
294.216682011,0.700441643,-4.865096288,57.549454201
294.266682013,0.699791936,-4.866538622,57.551761833
294.316682016,0.703488832,-4.871072611,57.576392418
294.366682019,0.701667769,-4.867911527,57.577167378
294.416682021,0.704492975,-4.868002468,57.599841161
294.466682024,0.703519771,-4.870783270,57.622097604
294.516682026,0.705085893,-4.869683773,57.593676933
294.566682029,0.710114388,-4.868403544,57.586955343
294.616682032,0.709487771,-4.862981037,57.557177909
294.666682034,0.708082170,-4.864785826,57.571090036
294.716682037,0.708033604,-4.861902665,57.605023218
294.766682039,0.708675046,-4.860791260,57.601288561
294.816682042,0.712158640,-4.863808407,57.603358326
294.866682045,0.711999886,-4.868796742,57.613796029
294.916682047,0.712825326,-4.872316550,57.624084233
294.966682050,0.711181681,-4.869845307,57.592451598
295.016682052,0.715942237,-4.870878140,57.667012894
295.066682055,0.716581935,-4.873630268,57.654526092
295.116682058,0.699742576,-4.868864261,57.530353875
295.166682060,0.698516330,-4.867211268,57.527555456
295.216682063,0.714455817,-4.868497496,57.636817624
295.266682066,0.715459643,-4.868559186,57.628416313
295.316682068,0.710242682,-4.864407100,57.568883629
295.366682071,0.712783316,-4.860289311,57.554265105
295.416682073,0.703874966,-4.859431422,57.520574848
295.466682076,0.703627238,-4.859746039,57.529990608
295.516682079,0.708359695,-4.864055673,57.595568810
295.566682081,0.710527827,-4.864840554,57.593940155
295.616682084,0.709447594,-4.869061258,57.599179899
295.666682086,0.708009863,-4.870579373,57.598394458
295.716682089,0.702927646,-4.867918452,57.593848517
295.766682092,0.704403417,-4.869047126,57.594613903
295.816682094,0.710759899,-4.873342113,57.612384519
295.866682097,0.711322499,-4.870194300,57.599005301
295.916682099,0.714439990,-4.871358687,57.644717549
295.966682102,0.714315612,-4.874800578,57.627614912
296.016682105,0.706472036,-4.873987280,57.585675289
296.066682107,0.704077514,-4.871788592,57.599083708
296.116682110,0.701489425,-4.868834303,57.536146392
296.166682112,0.702902619,-4.871217604,57.535266508
296.216682115,0.718722948,-4.875363800,57.711760020
296.266682118,0.718654898,-4.872697069,57.693110980
296.316682120,0.713762320,-4.868490510,57.637374514
296.366682123,0.713864414,-4.870462797,57.628887754
296.416682126,0.715091788,-4.873667739,57.663854824
296.466682128,0.714410099,-4.872733945,57.648500878
296.516682131,0.711152162,-4.875662203,57.654194588
296.566682133,0.709518914,-4.876393726,57.639310778
296.616682136,0.703261158,-4.867975116,57.549670740
296.666682139,0.701208783,-4.870005939,57.546632164
296.716682141,0.705587451,-4.869476553,57.595363453
296.766682144,0.709331974,-4.871250859,57.595483697
296.816682146,0.723521247,-4.875659226,57.726347561
296.866682149,0.722852217,-4.876248752,57.711157176
296.916682152,0.713449846,-4.868564083,57.608122381
296.966682154,0.712575183,-4.868750189,57.619891928
297.016682157,0.715948756,-4.870573430,57.613595835
297.066682159,0.717067996,-4.872064570,57.604591888
297.116682162,0.714283299,-4.872131437,57.625573822
297.166682165,0.711560346,-4.873339323,57.632899685
297.216682167,0.708253670,-4.874225563,57.572749295
297.266682170,0.709193542,-4.871209218,57.566150945
297.316682172,0.706313942,-4.865566737,57.542195454
297.366682175,0.703742778,-4.864865092,57.564364223
297.416682178,0.705509374,-4.866316827,57.584123578
297.466682180,0.706590822,-4.871980134,57.591449583
297.516682183,0.705972306,-4.874166897,57.602896984
297.566682185,0.709925037,-4.874031561,57.610810250
297.616682188,0.714820792,-4.871250686,57.616733188
297.666682191,0.715715972,-4.869831461,57.614645111
297.716682193,0.714048931,-4.870457834,57.616290480
297.766682196,0.712550405,-4.873791341,57.624907324
297.816682199,0.712312478,-4.870452305,57.616207077
297.866682201,0.714545829,-4.865934051,57.608649157
297.916682204,0.707048879,-4.866701848,57.555647420
297.966682206,0.707613587,-4.866193753,57.547335498
298.016682209,0.712817746,-4.866538676,57.603556243
298.066682212,0.712065242,-4.866413125,57.601078420
298.116682214,0.706824141,-4.866486708,57.543852123
298.166682217,0.707422360,-4.869439570,57.547566107
298.216682219,0.711296358,-4.865452437,57.575120958
298.266682222,0.710206080,-4.867702639,57.574056912
