t,x,y,yaw_deg
187.316676435,0.000000000,0.000000000,0.000000000
187.366676438,-0.000057586,0.000106823,-0.001624492
187.416676441,-0.000265174,-0.000669879,0.002860640
187.466676443,-0.000221322,-0.000663991,0.002876524
187.516676446,-0.000119814,-0.000336719,0.002331673
187.566676449,-0.000074816,-0.000314914,0.000727371
187.616676451,0.000031479,-0.000386537,0.000895587
187.666676454,-0.000023530,-0.000504899,0.002314807
187.716676456,-0.000337040,-0.000566049,0.000592661
187.766676459,-0.000520212,-0.000786692,0.002545772
187.816676462,-0.000408682,0.000896253,-0.003495283
187.866676464,-0.000313710,0.001286608,-0.005239683
187.916676467,-0.000337216,0.000463596,-0.002370769
187.966676469,-0.000183663,0.000232259,-0.004360876
188.016676472,-0.000172095,0.000422669,-0.003708074
188.066676475,-0.000230184,0.000430448,-0.002824429
188.116676477,-0.000142922,-0.000280804,-0.000677280
188.166676480,-0.000257444,0.000059253,0.000688246
188.216676482,-0.000345397,0.000571298,-0.002525302
188.266676485,-0.000305343,0.000412300,-0.003176160
188.316676488,-0.000137853,0.000487342,-0.001451514
188.366676490,-0.000113934,0.000423956,-0.000853036
188.416676493,-0.000121217,0.000366397,-0.001476489
188.466676495,-0.000260408,0.000441131,-0.000771428
188.516676498,-0.000183125,0.000333933,-0.001797013
188.566676501,-0.000135522,0.000204840,-0.001817820
188.616676503,-0.000257130,-0.000752484,0.000351942
188.666676506,-0.000304606,-0.000508617,0.001450833
188.716676509,-0.000329703,-0.000258802,0.000650897
188.766676511,-0.000159279,-0.000015400,-0.002980965
188.816676514,-0.000117175,-0.000186788,-0.002024569
188.866676516,-0.000326132,-0.000571750,0.002035446
188.916676519,-0.000381820,0.000194034,0.002241594
188.966676522,-0.000316919,0.000444060,0.000744240
189.016676524,-0.000334370,-0.000076021,0.000308476
189.066676527,-0.000346227,-0.000277357,0.000492520
189.116676529,-0.000297399,-0.000185145,0.000170770
189.166676532,-0.000310395,-0.000295799,0.000844743
189.216676535,-0.000368744,-0.000160257,0.001345620
189.266676537,-0.000285960,0.000022875,-0.000021546
189.316676540,-0.000240752,0.000634245,-0.000620189
189.366676542,-0.000348737,0.000696371,0.001789940
189.416676545,-0.000328464,0.000198805,0.002672848
189.466676548,-0.000291076,0.000262840,0.000873071
189.516676550,-0.000259497,-0.000394777,0.001206422
189.566676553,-0.000205458,-0.000457191,0.001104957
189.616676555,-0.000226712,-0.000447329,-0.000525350
189.666676558,-0.000305710,-0.000423166,0.000821978
189.716676561,-0.000213559,0.000595352,0.002157703
189.766676563,-0.000024585,0.000527842,-0.000943621
189.816676566,-0.000060614,-0.000024056,0.000570381
189.866676568,-0.000171763,-0.000132312,0.002787754
189.916676571,-0.000271245,0.000857844,-0.002208174
189.966676574,-0.000258618,0.000201156,-0.000290354
190.016676576,-0.000161225,-0.000596363,0.004422899
190.066676579,-0.000143449,-0.000545303,0.004135562
190.116676582,-0.000211619,-0.000144390,0.001469097
190.166676584,-0.000168309,-0.000310103,0.000037089
190.216676587,-0.000331229,-0.000371062,-0.000870815
190.266676589,-0.000428611,-0.000286556,-0.000083946
190.316676592,-0.000364020,0.000341742,-0.000448025
190.366676595,-0.000149321,0.000503549,-0.002259987
190.416676597,-0.000261745,-0.000250270,-0.000953765
190.466676600,-0.000512703,-0.000176051,0.000971852
190.516676602,-0.000282614,0.000481383,0.001534262
190.566676605,-0.000091768,0.000543246,-0.000695324
190.616676608,-0.000202128,0.000439432,-0.003523351
190.666676610,-0.000378106,0.000295069,-0.001604491
190.716676613,-0.000499052,-0.000323409,0.000212777
190.766676615,-0.000397424,-0.000312773,-0.000485366
190.816676618,-0.000303028,-0.000488903,0.000582706
190.866676621,-0.000362474,-0.000190546,0.000828413
190.916676623,-0.000311284,-0.000068114,0.002470690
190.966676626,-0.000208706,-0.000175972,0.001800994
191.016676628,-0.000278636,0.000097322,0.001478258
191.066676631,-0.000321727,-0.000195810,0.002061674
191.116676634,-0.000279398,-0.000243847,0.002590777
191.166676636,-0.000183729,0.000250850,0.000267848
191.216676639,-0.000383723,-0.000024502,-0.000101428
191.266676642,-0.000379241,0.000080727,-0.000403193
191.316676644,-0.000319139,-0.000205089,0.000353738
191.366676647,-0.000172114,-0.000172283,-0.001395286
191.416676649,-0.000164613,0.000118803,-0.001154835
191.466676652,-0.000355175,0.000023447,0.000587655
191.516676655,-0.000356829,-0.000077176,-0.000276944
191.566676657,-0.000203159,-0.000007844,-0.001691219
191.616676660,-0.000136385,-0.000778423,0.002002967
191.666676662,-0.000339309,-0.000706907,0.004666542
191.716676665,-0.000256509,0.000154931,0.002083210
191.766676668,-0.000312682,-0.000005616,0.001421160
191.816676670,-0.000399974,-0.000576407,0.000338303
191.866676673,-0.000179458,-0.000273070,-0.001932821
191.916676675,-0.000190142,-0.000120340,-0.000109209
191.966676678,-0.000316843,-0.000461523,0.002718245
192.016676681,-0.000316876,0.000320239,0.002372851
192.066676683,-0.000341088,0.000430906,0.000982643
192.116676686,-0.000404427,-0.000161937,-0.002095893
192.166676688,-0.000367817,-0.000141513,-0.001959874
192.216676691,-0.000311464,0.000927652,-0.003981738
192.266676694,-0.000255978,0.000845459,-0.003275540
192.316676696,-0.000129629,0.000216850,0.001061588
192.366676699,0.000029537,0.000204749,-0.002179561
192.416676701,-0.000092742,-0.000289711,-0.003477816
192.466676704,-0.000217040,-0.000090800,-0.001328688
192.516676707,-0.000066701,0.000503577,-0.000450844
192.566676709,-0.000141100,0.000150038,0.001152469
192.616676712,-0.000178586,-0.000065291,0.004643584
192.666676715,-0.000119745,0.000004839,0.003538883
192.716676717,-0.000204436,-0.000606086,0.000845426
192.766676720,-0.000086726,-0.000387293,-0.001422316
192.816676722,-0.000048022,-0.000197910,-0.001371744
192.866676725,-0.000359353,-0.000507804,0.004234986
192.916676728,-0.000422507,-0.000759129,0.001636174
192.966676730,-0.000273402,-0.000617914,-0.000803063
193.016676733,-0.000267498,0.000025712,0.001016741
193.066676735,-0.000296808,-0.000254840,0.001135695
193.116676738,-0.000317927,-0.000511574,0.000083087
193.166676741,-0.000336724,-0.000316106,0.000859032
193.216676743,-0.000313793,0.000825543,-0.001568579
193.266676746,-0.000183897,0.000946997,-0.003938959
193.316676748,-0.000155305,0.000422666,0.000769935
193.366676751,-0.000148011,0.000323149,0.000269227
193.416676754,-0.000019392,-0.000705010,0.002288700
193.466676756,-0.000005186,-0.000813275,0.002868840
193.516676759,-0.000175064,-0.001355437,0.002313522
193.566676761,-0.000173288,-0.001198536,0.002329601
193.616676764,-0.000219201,0.000195227,-0.000482991
193.666676767,-0.000183860,-0.000140106,-0.001104293
193.716676769,-0.000154960,-0.000428249,-0.002634239
193.766676772,-0.000170313,-0.000180696,-0.002929755
193.816676774,-0.000218533,-0.000206987,-0.004190613
193.866676777,-0.000226723,-0.000060768,-0.004318876
193.916676780,-0.000014003,-0.000497290,-0.000837796
193.966676782,-0.000172217,-0.000562397,0.001728678
194.016676785,-0.000341872,0.000301689,-0.001146961
194.066676788,-0.000371628,0.000089129,-0.000657620
194.116676790,-0.000233374,-0.000257558,0.001037206
194.166676793,-0.000140012,-0.000071046,0.000196221
194.216676795,-0.000206632,-0.000806034,0.000243724
194.266676798,-0.000193499,-0.001034910,-0.000745572
194.316676801,-0.000276475,-0.000406514,-0.000754944
194.366676803,-0.000321035,-0.000327317,0.001469721
194.416676806,-0.000443443,-0.000673569,0.000851065
194.466676808,-0.000370009,-0.000673713,-0.000867182
194.516676811,-0.000319864,-0.000705289,0.000616510
194.566676814,-0.000355367,-0.000509511,0.001312337
194.616676816,-0.000224155,-0.000569146,0.003129863
194.666676819,-0.000236207,-0.000750964,0.003263583
194.716676821,-0.000152126,-0.000373541,0.004250382
194.766676824,-0.000094199,-0.000203394,0.002468682
194.816676827,-0.000172607,0.000610475,-0.001824702
194.866676829,-0.000242172,0.000572185,0.000497802
194.916676832,-0.000293636,-0.000470740,0.001666060
194.966676834,-0.000263307,-0.000474605,0.000765507
195.016676837,-0.000271344,-0.000172111,0.001389684
195.066676840,-0.000162466,-0.000117520,0.000514119
195.116676842,-0.000233615,-0.000093121,-0.001898343
195.166676845,-0.000317936,-0.000671140,-0.002333264
195.216676848,-0.000269624,-0.000625160,-0.000900023
195.266676850,-0.000362414,-0.000221222,0.001376689
195.316676853,-0.000420220,-0.000704581,0.000716897
195.366676855,-0.000269864,-0.000455535,-0.001480525
195.416676858,-0.000193866,-0.000117501,-0.001011618
195.466676861,-0.000309605,-0.000074025,-0.000539635
195.516676863,-0.000349593,-0.000036817,-0.000292693
195.566676866,-0.000283186,-0.000218366,-0.001197370
195.616676868,-0.000126279,0.000303005,-0.002921326
195.666676871,-0.000135212,0.000354257,-0.002192572
195.716676874,-0.000259791,0.000526343,-0.001440878
195.766676876,-0.000284189,0.000641444,-0.001150605
195.816676879,-0.000369075,0.000264761,-0.000738247
195.866676881,-0.000461851,0.000158488,0.000601590
195.916676884,-0.000295197,-0.000573653,0.003105497
195.966676887,-0.000141323,-0.000565887,0.001183185
196.016676889,-0.000162235,-0.000673472,0.002880825
196.066676892,-0.000154022,-0.000867529,0.003205704
196.116676894,-0.000128057,-0.000303473,-0.000336713
196.166676897,0.000067404,0.000114312,-0.002910468
196.216676900,-0.000160401,0.000553542,-0.006047481
196.266676902,-0.000360996,0.000363212,-0.003046078
196.316676905,-0.000136445,0.000217808,-0.000358506
196.366676907,-0.000187550,0.000143441,0.001003019
196.416676910,-0.000151268,-0.000317092,0.003323081
196.466676913,0.000107892,-0.000326129,-0.001072711
196.516676915,0.000049321,-0.000315711,-0.002366633
196.566676918,-0.000061288,-0.000266941,-0.000677692
196.616676921,-0.000123166,0.000349597,-0.001515345
196.666676923,-0.000199774,0.000468286,0.000139002
196.716676926,-0.000176425,-0.000073567,-0.000472198
196.766676928,-0.000041266,-0.000190974,-0.002759799
196.816676931,0.000036362,-0.000268699,0.000092027
196.866676934,-0.000125771,-0.000446946,0.002680184
196.916676936,0.000000477,-0.000803178,0.005337194
196.966676939,0.000097850,-0.000611244,0.003507290
197.016676941,-0.000112095,-0.000624207,-0.002428543
197.066676944,-0.000143542,-0.000516037,-0.001834992
197.116676947,-0.000054009,-0.000455319,0.002098646
197.166676949,-0.000042841,-0.000535552,0.002346071
197.216676952,-0.000198775,-0.000910132,0.000242421
197.266676954,-0.000298135,-0.001009128,0.001234321
197.316676957,-0.000264790,-0.000000412,0.000969848
197.366676960,-0.000185852,-0.000141228,-0.000573334
197.416676962,-0.000002352,-0.000112937,0.001907002
197.466676965,-0.000047090,0.000045047,0.001671407
197.516676967,-0.000140110,0.000418073,-0.001106135
197.566676970,-0.000107974,0.000424798,-0.000316365
197.616676973,-0.000187484,-0.000526655,0.000150584
197.666676975,-0.000191645,-0.000682110,-0.000070699
197.716676978,-0.000053768,-0.000654133,0.000008320
197.766676981,-0.000067938,-0.000677957,0.000157058
197.816676983,-0.000120030,-0.000133282,0.000755060
197.866676986,-0.000095621,-0.000048568,0.001450751
197.916676988,-0.000127029,-0.000392732,0.001103359
197.966676991,-0.000194680,-0.000436208,0.001505931
198.016676994,-0.000153412,-0.000986399,0.003629544
198.066676996,-0.000181841,-0.000904786,0.002722386
198.116676999,-0.000154399,-0.000788601,0.002379188
198.166677001,-0.000093893,-0.000502664,0.002922470
198.216677004,-0.000036624,-0.000718637,0.002096375
198.266677007,-0.000058932,-0.000856868,0.002239644
198.316677009,-0.000232452,0.000136556,-0.001817902
198.366677012,-0.000261076,-0.000095442,-0.000803228
198.416677014,-0.000147084,-0.000632234,0.002466660
198.466677017,-0.000062816,-0.000340364,-0.000172899
198.516677020,-0.000038806,-0.000139195,0.000579981
198.566677022,0.000090844,-0.000223041,-0.001275163
198.616677025,0.000042318,0.000345553,-0.003644500
198.666677027,-0.000207307,0.000606029,0.000044052
198.716677030,-0.000340606,0.000625367,-0.001506158
198.766677033,-0.000241277,0.000378423,-0.002125442
198.816677035,-0.000147785,-0.000577147,0.003370369
198.866677038,-0.000018680,-0.000371529,0.001287208
198.916677040,0.000109964,-0.000711000,0.001640933
198.966677043,-0.000132203,-0.000924847,0.004847153
199.016677046,-0.000201997,-0.000100330,0.002879495
199.066677048,-0.000140294,-0.000127264,0.002885987
199.116677051,-0.000075162,-0.000444929,0.003072784
199.166677054,-0.000090409,-0.000531701,0.003538722
199.216677056,-0.000090468,-0.001133627,0.003323130
199.266677059,-0.000039884,-0.000930858,0.000857483
199.316677061,-0.000131482,0.000528007,-0.002384825
199.366677064,-0.000154429,0.000291241,-0.000812576
199.416677067,-0.000247493,-0.000620255,-0.000048757
199.466677069,-0.000172953,-0.000663380,-0.000989713
199.516677072,0.000013522,-0.000281197,-0.000599005
199.566677074,0.000034533,-0.000111865,-0.001301774
199.616677077,-0.000187145,-0.000211586,-0.003986310
199.666677080,-0.000286590,-0.000252062,-0.002332956
199.716677082,-0.000020606,-0.000761062,0.003077887
199.766677085,0.000040011,-0.000837723,0.001940530
199.816677087,-0.000139772,-0.000313069,0.000407065
199.866677090,-0.000232738,-0.000228169,0.000999118
199.916677093,-0.000153937,0.000002393,0.002492965
199.966677095,0.000003704,0.000353079,0.000222560
200.016677098,-0.000161433,0.000560821,-0.004307615
200.066677100,-0.000290047,-0.000030754,-0.001088963
200.116677103,-0.000136476,-0.000350915,0.001412200
200.166677106,-0.000063821,-0.000263727,0.001629904
200.216677108,-0.000169949,-0.000419213,0.001475307
200.266677111,-0.000321923,-0.000199839,0.003450352
200.316677113,-0.000256361,0.000062198,0.004298284
200.366677116,-0.000147418,0.000071151,0.002464038
200.416677119,-0.000115354,-0.000702767,0.002570492
200.466677121,-0.000127511,-0.000718683,0.001936329
200.516677124,-0.000161504,-0.000817679,0.003062895
200.566677127,-0.000253120,-0.000812846,0.004288556
200.616677129,-0.000351001,0.000677684,-0.002694698
200.666677132,-0.000287081,0.000637936,-0.003243315
200.716677134,-0.000126804,-0.000710766,0.005100948
200.766677137,-0.000036002,-0.000749967,0.003011286
200.816677140,-0.000073701,-0.000325853,0.000341652
200.866677142,0.000048371,-0.000189726,-0.000611837
200.916677145,-0.000037016,0.000185444,-0.000795956
200.966677147,-0.000075883,0.000141303,0.000076270
201.016677150,-0.000121480,0.000975019,-0.002660660
201.066677153,-0.000139327,0.000405248,-0.001405146
201.116677155,-0.000068186,-0.001024527,0.001734266
201.166677158,-0.000173221,-0.000308823,0.002864008
201.216677160,-0.000206935,-0.000440883,0.002202835
201.266677163,-0.000131681,-0.000507402,0.001159971
201.316677166,-0.000087994,-0.000634953,0.001100934
201.366677168,-0.000058414,-0.000740381,0.000188182
201.416677171,-0.000098933,-0.000544813,-0.000498113
201.466677173,-0.000241000,-0.000544898,0.002081471
201.516677176,-0.000312599,-0.000132922,0.002625796
201.566677179,-0.000020164,-0.000282188,-0.000961691
201.616677181,0.000037851,0.000356271,-0.002872833
201.666677184,-0.000075325,0.000266006,-0.002154732
201.716677187,-0.000024632,-0.000461067,0.000986907
201.766677189,0.000079422,-0.000493217,-0.000309958
201.816677192,-0.000021155,0.000064493,-0.004106856
201.866677194,-0.000305205,0.000320430,0.000753066
201.916677197,-0.000124657,-0.000357909,0.005949594
201.966677200,-0.000090145,-0.000386601,0.004848758
202.016677202,-0.000185734,-0.001079407,0.003189736
202.066677205,-0.000121827,-0.001344813,0.002225106
202.116677207,-0.000071109,-0.000721024,0.001726011
202.166677210,-0.000023394,-0.000566882,0.001228118
202.216677213,-0.000052832,-0.000538362,0.001581289
202.266677215,-0.000122075,-0.000614627,0.002088510
202.316677218,-0.000159456,-0.000160857,-0.000281881
202.366677220,-0.000209752,0.000172215,0.000846111
202.416677223,-0.000327534,-0.000477451,0.002149499
202.466677226,-0.000188337,-0.000770945,0.000622419
202.516677228,-0.000066761,-0.000336545,0.000390218
202.566677231,-0.000156087,-0.000100813,0.001487823
202.616677233,-0.000227478,-0.000401145,0.000050100
202.666677236,-0.000239408,-0.000822802,-0.000850382
202.716677239,-0.000224926,-0.001196921,-0.002282356
202.766677241,-0.000175368,-0.000891682,-0.001971921
202.816677244,-0.000143154,-0.000631646,0.001004388
202.866677246,-0.000107233,-0.000507320,-0.000641838
202.916677249,0.000024637,-0.000199286,0.002899910
202.966677252,-0.000052924,-0.000350326,0.004477657
203.016677254,-0.000165187,-0.001186163,0.001469583
203.066677257,-0.000209737,-0.001226656,0.002373817
203.116677260,-0.000245955,-0.000184498,0.001399111
203.166677262,-0.000100730,0.000151320,-0.000402239
203.216677265,-0.000133713,-0.000017947,-0.001010276
203.266677267,-0.000048853,-0.000097362,-0.003063764
203.316677270,0.000086883,-0.000392272,-0.002111990
203.366677273,-0.000091401,-0.000477261,0.001099396
203.416677275,-0.000103677,-0.000549836,0.002346128
203.466677278,-0.000113250,-0.000415560,0.002986371
203.516677280,-0.000248960,-0.000215886,0.000696565
203.566677283,-0.000207042,-0.000691600,0.001704930
203.616677286,-0.000211462,-0.000138997,0.001553642
203.666677288,-0.000134097,0.000051495,-0.000039421
203.716677291,-0.000142165,-0.000325772,-0.000353764
203.766677293,-0.000116098,-0.000330738,-0.001698847
203.816677296,-0.000006367,-0.000421563,-0.000355225
203.866677299,-0.000003559,-0.000319536,-0.000138731
203.916677301,0.000100827,-0.000938165,0.001350427
203.966677304,0.000150761,-0.001279409,0.001454019
204.016677306,-0.000061112,-0.001109901,0.000996866
204.066677309,-0.000140076,-0.000866945,0.001972196
204.116677312,-0.000169017,-0.000735032,-0.000928341
204.166677314,-0.000109320,-0.000896251,-0.001346092
204.216677317,0.000300143,-0.000965136,0.005982316
204.266677320,0.000082339,-0.001136381,0.010470340
204.316677322,0.000307617,-0.001629235,0.016531647
204.366677325,0.000113630,-0.001775439,0.019387069
204.416677327,0.000339517,-0.000881852,0.020587747
204.466677330,0.000110646,-0.000916133,0.025962231
204.516677333,0.000676259,-0.001126585,0.037938317
204.566677335,-0.000133992,-0.001411977,0.049364763
204.616677338,0.000507374,-0.001843708,0.064407573
204.666677340,0.000444230,-0.001833973,0.066038276
204.716677343,0.001338893,-0.002840092,0.077803666
204.766677346,0.005005445,-0.001439942,0.036651851
204.816677348,0.009604438,-0.005777323,0.095940666
204.866677351,0.016834964,-0.002961308,0.019857207
204.916677353,0.022893591,-0.007698635,0.092902675
204.966677356,0.030566523,-0.004590489,0.010815109
205.016677359,0.036635541,-0.007079849,0.084597547
205.066677361,0.044013071,-0.004042275,0.007521246
205.116677364,0.050059335,-0.007431176,0.084379582
205.166677366,0.057352496,-0.003647929,0.006265731
205.216677369,0.063546843,-0.007591563,0.083937330
205.266677372,0.070772708,-0.004607705,0.008014879
205.316677374,0.076986468,-0.007493452,0.087117828
205.366677377,0.084000833,-0.004853017,0.013844793
205.416677379,0.090061760,-0.007870885,0.086571759
205.466677382,0.097282075,-0.004397425,0.012519430
205.516677385,0.102941546,-0.007125475,0.079535789
205.566677387,0.109902972,-0.004189539,0.005730819
205.616677390,0.116181859,-0.007088089,0.081602175
205.666677393,0.123099184,-0.004001461,0.008202381
205.716677395,0.129423367,-0.006897328,0.081665605
205.766677398,0.136712280,-0.003777002,0.006782854
205.816677400,0.142670434,-0.006512129,0.080603609
205.866677403,0.149868501,-0.003243701,0.002756133
205.916677406,0.156183744,-0.006783224,0.079936861
205.966677408,0.163514738,-0.003648997,0.003832412
206.016677411,0.169665007,-0.006283724,0.083654777
206.066677413,0.176658579,-0.003296919,0.011460266
206.116677416,0.183059892,-0.006555056,0.085781460
206.166677419,0.190414994,-0.003216800,0.005189357
206.216677421,0.196828791,-0.006242684,0.084637366
206.266677424,0.204204819,-0.002900071,0.003084777
206.316677426,0.210604987,-0.006171739,0.083093023
206.366677429,0.218223284,-0.002882043,0.002367397
206.416677432,0.224800140,-0.006322939,0.083887811
206.466677434,0.232365341,-0.003352133,0.004559109
206.516677437,0.238839537,-0.006223616,0.086438589
206.566677439,0.246715995,-0.003054330,0.003413859
206.616677442,0.253350113,-0.006222949,0.085802494
206.666677445,0.261217121,-0.003383380,0.001249534
206.716677447,0.267977262,-0.006626640,0.085981837
206.766677450,0.275552377,-0.003723169,0.006384639
206.816677452,0.282341221,-0.006825989,0.089271642
206.866677455,0.290499190,-0.003505613,0.001960531
206.916677458,0.297449282,-0.006873830,0.084733563
206.966677460,0.305147268,-0.003908965,0.004110836
207.016677463,0.312095491,-0.007172295,0.088446193
207.066677466,0.320177497,-0.004140674,0.003736256
207.116677468,0.327278948,-0.007055111,0.089536699
207.166677471,0.335534631,-0.003649626,0.000556449
207.216677473,0.342508468,-0.007687395,0.086458205
207.266677476,0.350904116,-0.004532290,-0.001968757
207.316677479,0.357925507,-0.006880705,0.084419689
207.366677481,0.365987166,-0.004257514,-0.000376131
207.416677484,0.373042197,-0.008275789,0.086959170
207.466677486,0.381221214,-0.004989981,-0.000034431
207.516677489,0.388334625,-0.007502923,0.085184897
207.566677492,0.396331498,-0.004889219,0.000044282
207.616677494,0.403397600,-0.008203567,0.085285433
207.666677497,0.411252277,-0.005260079,0.001354448
207.716677499,0.418143866,-0.007751261,0.082837395
207.766677502,0.426362512,-0.005196951,-0.003009593
207.816677505,0.433434578,-0.008787162,0.084590013
207.866677507,0.441501244,-0.005788548,-0.000836123
207.916677510,0.448221835,-0.008247091,0.080229367
207.966677512,0.456005732,-0.005353861,-0.000737382
208.016677515,0.462707961,-0.007080843,0.080901786
208.066677518,0.470635052,-0.004577670,-0.002236403
208.116677520,0.477439094,-0.006890618,0.078149879
208.166677523,0.485081144,-0.004497210,-0.002652051
208.216677526,0.491795112,-0.007570061,0.078939459
208.266677528,0.499055198,-0.005499630,0.001833721
208.316677531,0.505413125,-0.007633524,0.079070660
208.366677533,0.512948820,-0.005032158,-0.000309551
208.416677536,0.519427176,-0.007453104,0.080586756
208.466677539,0.526787156,-0.004746797,0.002825658
208.516677541,0.533211998,-0.007086029,0.082290283
208.566677544,0.540599939,-0.004974003,0.004465567
208.616677546,0.546929102,-0.007634455,0.082483691
208.666677549,0.554384857,-0.004796998,0.005682078
208.716677552,0.560292014,-0.006005296,0.078278357
208.766677554,0.567525238,-0.003773691,0.002432487
208.816677557,0.573671835,-0.007017649,0.078821921
208.866677559,0.580774762,-0.004840408,0.003347321
208.916677562,0.586942851,-0.006280724,0.078389498
208.966677565,0.593899949,-0.004088406,0.002539840
209.016677567,0.600242431,-0.005783544,0.078611350
209.066677570,0.607139272,-0.003734772,0.004522555
209.116677572,0.613149124,-0.006035980,0.077376253
209.166677575,0.620256319,-0.003965476,0.005075560
209.216677578,0.626344239,-0.005533927,0.077244663
209.266677580,0.633537977,-0.003361898,0.002241611
209.316677583,0.639510585,-0.005879045,0.079493668
209.366677585,0.646714142,-0.004151383,0.006336430
209.416677588,0.652666342,-0.005725183,0.079171552
209.466677591,0.659820144,-0.003380568,0.005650805
209.516677593,0.666057577,-0.004622157,0.077390289
209.566677596,0.673304848,-0.002648337,0.005959403
209.616677599,0.679548158,-0.005268821,0.079935514
209.666677601,0.686759469,-0.003189131,0.004126810
209.716677604,0.693222688,-0.005110880,0.079265168
209.766677606,0.700366797,-0.003247044,0.003477795
209.816677609,0.706626820,-0.004891115,0.077016800
209.866677612,0.714052588,-0.002805181,-0.000804904
209.916677614,0.720770803,-0.005393998,0.078933321
209.966677617,0.728055898,-0.003254656,-0.000330081
210.016677619,0.734597701,-0.004969644,0.079163782
210.066677622,0.742415276,-0.002858112,-0.000614041
210.116677625,0.748971411,-0.005981534,0.081179830
210.166677627,0.756648775,-0.003777730,0.001904315
210.216677630,0.763138973,-0.005531993,0.082424659
210.266677632,0.770886272,-0.003645365,0.003119758
210.316677635,0.777708369,-0.004993871,0.085080275
210.366677638,0.785504884,-0.003066020,0.001877404
210.416677640,0.792410357,-0.006265866,0.082185937
210.466677643,0.800215215,-0.004363117,-0.000941337
210.516677645,0.807246336,-0.005648342,0.081585742
210.566677648,0.815198274,-0.003645041,-0.000889905
210.616677651,0.822112705,-0.006356412,0.082133072
210.666677653,0.830181113,-0.004224235,-0.004560303
210.716677656,0.837153069,-0.006745254,0.079448447
210.766677659,0.845209008,-0.004537735,-0.003161757
210.816677661,0.852219032,-0.006471600,0.082248163
210.866677664,0.860830900,-0.004626784,-0.003988178
210.916677666,0.867860352,-0.006667867,0.079390535
210.966677669,0.875683601,-0.004950880,-0.000368063
211.016677672,0.882793203,-0.006820124,0.083915982
211.066677674,0.890971426,-0.005096628,-0.004497022
211.116677677,0.897981667,-0.006726850,0.077173590
211.166677679,0.905931556,-0.004587344,-0.005766942
211.216677682,0.913026707,-0.007183966,0.079614371
211.266677685,0.921124391,-0.005448410,-0.005799504
211.316677687,0.928130971,-0.008007307,0.077374066
211.366677690,0.936225084,-0.006563108,-0.005984328
211.416677692,0.942817641,-0.007795476,0.076228592
211.466677695,0.950948880,-0.005749886,-0.005741006
211.516677698,0.957802312,-0.006836996,0.076176899
211.566677700,0.965739148,-0.005334186,-0.004275851
211.616677703,0.972572562,-0.006759726,0.080458448
211.666677705,0.980336851,-0.005577198,-0.000114689
211.716677708,0.987242159,-0.006860730,0.079693758
211.766677711,0.995078555,-0.005595906,-0.001943246
211.816677713,1.001437570,-0.006470916,0.072826004
211.866677716,1.008827258,-0.005191358,-0.002880330
211.916677718,1.015323648,-0.006442517,0.074186089
211.966677721,1.023003093,-0.004956771,-0.006504642
212.016677724,1.029563780,-0.006835064,0.072644684
212.066677726,1.036597141,-0.005225582,-0.002024956
212.116677729,1.042797003,-0.006104666,0.073210916
212.166677732,1.050410592,-0.005092346,-0.004646869
212.216677734,1.056687900,-0.006139582,0.071310773
212.266677737,1.064100274,-0.004858712,-0.003345940
212.316677739,1.070351482,-0.005805406,0.073052549
212.366677742,1.077537794,-0.004985211,-0.002017664
212.416677745,1.083695041,-0.005281134,0.069887544
212.466677747,1.090854513,-0.003729975,-0.001980547
212.516677750,1.096208407,-0.005081040,0.059620017
212.566677752,1.099455283,-0.004938178,0.027281014
212.616677755,1.100642714,-0.004824778,0.040075499
212.666677758,1.100811202,-0.004634856,0.038954689
212.716677760,1.100753157,-0.005404657,0.037357970
212.766677763,1.100666494,-0.005995372,0.038223828
212.816677765,1.100562748,-0.005465186,0.034971466
212.866677768,1.100511857,-0.005096939,0.035574609
212.916677771,1.100424686,-0.004673462,0.036802724
212.966677773,1.100390159,-0.004361168,0.035839362
213.016677776,1.100263880,-0.004461087,0.034285369
213.066677778,1.100018441,-0.004371078,0.037305423
213.116677781,1.099858887,-0.004631004,0.034238772
213.166677784,1.099689873,-0.004799107,0.036418132
213.216677786,1.099614365,-0.004587313,0.036705415
213.266677789,1.099506932,-0.004818296,0.038013096
213.316677791,1.099285499,-0.004791094,0.036498731
213.366677794,1.099151617,-0.004730127,0.037189922
213.416677797,1.099220275,-0.004072023,0.036802095
213.466677799,1.098606913,-0.004237523,0.046050933
213.516677802,1.098994613,-0.004128328,0.055300309
213.566677805,1.098292131,-0.004169079,0.062923952
213.616677807,1.098771656,-0.004113240,0.074029015
213.666677810,1.097929961,-0.004383705,0.087628275
213.716677812,1.098525161,-0.003438439,0.100235350
213.766677815,1.097592266,-0.003677030,0.112229117
213.816677818,1.098162077,-0.003556024,0.122204452
213.866677820,1.097455527,-0.003784003,0.131901580
213.916677823,1.097956896,-0.003298932,0.142747811
213.966677825,1.097199750,-0.003258515,0.152964654
214.016677828,1.097560810,-0.003268242,0.162917378
214.066677831,1.097245972,-0.003390430,0.168292883
214.116677833,1.097670649,-0.003070190,0.174216239
214.166677836,1.096844191,-0.003301567,0.187155870
214.216677838,1.098143112,-0.003459702,0.210739745
214.266677841,1.097510850,-0.003467747,0.220199253
214.316677844,1.098370538,-0.003134171,0.235829760
214.366677846,1.097249558,-0.003692798,0.252454654
214.416677849,1.098363668,-0.003736160,0.273897136
214.466677851,1.097627446,-0.003884667,0.284765196
214.516677854,1.098354242,-0.003757614,0.297921733
214.566677857,1.097935587,-0.003708944,0.305303096
214.616677859,1.098331959,-0.003634807,0.312716109
214.666677862,1.097856420,-0.003935081,0.319085837
214.716677865,1.098264306,-0.003753874,0.326518102
214.766677867,1.097870598,-0.003792628,0.331948655
214.816677870,1.099431952,-0.003626276,0.361359172
214.866677872,1.097535469,-0.004363228,0.390318893
214.916677875,1.099246068,-0.004058027,0.422013032
214.966677878,1.097820364,-0.003992324,0.442646776
215.016677880,1.098553098,-0.004083724,0.456089848
215.066677883,1.085479569,-0.006932968,0.649684927
215.116677885,1.119225922,0.000797184,1.252569329
215.166677888,1.065636502,-0.012266687,2.071651123
215.216677891,1.125011992,0.003275125,3.205077693
215.266677893,1.063924566,-0.008603605,4.122245521
215.316677896,1.124998557,-0.001312083,5.318490956
215.366677898,1.064041937,-0.012821459,6.272879845
215.416677901,1.126280426,0.001030179,7.474498444
215.466677904,1.063686180,-0.005478713,8.420544580
215.516677906,1.126967266,-0.003361722,9.641744740
215.566677909,1.064296598,-0.003220569,10.554260440
215.616677911,1.126190506,-0.002134736,11.795132786
215.666677914,1.065822484,-0.000902597,12.719031780
215.716677917,1.126231697,-0.003184476,13.967697460
215.766677919,1.066043490,-0.000763098,14.847264784
215.816677922,1.125169892,-0.003086660,16.136001349
215.866677924,1.067862970,0.001272981,16.979651381
215.916677927,1.124850881,-0.004680858,18.310907204
215.966677930,1.068773030,0.000324147,19.122738187
216.016677932,1.123682832,-0.002649044,20.467646170
216.066677935,1.070242240,0.000734465,21.255375168
216.116677938,1.122536304,-0.005167767,22.637987368
216.166677940,1.071315506,0.002232737,23.386874305
216.216677943,1.121686227,-0.007035329,24.792115134
216.266677945,1.070728420,0.001472994,25.543689917
216.316677948,1.121616589,-0.008921701,26.927692228
216.366677951,1.070655249,0.002523146,27.711133064
216.416677953,1.120747161,-0.008995833,29.096902424
216.466677956,1.071460727,-0.000961646,29.832513582
216.516677958,1.119900728,-0.007564098,31.232546509
216.566677961,1.072342002,-0.000875107,31.975322228
216.616677964,1.119864316,-0.008498237,33.417885173
216.666677966,1.071867001,-0.000995605,34.132675860
216.716677969,1.120211281,-0.008368549,35.535851581
216.766677971,1.073409984,-0.002527126,36.275106701
216.816677974,1.118598346,-0.010571985,37.699471658
216.866677977,1.081523941,-0.005282617,38.307070181
216.916677979,1.099440970,-0.008633436,38.854716909
216.966677982,1.096221218,-0.008270323,38.930172481
217.016677984,1.097172686,-0.008813226,38.963264589
217.066677987,1.096588001,-0.008728715,38.972950140
217.116677990,1.096406231,-0.008350384,38.973443382
217.166677992,1.096352174,-0.009064322,38.970259323
217.216677995,1.096087640,-0.009499645,38.964120828
217.266677998,1.096656328,-0.009000258,38.957044488
217.316678000,1.096485867,-0.009196399,38.949828318
217.366678003,1.096838976,-0.009086676,38.943640010
217.416678005,1.096245811,-0.008036509,38.928846253
217.466678008,1.097013695,-0.008050211,38.915819271
217.516678011,1.096531194,-0.007774009,38.885424684
217.566678013,1.096653495,-0.007893726,38.883696407
217.616678016,1.096216214,-0.007683346,38.881303261
217.666678018,1.096608640,-0.008437026,38.874764889
217.716678021,1.096113808,-0.009069587,38.862991555
217.766678024,1.096594200,-0.008573162,38.854817822
217.816678026,1.095980339,-0.008179063,38.834573450
217.866678029,1.096380440,-0.008359342,38.830992797
217.916678031,1.096061731,-0.008616877,38.824803088
217.966678034,1.096366787,-0.008535427,38.818060291
218.016678037,1.096271248,-0.007860941,38.789949234
218.066678039,1.096763344,-0.007829830,38.782552771
218.116678042,1.096399078,-0.007381347,38.779833844
218.166678044,1.096690840,-0.007924249,38.772042942
218.216678047,1.105865577,-0.009468250,39.038841899
218.266678050,1.077383346,-0.005349985,39.492779884
218.316678052,1.117382793,-0.011428261,40.743771251
218.366678055,1.073926042,-0.005437690,41.439086312
218.416678057,1.116270663,-0.009206259,42.874451334
218.466678060,1.069777148,-0.008539755,43.653617122
218.516678063,1.119134260,-0.010832699,45.008242353
218.566678065,1.074766878,-0.008892657,45.742416658
218.616678068,1.113687867,-0.010284052,47.279309506
218.666678071,1.070726550,-0.009672033,47.938117475
218.716678073,1.115940566,-0.009964374,49.373044383
218.766678076,1.075538023,-0.009570056,50.056147026
218.816678078,1.115728400,-0.009923568,51.526843145
218.866678081,1.077203402,-0.009529953,52.159612540
218.916678084,1.114596469,-0.012119180,53.686168851
218.966678086,1.079293924,-0.010783307,54.293745807
219.016678089,1.116187302,-0.011839501,55.813357804
219.066678091,1.079966422,-0.011484942,56.426328811
219.116678094,1.117378161,-0.011107411,57.949675861
219.166678097,1.075969861,-0.011376482,58.664545800
219.216678099,1.119839866,-0.013837169,60.060174223
219.266678102,1.074370510,-0.013941753,60.842071928
219.316678104,1.119333910,-0.012048745,62.218454446
219.366678107,1.073988930,-0.014445157,62.974940088
219.416678110,1.119244640,-0.011040817,64.362548092
219.466678112,1.074059746,-0.016334886,65.149127836
219.516678115,1.120187875,-0.009913492,66.498586759
219.566678117,1.074564534,-0.016502004,67.306349410
219.616678120,1.120063227,-0.008597807,68.664234968
219.666678123,1.075884516,-0.015440812,69.432392873
219.716678125,1.120258837,-0.007798132,70.813581103
219.766678128,1.077118480,-0.018058366,71.579422496
219.816678130,1.120530536,-0.008948885,72.968242816
219.866678133,1.076792377,-0.019648074,73.734918665
219.916678136,1.120903811,-0.006648380,75.142900997
219.966678138,1.075683855,-0.020385384,75.900179458
220.016678141,1.121605768,-0.005610780,77.307790444
220.066678144,1.079387604,-0.021745402,78.013143566
220.116678146,1.113107173,-0.005059598,79.213877238
220.166678149,1.095123479,-0.013685944,79.499759768
220.216678151,1.096204482,-0.006641596,79.651046747
220.266678154,1.097564503,-0.008417837,79.717414247
220.316678157,1.097786487,-0.007626104,79.759350872
220.366678159,1.097430784,-0.008432233,79.774111215
220.416678162,1.097484214,-0.008177277,79.779114374
220.466678164,1.097284882,-0.008028704,79.786733336
220.516678167,1.097468545,-0.007737395,79.796255154
220.566678170,1.097238623,-0.008095145,79.807842024
220.616678172,1.097491851,-0.007882813,79.821648863
220.666678175,1.090313795,-0.011286216,79.963963258
220.716678177,1.117478549,-0.001961227,80.836559064
220.766678180,1.087912677,-0.017931064,81.390373409
220.816678183,1.101892445,-0.005485224,81.954271094
220.866678185,1.098421768,-0.008313964,82.016215175
220.916678188,1.108458784,-0.003616604,82.382002494
220.966678190,1.082224786,-0.017404376,82.867359748
221.016678193,1.112457735,-0.000782826,83.881958616
221.066678196,1.097473588,-0.012467074,84.125206728
221.116678198,1.097440516,-0.005545317,84.314302784
221.166678201,1.088895220,-0.011659848,84.512180657
221.216678204,1.119570648,0.001218929,85.412094122
221.266678206,1.088914077,-0.017683303,85.952757850
221.316678209,1.102519443,-0.002586978,86.505960196
221.366678211,1.098898071,-0.007428829,86.575677082
221.416678214,1.098376343,-0.005909099,86.637349387
221.466678217,1.089930556,-0.010627203,86.819096860
221.516678219,1.118423782,0.000939275,87.731385425
221.566678222,1.088648175,-0.016231485,88.249461817
221.616678224,1.102429015,-0.003431749,88.818421819
221.666678227,1.099291397,-0.007564798,88.875628729
221.716678230,1.109228448,-0.001911753,89.240825820
221.766678232,1.081404419,-0.018570986,89.767205457
221.816678235,1.112092580,0.003401712,90.744535889
221.866678237,1.097440691,-0.010636274,91.011047746
221.916678240,1.098267052,-0.003903600,91.177849514
221.966678243,1.097883109,-0.005512069,91.213030996
222.016678245,1.108497058,-0.000941650,91.536463732
222.066678248,1.080261203,-0.017513315,92.088051167
222.116678250,1.112066895,0.001319326,93.042108003
222.166678253,1.097308945,-0.009357560,93.296506235
222.216678256,1.098573634,-0.002760351,93.483070548
222.266678258,1.098465573,-0.005345804,93.512343849
222.316678261,1.098961724,-0.004755075,93.542351626
222.366678263,1.098561460,-0.005322096,93.556152975
222.416678266,1.098692274,-0.004265832,93.573731771
222.466678269,1.098732355,-0.004316340,93.580922997
222.516678271,1.098610717,-0.004212757,93.592490332
222.566678274,1.098279262,-0.004420002,93.601339164
222.616678277,1.098789906,-0.003446799,93.614552522
222.666678279,1.098313530,-0.004483629,93.625323736
222.716678282,1.098349874,-0.003905603,93.638903651
222.766678284,1.098270474,-0.004032257,93.639693896
222.816678287,1.097939799,-0.004551293,93.634056275
222.866678290,1.098049855,-0.004516869,93.642358967
222.916678292,1.098210075,-0.004395920,93.658352419
222.966678295,1.098113791,-0.004463430,93.669295532
223.016678297,1.098461389,-0.004074028,93.681820971
223.066678300,1.097982991,-0.004021707,93.681095538
223.116678303,1.097998080,-0.003349063,93.682259866
223.166678305,1.098134442,-0.004243448,93.691085999
223.216678308,1.098556046,-0.004196258,93.708324171
223.266678310,1.098543594,-0.003620515,93.705660114
223.316678313,1.098688395,-0.003762267,93.708070850
223.366678316,1.098402142,-0.003762219,93.716628223
223.416678318,1.098414065,-0.003239108,93.718041667
223.466678321,1.096392842,-0.005812754,93.789721543
223.516678323,1.108904825,-0.000603626,94.184922600
223.566678326,1.102010499,-0.010228489,94.389338929
223.616678329,1.116454820,-0.001640873,94.803957455
223.666678331,1.115736822,-0.006136885,94.889904430
223.716678334,1.124087526,-0.001334426,95.066339803
223.766678337,1.129608297,-0.004176180,95.096092388
223.816678339,1.138429927,-0.002722962,95.193173064
223.866678342,1.143868711,-0.002294619,95.178141455
223.916678344,1.151814159,-0.001402794,95.225728190
223.966678347,1.158442314,-0.002236793,95.219817461
224.016678350,1.166423175,-0.002176031,95.261730950
224.066678352,1.172623893,-0.001595469,95.238523263
224.116678355,1.180668745,-0.001713778,95.277595369
224.166678357,1.186626553,-0.000329066,95.246150363
224.216678360,1.194329153,-0.000360121,95.281544610
224.266678363,1.200707945,0.000305958,95.251565060
224.316678365,1.209037797,0.000316230,95.280836587
224.366678368,1.215540058,0.001629042,95.244000339
224.416678370,1.223566447,0.001789423,95.275363743
224.466678373,1.230084703,0.001943249,95.241908262
224.516678376,1.237135943,0.002161360,95.264176185
224.566678378,1.243683537,0.002242685,95.243672831
224.616678381,1.251865745,0.002347265,95.266099605
224.666678383,1.258111874,0.002769841,95.229155410
224.716678386,1.265951603,0.003201668,95.261556958
224.766678389,1.272518573,0.004347894,95.228229105
224.816678391,1.279626755,0.005059223,95.260589157
224.866678394,1.282781735,0.005020491,95.256640885
224.916678396,1.284394076,0.004681757,95.263061393
224.966678399,1.284556070,0.005389351,95.262646478
225.016678402,1.284526064,0.005503344,95.257579022
225.066678404,1.284485452,0.004985041,95.260055165
225.116678407,1.284595875,0.004884329,95.262180965
225.166678410,1.284623769,0.004876121,95.252178839
225.216678412,1.284679675,0.004717052,95.253054666
225.266678415,1.284952094,0.004212939,95.264264403
225.316678417,1.284980351,0.005016665,95.264705310
225.366678420,1.284610909,0.005471882,95.256141458
225.416678423,1.284810576,0.004966281,95.264545054
225.466678425,1.285235408,0.005196009,95.263703360
225.516678428,1.285378706,0.005400656,95.261991659
225.566678430,1.285228921,0.005408200,95.264109110
225.616678433,1.285036387,0.005671498,95.258470282
225.666678436,1.285428560,0.005363820,95.262088586
225.716678438,1.285597148,0.005294466,95.266260730
225.766678441,1.285241386,0.005105642,95.276194022
225.816678443,1.285567614,0.006215041,95.299845140
225.866678446,1.285407160,0.006379121,95.304423662
225.916678449,1.285850277,0.006447737,95.311348068
225.966678451,1.285767055,0.005538855,95.325703986
226.016678454,1.285962651,0.006055219,95.338697040
226.066678456,1.286069257,0.006722508,95.335581373
226.116678459,1.286385307,0.006994833,95.347436511
226.166678462,1.285817737,0.006122789,95.354661382
226.216678464,1.286087015,0.006969780,95.358065372
226.266678467,1.287028086,0.010262689,95.343990423
226.316678470,1.287723997,0.016695189,95.364203796
226.366678472,1.288656532,0.021394406,95.348852236
226.416678475,1.288767837,0.028386489,95.369741790
226.466678477,1.288926708,0.035454744,95.347302138
226.516678480,1.288627273,0.043659078,95.372775552
226.566678483,1.288305875,0.050154878,95.351168341
226.616678485,1.287578296,0.058081995,95.365044481
226.666678488,1.287346322,0.065561598,95.339389250
226.716678490,1.286097200,0.073064547,95.360513921
226.766678493,1.285419989,0.080644139,95.334588942
226.816678496,1.284360535,0.089669699,95.356790450
226.866678498,1.283768276,0.096100611,95.355634247
226.916678501,1.282634933,0.103967035,95.364918229
226.966678503,1.281998374,0.111208491,95.343598187
227.016678506,1.280899157,0.119280579,95.360903902
227.066678509,1.280335930,0.125193307,95.356376110
227.116678511,1.278827247,0.133646244,95.375602711
227.166678514,1.278377691,0.140597011,95.349534853
227.216678516,1.277775502,0.148584668,95.363408685
227.266678519,1.277465338,0.154934085,95.344240075
227.316678522,1.276221580,0.163433939,95.360148297
227.366678524,1.275866140,0.170846688,95.336828410
227.416678527,1.274765106,0.179142995,95.362142529
227.466678529,1.274047894,0.185064044,95.350686704
227.516678532,1.272977866,0.193664259,95.370287884
227.566678535,1.272213867,0.200864745,95.336459058
227.616678537,1.270955735,0.208991710,95.359538495
227.666678540,1.270363694,0.215481765,95.346427923
227.716678543,1.269560330,0.223171550,95.361379268
227.766678545,1.269318924,0.229824135,95.344916649
227.816678548,1.268522427,0.237636946,95.366017240
227.866678550,1.268109289,0.243418431,95.357495813
227.916678553,1.267057712,0.251877454,95.364826102
227.966678556,1.266340309,0.258639544,95.345545343
228.016678558,1.265015168,0.266257146,95.365090520
228.066678561,1.264208741,0.272547500,95.350217046
228.116678563,1.263534483,0.280539111,95.365978578
228.166678566,1.263383439,0.286432120,95.344259790
228.216678569,1.261969155,0.294840293,95.358969619
228.266678571,1.261873476,0.301738925,95.339846118
228.316678574,1.260831496,0.308348196,95.356425823
228.366678576,1.259788334,0.313072410,95.354927706
228.416678579,1.259188308,0.320756301,95.369681273
228.466678582,1.259143223,0.326476984,95.352881716
228.516678584,1.258336161,0.334405970,95.373392971
228.566678587,1.257683211,0.340809811,95.351567419
228.616678589,1.257354068,0.347871746,95.360496789
228.666678592,1.257435358,0.353468242,95.347206172
228.716678595,1.256836986,0.360380849,95.358506203
228.766678597,1.256441131,0.366761384,95.341081645
228.816678600,1.255245362,0.374568537,95.358802841
228.866678602,1.255437182,0.380436215,95.349373368
228.916678605,1.254449400,0.387351979,95.367306888
228.966678608,1.253565466,0.393321696,95.343958342
229.016678610,1.252789383,0.400241571,95.361074778
229.066678613,1.252709663,0.405482929,95.343417210
229.116678616,1.252367974,0.413129414,95.363463342
229.166678618,1.252243890,0.419562816,95.339893969
229.216678621,1.251116891,0.426691511,95.354864216
229.266678623,1.250859936,0.433013803,95.339159517
229.316678626,1.250397961,0.440607096,95.353807649
229.366678629,1.249841096,0.446137450,95.340200861
229.416678631,1.249508173,0.453499880,95.356762261
229.466678634,1.249420358,0.459461362,95.334099766
229.516678636,1.248767261,0.467098583,95.352038393
229.566678639,1.248157963,0.473616142,95.340355027
229.616678642,1.247058283,0.481168050,95.353580202
229.666678644,1.246850387,0.488983831,95.329903628
229.716678647,1.245988786,0.496280683,95.339593027
229.766678649,1.245133537,0.502029459,95.342204262
229.816678652,1.244111753,0.509711362,95.353932078
229.866678655,1.244021269,0.515326354,95.323224130
229.916678657,1.243308625,0.522415454,95.346941670
229.966678660,1.243135792,0.529022531,95.333791557
230.016678662,1.242336757,0.537279544,95.351782107
230.066678665,1.242014043,0.544001768,95.343804727
230.116678668,1.241334366,0.551699637,95.364873569
230.166678670,1.241361530,0.557631649,95.340077220
230.216678673,1.240173511,0.566564682,95.346292723
230.266678676,1.239390843,0.573719551,95.336532250
230.316678678,1.238006915,0.581886800,95.348957293
230.366678681,1.237523288,0.588065736,95.335693613
230.416678683,1.236398625,0.596851862,95.363519652
230.466678686,1.235990315,0.604401960,95.334092914
230.516678689,1.235034592,0.611267511,95.340094547
230.566678691,1.234760237,0.615126309,95.330750726
230.616678694,1.234754540,0.617803402,95.343525299
230.666678696,1.234572515,0.618246664,95.349310136
230.716678699,1.234452785,0.618071119,95.342656925
230.766678702,1.234721089,0.618590024,95.338448052
230.816678704,1.234400080,0.619226353,95.336611136
230.866678707,1.234293484,0.619454782,95.335033343
230.916678709,1.234370485,0.619687045,95.339979780
230.966678712,1.234677551,0.619673313,95.339783947
231.016678715,1.234560527,0.619175596,95.330822801
231.066678717,1.234700427,0.618562872,95.340657027
231.116678720,1.234625216,0.617989515,95.329621681
231.166678722,1.234915766,0.618545265,95.309483425
231.216678725,1.235086166,0.618757815,95.310063875
231.266678728,1.234945991,0.619594216,95.308844481
231.316678730,1.234594949,0.619446446,95.300819942
231.366678733,1.234719101,0.619536866,95.302026787
231.416678735,1.234708514,0.619464734,95.297637597
231.466678738,1.235164515,0.619241819,95.293380842
231.516678741,1.235327863,0.619281899,95.292342910
231.566678743,1.234863835,0.619352849,95.297280463
231.616678746,1.234993194,0.619275783,95.305310145
231.666678749,1.234989856,0.619183364,95.302789231
231.716678751,1.234617718,0.619612207,95.300562135
231.766678754,1.234647547,0.619542408,95.295609668
231.816678756,1.233744184,0.618624571,95.290212777
231.866678759,1.230906400,0.616919415,95.324087684
231.916678762,1.225291797,0.615493519,95.290032950
231.966678764,1.219107290,0.613629838,95.321002759
232.016678767,1.211860437,0.611502333,95.297250725
232.066678769,1.205203341,0.609651027,95.331637291
232.116678772,1.198041833,0.608980240,95.304318054
232.166678775,1.191071757,0.607903225,95.342709814
232.216678777,1.184060317,0.606985516,95.310872717
232.266678780,1.177766397,0.604915950,95.344285226
232.316678782,1.170225642,0.603802472,95.309849328
232.366678785,1.163507973,0.603387068,95.325905486
232.416678788,1.156333853,0.602818717,95.307208553
232.466678790,1.149560567,0.601837506,95.330906463
232.516678793,1.142076526,0.601928112,95.307358874
232.566678795,1.135286870,0.600467422,95.343668397
232.616678798,1.127924181,0.599626690,95.318784980
232.666678801,1.121224465,0.598794044,95.358183300
232.716678803,1.113313781,0.598729466,95.322100261
232.766678806,1.106450532,0.598507671,95.353158884
232.816678809,1.099187548,0.598615205,95.326053030
232.866678811,1.092243712,0.598689931,95.345397710
232.916678814,1.084392074,0.598109727,95.318534123
232.966678816,1.078241545,0.596074462,95.351043898
233.016678819,1.069955499,0.596519096,95.325270780
233.066678822,1.062898476,0.596349061,95.355017974
233.116678824,1.055223905,0.596249416,95.321189444
233.166678827,1.048141434,0.594785600,95.352404158
233.216678829,1.040823515,0.593852855,95.327352504
233.266678832,1.033807962,0.593577981,95.352089871
233.316678835,1.025960077,0.594281905,95.324461329
233.366678837,1.018840286,0.592814083,95.364543927
233.416678840,1.011227600,0.593642049,95.336599937
233.466678842,1.004111450,0.592967036,95.352337301
233.516678845,0.996560893,0.593267713,95.330102653
233.566678848,0.989269582,0.592639920,95.365278616
233.616678850,0.981707647,0.593017028,95.334419143
233.666678853,0.974683573,0.592508569,95.349733661
233.716678855,0.967733473,0.592102504,95.334238162
233.766678858,0.961081644,0.591395046,95.368772001
233.816678861,0.953131211,0.591779267,95.327176184
233.866678863,0.945923948,0.591027323,95.352154736
233.916678866,0.938813695,0.590578383,95.331860225
233.966678868,0.931961784,0.589826222,95.358648790
234.016678871,0.924825940,0.589624018,95.332080243
234.066678874,0.917664379,0.589284627,95.365593914
234.116678876,0.910308287,0.588970922,95.337844798
234.166678879,0.903386770,0.588240051,95.374061424
234.216678882,0.896043373,0.587794713,95.344969056
234.266678884,0.888850852,0.586896356,95.381801893
234.316678887,0.881230954,0.587111053,95.342937143
234.366678889,0.874372707,0.585646654,95.363981469
234.416678892,0.867554997,0.585118819,95.333655970
234.466678895,0.861072128,0.584354122,95.360592445
234.516678897,0.853670605,0.583692387,95.338235412
234.566678900,0.846493565,0.582420753,95.371600507
234.616678902,0.839286034,0.581992977,95.350716607
234.666678905,0.833228580,0.580348432,95.377224439
234.716678908,0.825663365,0.580126842,95.352280825
234.766678910,0.819473944,0.579896197,95.375981182
234.816678913,0.812245474,0.578390142,95.344813865
234.866678915,0.805706879,0.576943729,95.376480998
234.916678918,0.798434153,0.576684507,95.339546823
234.966678921,0.791778771,0.574661775,95.370024048
235.016678923,0.784631279,0.573791138,95.345310804
235.066678926,0.778255898,0.573052111,95.379802275
235.116678928,0.771121784,0.572857549,95.348929729
235.166678931,0.764967295,0.571643556,95.369917420
235.216678934,0.758078919,0.570116986,95.338959133
235.266678936,0.751350683,0.567121497,95.376716273
235.316678939,0.743882430,0.567276644,95.347108944
235.366678941,0.738095926,0.566944705,95.368806752
235.416678944,0.730981957,0.565723519,95.343237536
235.466678947,0.723903708,0.564453413,95.380553243
235.516678949,0.715960195,0.564815299,95.352502615
235.566678952,0.709252012,0.563633049,95.366799710
235.616678955,0.702408129,0.561849974,95.340977995
235.666678957,0.696367910,0.560179952,95.369770839
235.716678960,0.689184118,0.559268601,95.350414915
235.766678962,0.682884390,0.557471840,95.393449661
235.816678965,0.675577638,0.557313799,95.352145168
235.866678968,0.668897668,0.556691443,95.376720149
235.916678970,0.661991017,0.557130690,95.348463307
235.966678973,0.655185543,0.555905281,95.373931322
236.016678975,0.647799144,0.555225038,95.340301979
236.066678978,0.640957203,0.554429116,95.364849301
236.116678981,0.633701426,0.553765815,95.345081438
236.166678983,0.626794296,0.552894151,95.367091726
236.216678986,0.619677396,0.552178185,95.344526072
236.266678988,0.612404775,0.551307725,95.380934507
236.316678991,0.605059192,0.551428335,95.346482217
236.366678994,0.598350104,0.550390545,95.371505453
236.416678996,0.589916136,0.550694784,95.348192739
236.466678999,0.582884663,0.549086177,95.390874819
236.516679001,0.575590789,0.549017240,95.354742309
236.566679004,0.569104926,0.548030867,95.384444954
236.616679007,0.561627187,0.548789853,95.362278605
236.666679009,0.554724119,0.547514715,95.400985083
236.716679012,0.547041448,0.547162292,95.369009625
236.766679015,0.540313847,0.546882689,95.384703008
236.816679017,0.532430442,0.547353631,95.354302905
236.866679020,0.525207179,0.546489231,95.384077051
236.916679022,0.517590685,0.546584232,95.359953858
236.966679025,0.510478661,0.545652318,95.400537208
237.016679028,0.502835627,0.546396094,95.360316863
237.066679030,0.495947731,0.545563964,95.382691869
237.116679033,0.488274373,0.545889790,95.361706893
237.166679035,0.481187152,0.544924758,95.391895184
237.216679038,0.473440275,0.545232515,95.356455767
237.266679041,0.466433133,0.544251370,95.396846901
237.316679043,0.458728437,0.543902531,95.373153114
237.366679046,0.451763949,0.543267786,95.401817164
237.416679048,0.444094697,0.543795211,95.376801031
237.466679051,0.437471373,0.542723759,95.400415923
237.516679054,0.430040255,0.542921324,95.368647905
237.566679056,0.423130008,0.541733982,95.397710945
237.616679059,0.415232584,0.541370859,95.375292669
237.666679061,0.408838105,0.540693256,95.403174442
237.716679064,0.401041108,0.541306764,95.370915357
237.766679067,0.394413264,0.540428861,95.406103180
237.816679069,0.386832217,0.540169098,95.370966183
237.866679072,0.380224599,0.538541070,95.401945036
237.916679074,0.372790854,0.537998124,95.375260179
237.966679077,0.366202326,0.537133986,95.400766405
238.016679080,0.358836755,0.537374496,95.377685137
238.066679082,0.351685215,0.535576778,95.407920268
238.116679085,0.344567561,0.535083498,95.380252034
238.166679088,0.338417650,0.534317278,95.408969335
238.216679090,0.331069472,0.534263981,95.376034873
238.266679093,0.324851811,0.533141091,95.401609919
238.316679095,0.317356596,0.532642980,95.374438301
238.366679098,0.310848158,0.530932967,95.409227524
238.416679101,0.303744946,0.530266241,95.368930989
238.466679103,0.296843368,0.529155992,95.388493464
238.516679106,0.289732703,0.528242817,95.373723926
238.566679108,0.283069701,0.527039736,95.414200667
238.616679111,0.276213596,0.526597398,95.387459533
238.666679114,0.269647160,0.524164915,95.419252350
238.716679116,0.262699129,0.523348343,95.386949727
238.766679119,0.256498107,0.522511285,95.402405935
238.816679121,0.249237150,0.521361544,95.370276616
238.866679124,0.242928735,0.519772742,95.402951486
238.916679127,0.235858503,0.520524964,95.378641706
238.966679129,0.229530185,0.518787339,95.410378162
239.016679132,0.221880515,0.518051803,95.375880746
239.066679134,0.215346576,0.517003449,95.398971348
239.116679137,0.207812868,0.516368012,95.372105427
239.166679140,0.201563000,0.513918412,95.414766150
239.216679142,0.193976607,0.513576905,95.378116155
239.266679145,0.187244327,0.512583387,95.396763906
239.316679148,0.180299069,0.511938501,95.375668754
239.366679150,0.174269614,0.511140354,95.401904948
239.416679153,0.167164287,0.510991552,95.376856185
239.466679155,0.160806964,0.508392446,95.411904102
239.516679158,0.153097316,0.508521115,95.385255214
239.566679161,0.146828649,0.508053655,95.405161902
239.616679163,0.139236578,0.507678546,95.374261337
239.666679166,0.132850577,0.505940868,95.406228729
239.716679168,0.125095144,0.506220633,95.371449514
239.766679171,0.118037013,0.505359313,95.400943224
239.816679174,0.110345718,0.504149960,95.382301193
239.866679176,0.103574995,0.502986677,95.411834488
239.916679179,0.096153118,0.503607095,95.377759725
239.966679181,0.088915808,0.501861991,95.416366434
240.016679184,0.081038934,0.502342403,95.388156760
240.066679187,0.074442374,0.500237593,95.415669450
240.116679189,0.066841666,0.501093857,95.389433349
240.166679192,0.060625339,0.499901424,95.420083798
240.216679194,0.052896007,0.499737893,95.390886038
240.266679197,0.045985784,0.498845082,95.415547506
240.316679200,0.038333705,0.499858104,95.369801843
240.366679202,0.031245300,0.499913409,95.405671468
240.416679205,0.023545116,0.499899302,95.387794502
240.466679207,0.017816306,0.497715724,95.424469431
240.516679210,0.014178879,0.497899000,95.422104174
240.566679213,0.013083315,0.497860250,95.419536091
240.616679215,0.012372998,0.497817418,95.413824950
240.666679218,0.011925031,0.498289650,95.409582036
240.716679221,0.012114388,0.498008516,95.410094273
240.766679223,0.012388718,0.497282331,95.417361133
240.816679226,0.012143972,0.497790045,95.414797689
240.866679228,0.011903528,0.497435202,95.420001989
240.916679231,0.011937455,0.496827866,95.415427215
240.966679234,0.011643601,0.497468178,95.410650347
241.016679236,0.011674272,0.497573963,95.414569933
241.066679239,0.011889769,0.497434581,95.412379615
241.116679241,0.011696492,0.497583536,95.418447993
241.166679244,0.011253023,0.496984166,95.432639945
241.216679247,0.010873056,0.497535463,95.419580780
241.266679249,0.011106620,0.498387737,95.411636996
241.316679252,0.010747080,0.498613239,95.406785715
241.366679254,0.010481669,0.498302097,95.402863277
241.416679257,0.010402839,0.497079297,95.404388901
241.466679260,0.010423244,0.498642216,95.396528462
241.516679262,0.009880458,0.499162238,95.391289262
241.566679265,0.009651736,0.498687938,95.388551512
241.616679267,0.009073214,0.498496626,95.377107426
241.666679270,0.009289650,0.498606473,95.375145699
241.716679273,0.008792386,0.498520597,95.361186924
241.766679275,0.009099670,0.498830702,95.348442989
241.816679278,0.008867288,0.499116268,95.332290848
241.866679280,0.009038842,0.500412105,95.322611011
241.916679283,0.008751877,0.500240087,95.312620749
241.966679286,0.008679375,0.499947793,95.309289617
242.016679288,0.008376003,0.499366357,95.296151311
242.066679291,0.009153795,0.499574071,95.286787148
242.116679294,0.010202755,0.495578119,95.268209089
242.166679296,0.012075649,0.493032924,95.262213312
242.216679299,0.013603176,0.484049554,95.216197496
242.266679301,0.014716888,0.480659701,95.221571909
242.316679304,0.016090245,0.470276148,95.199001177
242.366679307,0.016696990,0.465500194,95.208339232
242.416679309,0.018271620,0.454877685,95.192919822
242.466679312,0.019146794,0.451414816,95.209556507
242.516679314,0.019759345,0.441287472,95.188861724
242.566679317,0.020102488,0.436711603,95.195947083
242.616679320,0.021395251,0.426058090,95.190518379
242.666679322,0.021686708,0.421919688,95.205331717
242.716679325,0.022572168,0.411562451,95.188437593
242.766679327,0.022955573,0.406868166,95.207856142
242.816679330,0.023932166,0.397366911,95.196934835
242.866679333,0.024175167,0.393165375,95.203429999
242.916679335,0.025856667,0.383351988,95.202092645
242.966679338,0.026188684,0.379474124,95.200950956
243.016679340,0.026917342,0.369101081,95.183115816
243.066679343,0.027320300,0.365833003,95.197133919
243.116679346,0.028641405,0.355843394,95.182868739
243.166679348,0.029116299,0.350668906,95.202315395
243.216679351,0.029901955,0.340672455,95.191804718
243.266679354,0.030118066,0.336530942,95.208890081
243.316679356,0.030794825,0.326152361,95.191558457
243.366679359,0.030605716,0.323093005,95.196169529
243.416679361,0.031685244,0.313249093,95.184142891
243.466679364,0.031834935,0.308625922,95.194976742
243.516679367,0.032410448,0.299301922,95.185640851
243.566679369,0.032412641,0.294654998,95.206330457
243.616679372,0.033426171,0.286200819,95.186566709
243.666679374,0.034025935,0.282430568,95.197282696
243.716679377,0.035141031,0.272146092,95.187393196
243.766679380,0.035248173,0.267197646,95.212594106
243.816679382,0.036582247,0.257796355,95.196401337
243.866679385,0.036652190,0.254789565,95.200153246
243.916679387,0.037237739,0.244756968,95.190812938
243.966679390,0.037398354,0.240449340,95.202618960
244.016679393,0.038033130,0.231270624,95.180165950
244.066679395,0.037853769,0.227366625,95.202111693
244.116679398,0.038940953,0.217822624,95.178283707
244.166679400,0.039208074,0.213958245,95.191688051
244.216679403,0.039819419,0.204323034,95.182717683
244.266679406,0.039730689,0.199512144,95.202306511
244.316679408,0.040994145,0.190373192,95.188884938
244.366679411,0.041619787,0.186430442,95.205167097
244.416679413,0.042135897,0.177453355,95.189520928
244.466679416,0.041817006,0.173542958,95.200718297
244.516679419,0.042982668,0.163210381,95.190782911
244.566679421,0.043800719,0.158320980,95.205364101
244.616679424,0.044666474,0.147774459,95.193737547
244.666679427,0.044764884,0.143704700,95.208201601
244.716679429,0.045438797,0.134728145,95.197540306
244.766679432,0.045384003,0.131541916,95.205270364
244.816679434,0.046027330,0.121239610,95.182486784
244.866679437,0.046339940,0.116486114,95.198469242
244.916679440,0.047517468,0.107339395,95.178168463
244.966679442,0.048048681,0.102326885,95.209803135
245.016679445,0.049038988,0.092629384,95.193023533
245.066679447,0.049545514,0.088262860,95.204968729
245.116679450,0.050862193,0.078412809,95.185173138
245.166679453,0.051139192,0.073399231,95.195012535
245.216679455,0.052587127,0.062913767,95.184816692
245.266679458,0.053056757,0.059436913,95.197041033
245.316679460,0.053249437,0.048943002,95.180492916
245.366679463,0.053944689,0.045216629,95.185402769
245.416679466,0.054879546,0.034318963,95.173324479
245.466679468,0.055541912,0.030208866,95.191056015
245.516679471,0.056715047,0.020602361,95.181473354
245.566679473,0.056480116,0.015073248,95.203628555
245.616679476,0.057484599,0.005481857,95.182820869
245.666679479,0.058530179,0.000958959,95.203809548
245.716679481,0.059618157,-0.009266053,95.185498457
245.766679484,0.059871172,-0.012736872,95.193956472
245.816679487,0.061302327,-0.023868364,95.183199048
245.866679489,0.062274889,-0.028773966,95.204442514
245.916679492,0.063816900,-0.039342014,95.192736443
245.966679494,0.064164287,-0.043292540,95.200977600
246.016679497,0.064409195,-0.053789781,95.191306844
246.066679500,0.064922499,-0.058098009,95.212317835
246.116679502,0.066169946,-0.068889559,95.194056082
246.166679505,0.066159092,-0.073229730,95.198233789
246.216679507,0.066685960,-0.082617453,95.183771891
246.266679510,0.067264958,-0.087634490,95.194499769
246.316679513,0.068308224,-0.097165526,95.175444280
246.366679515,0.069031100,-0.102183986,95.200755361
246.416679518,0.069974665,-0.112665344,95.182953246
246.466679520,0.070459342,-0.116527812,95.193148880
246.516679523,0.072121115,-0.126754474,95.177060774
246.566679526,0.073048302,-0.131275412,95.197444888
246.616679528,0.073915500,-0.140890587,95.183046678
246.666679531,0.074165321,-0.143593959,95.180235844
246.716679533,0.074900122,-0.153704506,95.172147359
246.766679536,0.075096299,-0.157412381,95.186847386
246.816679539,0.076023636,-0.168361901,95.175418384
246.866679541,0.075888526,-0.172557926,95.196250656
246.916679544,0.076518488,-0.182534228,95.179326750
246.966679546,0.077004911,-0.186941371,95.194328949
247.016679549,0.077566209,-0.196010552,95.174341344
247.066679552,0.077720525,-0.200196671,95.193659649
247.116679554,0.078716461,-0.210511118,95.178772218
247.166679557,0.079328896,-0.214825887,95.199801131
247.216679560,0.080505745,-0.223835016,95.184962508
247.266679562,0.080515277,-0.227566822,95.193164611
247.316679565,0.081293771,-0.237434005,95.184031674
247.366679567,0.081387940,-0.241218459,95.195108595
247.416679570,0.081886416,-0.251597698,95.184598021
247.466679573,0.082391140,-0.255852843,95.192935794
247.516679575,0.082954574,-0.264685998,95.164111215
247.566679578,0.083060291,-0.268814792,95.192099737
247.616679580,0.084071386,-0.277990799,95.177675480
247.666679583,0.084082042,-0.281140669,95.185935493
247.716679586,0.084480371,-0.291110938,95.174917006
247.766679588,0.084792182,-0.294830891,95.190676266
247.816679591,0.085462116,-0.304903675,95.182991535
247.866679593,0.085757245,-0.308994561,95.187295403
247.916679596,0.086917835,-0.318650094,95.170811150
247.966679599,0.087599530,-0.323503400,95.200147469
248.016679601,0.088393443,-0.332188336,95.181014286
248.066679604,0.088577786,-0.336661562,95.192098203
248.116679606,0.089498253,-0.346688322,95.171412546
248.166679609,0.089322813,-0.350603932,95.190778370
248.216679612,0.089577616,-0.360251276,95.180988065
248.266679614,0.089868737,-0.364998498,95.197967293
248.316679617,0.091345157,-0.374942661,95.178830091
248.366679619,0.091585089,-0.378860938,95.194851180
248.416679622,0.092077903,-0.388396374,95.178221738
248.466679625,0.092809459,-0.393143738,95.200415754
248.516679627,0.093864730,-0.402884107,95.185564525
248.566679630,0.094253658,-0.405921038,95.176589933
248.616679633,0.095497221,-0.416268334,95.164700757
248.666679635,0.095949060,-0.421166537,95.182759798
248.716679638,0.097033918,-0.431804066,95.179406792
248.766679640,0.097932575,-0.436322149,95.191245553
248.816679643,0.098708821,-0.446185580,95.179329798
248.866679646,0.098860527,-0.448894685,95.183537047
248.916679648,0.099169247,-0.459569206,95.156377640
248.966679651,0.099659895,-0.463695728,95.181724445
249.016679653,0.100890956,-0.474715425,95.178836948
249.066679656,0.101507932,-0.478957905,95.185764387
249.116679659,0.102213131,-0.488458478,95.168289631
249.166679661,0.102946709,-0.493509760,95.189910977
249.216679664,0.103810838,-0.503358832,95.175644573
249.266679666,0.104333506,-0.507853535,95.184415177
249.316679669,0.105523960,-0.519130929,95.166977263
249.366679672,0.106298989,-0.523312890,95.193035548
249.416679674,0.107541926,-0.533527003,95.174776631
249.466679677,0.108495401,-0.538282285,95.191211185
249.516679679,0.109514461,-0.548347636,95.182027528
249.566679682,0.109187181,-0.552475185,95.185929353
249.616679685,0.109958665,-0.562829727,95.165813326
249.666679687,0.110700130,-0.566864930,95.178129709
249.716679690,0.111659659,-0.576661722,95.165556762
249.766679693,0.112072412,-0.582540007,95.190690155
249.816679695,0.113113170,-0.592120300,95.174041667
249.866679698,0.113698751,-0.595891344,95.180965622
249.916679700,0.114440108,-0.605795683,95.167207834
249.966679703,0.115251838,-0.610155958,95.181672097
250.016679706,0.116677452,-0.620625475,95.165556367
250.066679708,0.117025653,-0.626069588,95.190981959
250.116679711,0.118433799,-0.636062841,95.172468305
250.166679713,0.119166236,-0.640216314,95.183143612
250.216679716,0.119538254,-0.649540386,95.171849334
250.266679719,0.119848419,-0.654598248,95.188867117
250.316679721,0.120143202,-0.664020438,95.172149251
250.366679724,0.120246509,-0.668270694,95.184212181
250.416679726,0.120832906,-0.677564688,95.165706072
250.466679729,0.121509998,-0.682483686,95.189953062
250.516679732,0.122228573,-0.691793718,95.169303947
250.566679734,0.123037886,-0.695946316,95.185351086
250.616679737,0.123779182,-0.705924578,95.165327970
250.666679739,0.124156664,-0.709760843,95.181957509
250.716679742,0.125287731,-0.719646629,95.167155297
250.766679745,0.125670031,-0.724095463,95.185383983
250.816679747,0.126264299,-0.733739544,95.164142882
250.866679750,0.126875335,-0.737702970,95.182726482
250.916679752,0.127774913,-0.747448864,95.178044441
250.966679755,0.128113913,-0.750278329,95.179054127
251.016679758,0.128165419,-0.759992525,95.158606181
251.066679760,0.128456815,-0.764906310,95.192311898
251.116679763,0.128976163,-0.774751254,95.172383936
251.166679766,0.129344927,-0.777884536,95.171351236
251.216679768,0.129719648,-0.788043345,95.161199476
251.266679771,0.130079247,-0.792794236,95.192315993
251.316679773,0.130627240,-0.802006095,95.175077367
251.366679776,0.130858824,-0.805413729,95.183188538
251.416679779,0.131897139,-0.814801884,95.161848099
251.466679781,0.132121746,-0.818607019,95.174022499
251.516679784,0.133040857,-0.828191790,95.162966705
251.566679786,0.133494097,-0.831915889,95.174698860
251.616679789,0.134161749,-0.841348518,95.161019753
251.666679792,0.134611452,-0.846294964,95.177174228
251.716679794,0.135192029,-0.855898828,95.159045298
251.766679797,0.135329429,-0.859771639,95.176624117
251.816679799,0.135684698,-0.869268803,95.162298035
251.866679802,0.136549195,-0.873630393,95.186073489
251.916679805,0.137346791,-0.883229381,95.171045647
251.966679807,0.137684544,-0.887602231,95.184787065
252.016679810,0.138348372,-0.897244699,95.166551925
252.066679812,0.138922794,-0.901757298,95.181893275
252.116679815,0.139945150,-0.911245684,95.160670018
252.166679818,0.140394089,-0.915074121,95.164690787
252.216679820,0.141282247,-0.925836955,95.156410157
252.266679823,0.141904012,-0.930261438,95.177517808
252.316679826,0.142717615,-0.940160671,95.163608184
252.366679828,0.142990042,-0.944669828,95.183618173
252.416679831,0.144063241,-0.954962746,95.168002068
252.466679833,0.144967435,-0.958955408,95.181655001
252.516679836,0.145373459,-0.969759753,95.167598455
252.566679839,0.146031525,-0.974999422,95.187664033
252.616679841,0.146801029,-0.985150540,95.164919495
252.666679844,0.147326069,-0.988599375,95.169068016
252.716679846,0.148087741,-0.998221356,95.157180056
252.766679849,0.148671300,-1.002771661,95.177372609
252.816679852,0.149628853,-1.012686575,95.148709070
252.866679854,0.150800906,-1.017248648,95.166307254
252.916679857,0.151723478,-1.028305787,95.161911801
252.966679859,0.151825859,-1.032961794,95.184613915
253.016679862,0.153355130,-1.042921762,95.170142179
253.066679865,0.154053935,-1.046743570,95.176264168
253.116679867,0.154599212,-1.057200547,95.161347373
253.166679870,0.155046927,-1.061972926,95.182318990
253.216679872,0.155873502,-1.072884194,95.166302792
253.266679875,0.156537346,-1.077304155,95.181550651
253.316679878,0.157773484,-1.086782252,95.164408402
253.366679880,0.158412552,-1.091757329,95.186725728
253.416679883,0.159128845,-1.101808347,95.166115503
253.466679885,0.160016912,-1.105812257,95.178389317
253.516679888,0.161052206,-1.115784180,95.159074574
253.566679891,0.161570410,-1.120022587,95.168171150
253.616679893,0.162463903,-1.130332990,95.156562623
253.666679896,0.163140399,-1.134767218,95.168595352
253.716679899,0.163949112,-1.145173040,95.154826011
253.766679901,0.164853716,-1.150016881,95.176357776
253.816679904,0.165588843,-1.158969665,95.163472258
253.866679906,0.166213308,-1.162877089,95.185291296
253.916679909,0.166625327,-1.173280636,95.164285744
253.966679912,0.166799186,-1.177949290,95.173978850
254.016679914,0.167088559,-1.188013129,95.155249313
254.066679917,0.167489730,-1.192306273,95.172397600
254.116679919,0.168016680,-1.201047696,95.150782297
254.166679922,0.168706171,-1.205873355,95.166736051
254.216679925,0.169596223,-1.214781112,95.157318898
254.266679927,0.170344419,-1.218963688,95.170820328
254.316679930,0.170961097,-1.228562431,95.158089533
254.366679932,0.171542424,-1.232526024,95.168997940
254.416679935,0.171862565,-1.242749080,95.155685571
254.466679938,0.172255608,-1.247549328,95.178006262
254.516679940,0.172925001,-1.256095055,95.162469152
254.566679943,0.173101472,-1.260309731,95.178812648
254.616679945,0.173399236,-1.269960667,95.163166893
254.666679948,0.173836224,-1.273575255,95.170238923
254.716679951,0.175038425,-1.282384785,95.148511961
254.766679953,0.175371235,-1.287688790,95.185298634
254.816679956,0.175456843,-1.297245185,95.170434441
254.866679958,0.175499520,-1.300716401,95.170095839
254.916679961,0.176698108,-1.310096939,95.151750533
254.966679964,0.177284267,-1.313521331,95.163262905
255.016679966,0.177611787,-1.323164357,95.148497633
255.066679969,0.178157088,-1.328557931,95.174213198
255.116679972,0.179199255,-1.337842023,95.156872026
255.166679974,0.179690175,-1.341858508,95.174580782
255.216679977,0.180036632,-1.351321831,95.167713435
255.266679979,0.179839775,-1.355828546,95.181890083
255.316679982,0.180283571,-1.365052892,95.158378975
255.366679985,0.180919337,-1.369074101,95.173971787
255.416679987,0.181523440,-1.377980538,95.152368711
255.466679990,0.182349342,-1.382749845,95.174247754
255.516679992,0.183091264,-1.392682562,95.163802290
255.566679995,0.183651919,-1.396527439,95.167717168
255.616679998,0.184533648,-1.406016894,95.149575007
255.666680000,0.184877463,-1.410346646,95.164210828
255.716680003,0.185611256,-1.420436067,95.147272231
255.766680005,0.186618617,-1.424495766,95.164180071
255.816680008,0.187195975,-1.434231235,95.140784085
255.866680011,0.187886857,-1.439516924,95.168994499
255.916680013,0.188821367,-1.449178310,95.152905513
255.966680016,0.189345199,-1.452946383,95.166140096
256.016680018,0.190020927,-1.464363096,95.156116566
256.066680021,0.190282638,-1.469330433,95.179602512
256.116680024,0.190983897,-1.479002877,95.157545448
256.166680026,0.191798820,-1.483760615,95.181570028
256.216680029,0.192517031,-1.493283574,95.160725773
256.266680032,0.193063005,-1.497307048,95.167354035
256.316680034,0.194073426,-1.507489758,95.145202074
256.366680037,0.194936850,-1.511603266,95.163412220
256.416680039,0.195960651,-1.522157480,95.147287224
256.466680042,0.196786803,-1.527648767,95.172732267
256.516680045,0.197764541,-1.537507479,95.154566166
256.566680047,0.198698919,-1.541118140,95.165705393
256.616680050,0.199300313,-1.551052559,95.145811261
256.666680052,0.199873532,-1.556508207,95.161586815
256.716680055,0.200390607,-1.566423932,95.148502428
256.766680058,0.201353990,-1.570708228,95.166803971
256.816680060,0.201760991,-1.581452074,95.150297166
256.866680063,0.202666208,-1.585602029,95.164234981
256.916680065,0.203282183,-1.595112474,95.144693037
256.966680068,0.204012322,-1.599523806,95.159133572
257.016680071,0.205082125,-1.609586673,95.143224798
257.066680073,0.205375502,-1.614320263,95.155061532
257.116680076,0.206779441,-1.624760271,95.148945025
257.166680078,0.207388443,-1.629509259,95.162147396
257.216680081,0.208299623,-1.639839086,95.149776180
257.266680084,0.208926030,-1.644070542,95.163300945
257.316680086,0.209769840,-1.653869387,95.147814630
257.366680089,0.210451052,-1.658714415,95.164545863
257.416680091,0.210940593,-1.668381606,95.156312507
257.466680094,0.211819449,-1.672755758,95.177284607
257.516680097,0.212124035,-1.682834120,95.150233592
257.566680099,0.212375432,-1.687091052,95.163804322
257.616680102,0.212787117,-1.696235959,95.145313370
257.666680105,0.213402424,-1.700472407,95.166204939
257.716680107,0.214230164,-1.710213602,95.149975711
257.766680110,0.215535545,-1.713754489,95.160041290
257.816680112,0.215991519,-1.723591513,95.140214559
257.866680115,0.216610613,-1.728283022,95.162849212
257.916680118,0.216926541,-1.737428472,95.136470660
257.966680120,0.217227719,-1.741830670,95.155619435
258.016680123,0.218006384,-1.751513929,95.144136801
258.066680125,0.217849739,-1.755878528,95.160143213
258.116680128,0.218476111,-1.765950580,95.147459450
258.166680131,0.219119864,-1.769784101,95.162021441
258.216680133,0.219252050,-1.778076858,95.141563853
258.266680136,0.219823575,-1.782580625,95.160535014
258.316680138,0.220102387,-1.792303675,95.141180006
258.366680141,0.220821441,-1.796356352,95.161702502
258.416680144,0.221392541,-1.805701213,95.146340186
258.466680146,0.222234688,-1.810096131,95.157699221
258.516680149,0.222621343,-1.819519312,95.143136188
258.566680151,0.222621520,-1.823260829,95.156797782
258.616680154,0.223820263,-1.833415168,95.147736753
258.666680157,0.224683684,-1.837391277,95.166859819
258.716680159,0.224658295,-1.846968725,95.151903937
258.766680162,0.225072941,-1.850869116,95.163813308
258.816680165,0.225930454,-1.861128914,95.148371224
258.866680167,0.226337213,-1.864928539,95.157641984
258.916680170,0.226330769,-1.874117008,95.137106985
258.966680172,0.226585294,-1.878288857,95.153354372
259.016680175,0.227157227,-1.887598289,95.143831258
259.066680178,0.227925221,-1.892199845,95.167185866
259.116680180,0.228270947,-1.902040482,95.142991093
259.166680183,0.229260025,-1.905922236,95.153702552
259.216680185,0.230347185,-1.915434814,95.142041860
259.266680188,0.230751707,-1.919771237,95.160776456
259.316680191,0.231392811,-1.929807594,95.144445583
259.366680193,0.232272363,-1.933710864,95.157537085
259.416680196,0.232910493,-1.944150660,95.140467638
259.466680198,0.233536479,-1.948725791,95.165650136
259.516680201,0.234073966,-1.958764918,95.148919081
259.566680204,0.235158657,-1.963177138,95.165345805
259.616680206,0.235387851,-1.973374069,95.152472019
259.666680209,0.235964348,-1.976967370,95.158565790
259.716680211,0.236728417,-1.987075461,95.133774713
259.766680214,0.237399937,-1.991800752,95.150114314
259.816680217,0.238543919,-2.002173017,95.137845644
259.866680219,0.239479368,-2.006602803,95.155454161
259.916680222,0.240178539,-2.016438727,95.135191945
259.966680224,0.241358958,-2.020516807,95.150066847
260.016680227,0.242512611,-2.030563549,95.133657159
260.066680230,0.242847320,-2.036122582,95.153648721
260.116680232,0.243259854,-2.046789456,95.143866535
260.166680235,0.244271680,-2.051267511,95.166006960
260.216680238,0.244884947,-2.061863515,95.147410342
260.266680240,0.245588211,-2.066203802,95.162083824
260.316680243,0.245782229,-2.076203187,95.143807223
260.366680245,0.246858795,-2.081410697,95.165793735
260.416680248,0.247918503,-2.090544863,95.135163005
260.466680251,0.248625688,-2.094676038,95.151901191
260.516680253,0.249020598,-2.104321465,95.134125075
260.566680256,0.250377523,-2.109140701,95.150762043
260.616680258,0.251257303,-2.120463024,95.137341562
260.666680261,0.251845356,-2.124276919,95.151671966
260.716680264,0.252784351,-2.134155118,95.140792598
260.766680266,0.253540916,-2.139110357,95.155871181
260.816680269,0.253740546,-2.148858526,95.132442731
260.866680271,0.254229855,-2.152967328,95.157026780
260.916680274,0.254499354,-2.161782218,95.134195942
260.966680277,0.255144258,-2.167984021,95.161845833
261.016680279,0.256268322,-2.178422812,95.150899593
261.066680282,0.257138837,-2.182244188,95.158690413
261.116680284,0.257361087,-2.190945032,95.134127117
261.166680287,0.258037311,-2.195631935,95.154843802
261.216680290,0.258962031,-2.204614178,95.130187579
261.266680292,0.259826543,-2.209774057,95.152096890
261.316680295,0.260332086,-2.219334769,95.134679873
261.366680298,0.261094775,-2.223381132,95.154091987
261.416680300,0.261316000,-2.232780698,95.136076617
261.466680303,0.262240703,-2.237303755,95.150419094
261.516680305,0.262923575,-2.247193889,95.139480957
261.566680308,0.263627964,-2.251365028,95.156303041
261.616680311,0.263264558,-2.260781452,95.135012447
261.666680313,0.263731608,-2.264717146,95.154970135
261.716680316,0.263941499,-2.273773692,95.136723079
261.766680318,0.265252701,-2.279151997,95.161116469
261.816680321,0.265157949,-2.287810801,95.135984622
261.866680324,0.265646730,-2.292056759,95.151851935
261.916680326,0.266492450,-2.301262564,95.137271509
261.966680329,0.266811382,-2.304928922,95.148513557
262.016680331,0.267249555,-2.314264432,95.134803477
262.066680334,0.268090723,-2.318453161,95.153545790
262.116680337,0.268469033,-2.328711123,95.134409257
262.166680339,0.269487052,-2.333377560,95.151327155
262.216680342,0.269723580,-2.342040416,95.134099942
262.266680344,0.270624267,-2.346232562,95.150546510
262.316680347,0.270859034,-2.355575405,95.137057226
262.366680350,0.270839212,-2.360083053,95.155561736
262.416680352,0.270647946,-2.369854975,95.139116707
262.466680355,0.271428084,-2.373667295,95.152817990
262.516680357,0.272184677,-2.382388420,95.130867422
262.566680360,0.272529445,-2.387266077,95.144521933
262.616680363,0.272529445,-2.387266078,95.144521919
262.666680365,0.274183952,-2.400676186,95.155371660
262.716680368,0.274529257,-2.410616175,95.143041113
262.766680371,0.275067364,-2.415212976,95.156695163
262.816680373,0.275928303,-2.424793984,95.128468948
262.866680376,0.276307395,-2.429693721,95.153956602
262.916680378,0.276989360,-2.439493526,95.135013265
262.966680381,0.277891385,-2.444208588,95.154720853
263.016680384,0.277722092,-2.453435441,95.137836055
263.066680386,0.278804716,-2.456977537,95.149107454
263.116680389,0.279523184,-2.466908900,95.130407779
263.166680391,0.280618395,-2.472199795,95.156292287
263.216680394,0.280891335,-2.481905606,95.126385396
263.266680397,0.281601951,-2.486058369,95.142323950
263.316680399,0.282327995,-2.496036595,95.124321685
263.366680402,0.283685379,-2.500375941,95.144065135
263.416680404,0.284866558,-2.511001581,95.124684436
263.466680407,0.285606098,-2.514965148,95.133227494
263.516680410,0.286636454,-2.525388035,95.124421114
263.566680412,0.287354984,-2.530983015,95.157065118
263.616680415,0.287657317,-2.541284682,95.136680417
263.666680417,0.288392402,-2.545727258,95.145079965
263.716680420,0.288866766,-2.555979821,95.135147835
263.766680423,0.289283423,-2.559832656,95.140496257
263.816680425,0.289957821,-2.570580897,95.125096294
263.866680428,0.290271620,-2.575267239,95.135872518
263.916680430,0.291238389,-2.584110028,95.124244826
263.966680433,0.292747382,-2.589063242,95.159776150
264.016680436,0.293758146,-2.599857369,95.134075205
264.066680438,0.294678775,-2.604131011,95.141113225
264.116680441,0.295746885,-2.614289998,95.121293309
264.166680444,0.296711072,-2.618673615,95.148420032
264.216680446,0.297205682,-2.628594118,95.129294083
264.266680449,0.297766118,-2.632147722,95.137632680
264.316680451,0.298227425,-2.643251622,95.127093366
264.366680454,0.299308183,-2.649403057,95.156523139
264.416680457,0.299229006,-2.658858223,95.138578646
264.466680459,0.299891275,-2.664042150,95.158172555
264.516680462,0.300396606,-2.673417719,95.134114112
264.566680464,0.300700697,-2.677020014,95.145118584
264.616680467,0.301638810,-2.687381027,95.129833277
264.666680470,0.302905569,-2.691563175,95.145838411
264.716680472,0.303531503,-2.701137839,95.125684823
264.766680475,0.304396192,-2.705296945,95.148134671
264.816680477,0.304761226,-2.714740449,95.127069911
264.866680480,0.305483662,-2.718764178,95.137207338
264.916680483,0.306210851,-2.728108025,95.121305829
264.966680485,0.306947525,-2.732981439,95.142818085
265.016680488,0.307275464,-2.742399720,95.121614763
265.066680490,0.308290050,-2.747640783,95.153679673
265.116680493,0.308023085,-2.756059883,95.134587795
265.166680496,0.308884518,-2.760246652,95.144554505
265.216680498,0.309047268,-2.770212600,95.126971950
265.266680501,0.309574032,-2.775020830,95.144752112
265.316680504,0.309925666,-2.784109981,95.132137591
265.366680506,0.310421143,-2.787765218,95.145440636
265.416680509,0.311179688,-2.796440641,95.121961891
265.466680511,0.312090032,-2.801264812,95.141760028
265.516680514,0.312390274,-2.810760544,95.128027597
265.566680517,0.313169643,-2.815293361,95.144684099
265.616680519,0.313350478,-2.824158948,95.124677216
265.666680522,0.314098575,-2.827824674,95.140038776
265.716680524,0.314001052,-2.837664467,95.131519899
265.766680527,0.315015291,-2.842439874,95.150225933
265.816680530,0.315239512,-2.851749968,95.137258917
265.866680532,0.315671327,-2.855590776,95.149673316
265.916680535,0.315946643,-2.865221676,95.129353694
265.966680537,0.317487100,-2.869541674,95.151982630
266.016680540,0.317106047,-2.878769127,95.127032024
266.066680543,0.317417211,-2.883296595,95.149294098
266.116680545,0.317951253,-2.892813640,95.126933345
266.166680548,0.318902179,-2.896630486,95.137662406
266.216680550,0.319105366,-2.906251930,95.116498411
266.266680553,0.319927305,-2.909915764,95.132882900
266.316680556,0.320403308,-2.920053202,95.113181994
266.366680558,0.321327576,-2.924287037,95.134829679
266.416680561,0.321794893,-2.934242654,95.125335617
266.466680563,0.322383833,-2.939387703,95.148582977
266.516680566,0.323301324,-2.949962144,95.137802791
266.566680569,0.324056674,-2.953946269,95.146880031
266.616680571,0.323803349,-2.963698776,95.126350465
266.666680574,0.324360234,-2.968022769,95.141426902
266.716680577,0.325303761,-2.977892575,95.124717961
266.766680579,0.326340051,-2.982309258,95.147934443
266.816680582,0.326297975,-2.990864553,95.125912627
266.866680584,0.327242971,-2.994697565,95.131281352
266.916680587,0.327893634,-3.005420800,95.112170779
266.966680590,0.329365588,-3.009837713,95.131678659
267.016680592,0.330245904,-3.020353225,95.111466006
267.066680595,0.331140748,-3.025394174,95.131964685
267.116680597,0.332309001,-3.036562220,95.131527619
267.166680600,0.332792681,-3.040467204,95.143121754
267.216680603,0.333065925,-3.051086099,95.125771210
267.266680605,0.334407540,-3.055026408,95.144013562
267.316680608,0.334519905,-3.064772743,95.126331314
267.366680610,0.335431998,-3.069272231,95.135462629
267.416680613,0.335905337,-3.078853405,95.109587634
267.466680616,0.336769435,-3.084015170,95.135238754
267.516680618,0.337544267,-3.093994189,95.110047044
267.566680621,0.338638690,-3.098685501,95.134450052
267.616680623,0.338942173,-3.107942897,95.117054701
267.666680626,0.339948000,-3.112334438,95.132702704
267.716680629,0.340474095,-3.122619535,95.113399877
267.766680631,0.342012229,-3.126992885,95.135786295
267.816680634,0.342922191,-3.138605683,95.129345574
267.866680637,0.343858219,-3.143298888,95.148162511
267.916680639,0.344299763,-3.153720702,95.126040124
267.966680642,0.345564401,-3.158290836,95.146636800
268.016680644,0.345565400,-3.168389655,95.130327512
268.066680647,0.346177299,-3.172742245,95.145606149
268.116680650,0.346532993,-3.181799780,95.114222299
268.166680652,0.347544830,-3.186047944,95.140005174
268.216680655,0.347406003,-3.195574097,95.118015344
268.266680657,0.348577752,-3.200029287,95.133122864
268.316680660,0.349015270,-3.209835220,95.115543381
268.366680663,0.350024533,-3.213795354,95.130883750
268.416680665,0.350524914,-3.223515409,95.108379174
268.466680668,0.351389577,-3.227590143,95.127090099
268.516680670,0.351954341,-3.238522013,95.116481897
268.566680673,0.352698390,-3.242557576,95.142184830
268.616680676,0.353180960,-3.252424254,95.125526421
268.666680678,0.353930550,-3.256983388,95.139824824
268.716680681,0.354354062,-3.266899565,95.126942136
268.766680683,0.355004766,-3.270664286,95.148124345
268.816680686,0.354243486,-3.278722996,95.119048602
268.866680689,0.354882555,-3.282989843,95.129209687
268.916680691,0.355250051,-3.292607867,95.111241748
268.966680694,0.356462031,-3.296428190,95.133366350
269.016680696,0.356610980,-3.306939106,95.108862247
269.066680699,0.357754833,-3.310878478,95.130767345
269.116680702,0.358369511,-3.319710367,95.118822644
269.166680704,0.359201447,-3.323888217,95.133656184
269.216680707,0.359224926,-3.333711623,95.124765640
269.266680710,0.359513102,-3.337510921,95.138057372
269.316680712,0.359797188,-3.346967338,95.116322010
269.366680715,0.360962977,-3.351404553,95.132784166
269.416680717,0.360641699,-3.360359562,95.121666598
269.466680720,0.361602887,-3.365219058,95.148484588
269.516680723,0.361331207,-3.374073116,95.116650606
269.566680725,0.362238603,-3.378345843,95.134673766
269.616680728,0.362638442,-3.388192836,95.110068421
269.666680730,0.363095901,-3.391955153,95.118024488
269.716680733,0.363218758,-3.400930181,95.104882545
269.766680736,0.364413544,-3.404471859,95.123153147
269.816680738,0.364960263,-3.415114691,95.100718539
269.866680741,0.365730662,-3.419099604,95.122211841
269.916680743,0.366466234,-3.428795717,95.109938795
269.966680746,0.367292753,-3.434214604,95.130185871
270.016680749,0.366987015,-3.444292989,95.111160193
270.066680751,0.368126044,-3.448410414,95.123140738
270.116680754,0.368891081,-3.457796878,95.111299487
270.166680756,0.369626776,-3.462314494,95.138206117
270.216680759,0.369562600,-3.472031765,95.112689722
270.266680762,0.370324392,-3.476462634,95.128197171
270.316680764,0.370485861,-3.485919283,95.102521147
270.366680767,0.371577962,-3.490171686,95.122800829
270.416680769,0.371898116,-3.500202584,95.100312135
270.466680772,0.373206079,-3.504515643,95.123315977
270.516680775,0.373764404,-3.515832084,95.105714252
270.566680777,0.375253677,-3.520068843,95.119289594
270.616680780,0.376153154,-3.529762922,95.107266228
270.666680783,0.377169052,-3.534892225,95.147119858
270.716680785,0.377105135,-3.546183688,95.123242396
270.766680788,0.378445820,-3.549465342,95.125428772
270.816680790,0.378828789,-3.560209133,95.117730296
270.866680793,0.380035664,-3.564850692,95.146298969
270.916680796,0.379958683,-3.574869362,95.113372734
270.966680798,0.381060926,-3.578934991,95.128488739
271.016680801,0.381611021,-3.588190223,95.101529918
271.066680803,0.382640138,-3.592792317,95.123757538
271.116680806,0.383258312,-3.603105820,95.100353531
271.166680809,0.384280472,-3.607872055,95.121075095
271.216680811,0.384842782,-3.618857293,95.116363106
271.266680814,0.386437318,-3.623136385,95.132925440
271.316680816,0.386462946,-3.632912224,95.112619797
271.366680819,0.387732245,-3.637369480,95.131733466
271.416680822,0.387889113,-3.648862282,95.105469947
271.466680824,0.389000573,-3.653054994,95.124956306
271.516680827,0.388807174,-3.662056916,95.106217123
271.566680829,0.390211041,-3.667225697,95.127338457
271.616680832,0.390221548,-3.676396200,95.105231020
271.666680835,0.391658376,-3.680439127,95.120579441
271.716680837,0.392123478,-3.690025815,95.106140314
271.766680840,0.393293803,-3.695037729,95.131617881
271.816680843,0.393075029,-3.704713514,95.103141211
271.866680845,0.394223363,-3.708650233,95.122314152
271.916680848,0.394938561,-3.718279312,95.100115865
271.966680850,0.396437522,-3.723259337,95.134741713
272.016680853,0.396681392,-3.733820201,95.119631301
272.066680856,0.397337732,-3.737864880,95.125397984
272.116680858,0.397396326,-3.747113927,95.102971152
272.166680861,0.397848140,-3.751984258,95.124420268
272.216680863,0.397369793,-3.761317627,95.103740214
272.266680866,0.398537426,-3.766208850,95.126970716
272.316680869,0.399123612,-3.775784739,95.114379945
272.366680871,0.400243083,-3.779236875,95.130367798
272.416680874,0.400133659,-3.788307278,95.103145904
272.466680876,0.400934696,-3.791824329,95.122682218
272.516680879,0.401231774,-3.801689837,95.106583453
272.566680882,0.402584345,-3.806376666,95.123378409
272.616680884,0.402036224,-3.814779377,95.102025984
272.666680887,0.402946104,-3.819033240,95.126239168
272.716680889,0.404143475,-3.829530296,95.113493093
272.766680892,0.404879989,-3.832262114,95.126023638
272.816680895,0.404062840,-3.841928666,95.100271149
272.866680897,0.405247710,-3.847187556,95.124499734
272.916680900,0.404816459,-3.856517117,95.106689978
272.966680902,0.405671984,-3.861076134,95.128488843
273.016680905,0.405569685,-3.869998171,95.100632280
273.066680908,0.406643927,-3.873801345,95.124005924
273.116680910,0.407054538,-3.883521964,95.107212816
273.166680913,0.408195348,-3.887701332,95.119953207
273.216680916,0.407883175,-3.897152133,95.096568177
273.266680918,0.408702469,-3.900533830,95.106963649
273.316680921,0.409218663,-3.909918168,95.088821035
273.366680923,0.410071561,-3.914419267,95.115433824
273.416680926,0.410168535,-3.922975377,95.090008162
273.466680929,0.411639558,-3.927961851,95.118959693
273.516680931,0.411822925,-3.938938816,95.109335756
273.566680934,0.412927256,-3.943629275,95.126822226
273.616680936,0.412682273,-3.952605166,95.099135384
273.666680939,0.414032307,-3.957975274,95.120848899
273.716680942,0.413467937,-3.967682777,95.098596996
273.766680944,0.414725921,-3.971990638,95.121830248
273.816680947,0.415129053,-3.981560345,95.103997515
273.866680949,0.415854691,-3.985657932,95.113860000
273.916680952,0.416610183,-3.994756680,95.098740442
273.966680955,0.417713872,-3.999125004,95.111474099
274.016680957,0.417931820,-4.008990009,95.093920759
274.066680960,0.419062675,-4.013906322,95.119176561
274.116680962,0.419540441,-4.025535709,95.098770268
274.166680965,0.420751692,-4.030017681,95.120712880
274.216680968,0.420985473,-4.039620242,95.106277429
274.266680970,0.422280070,-4.045098887,95.134569576
274.316680973,0.422611047,-4.054422936,95.104575414
274.366680976,0.423524678,-4.058799548,95.120248818
274.416680978,0.423460279,-4.069576782,95.107391049
274.466680981,0.424761553,-4.074085869,95.129452755
274.516680983,0.425488542,-4.084371551,95.103950795
274.566680986,0.427001868,-4.088699904,95.120328340
274.616680989,0.427126129,-4.097420385,95.092887161
274.666680991,0.428335864,-4.102015969,95.116888811
274.716680994,0.428634609,-4.112969690,95.091729184
274.766680996,0.430127760,-4.117523562,95.111264776
274.816680999,0.430616791,-4.128006936,95.094278503
274.866681002,0.432122793,-4.132242732,95.116970312
274.916681004,0.432094309,-4.142757174,95.098658213
274.966681007,0.433045895,-4.147658188,95.120070637
275.016681009,0.433271748,-4.157530987,95.113115945
275.066681012,0.434500967,-4.161803866,95.119087249
275.116681015,0.435046835,-4.171766215,95.103889293
275.166681017,0.436326564,-4.176185916,95.128038534
275.216681020,0.436079056,-4.186348824,95.097774403
275.266681022,0.437053758,-4.190484769,95.114732002
275.316681025,0.437180016,-4.200010697,95.091735987
275.366681028,0.438429351,-4.204478344,95.105822503
275.416681030,0.438666241,-4.213877398,95.086664742
275.466681033,0.440175450,-4.218594055,95.113169761
275.516681035,0.441038581,-4.228681374,95.103041124
275.566681038,0.442360567,-4.233178370,95.124023938
275.616681041,0.442384633,-4.243106277,95.098594533
275.666681043,0.443271039,-4.247510437,95.119398981
275.716681046,0.442506069,-4.256488434,95.093596509
275.766681049,0.443427972,-4.260834205,95.119055461
275.816681051,0.443808181,-4.271040368,95.097258357
275.866681054,0.444725239,-4.275080207,95.112921016
275.916681056,0.445003710,-4.284263828,95.097589447
275.966681059,0.446134766,-4.288697830,95.119798856
276.016681062,0.445382466,-4.297637671,95.095635843
276.066681064,0.446794499,-4.301632088,95.116100729
276.116681067,0.446911619,-4.311416013,95.087989959
276.166681069,0.447440203,-4.315159616,95.099942896
276.216681072,0.448652359,-4.325148281,95.095973776
276.266681075,0.450248951,-4.329749276,95.125348476
276.316681077,0.449345349,-4.339019525,95.104394103
276.366681080,0.450461187,-4.343985743,95.131310458
276.416681082,0.449771705,-4.352612375,95.095266029
276.466681085,0.450643413,-4.356945216,95.106540952
276.516681088,0.450888621,-4.366214307,95.093495869
276.566681090,0.452209109,-4.369785509,95.113314774
276.616681093,0.451676597,-4.379098893,95.093159448
276.666681095,0.452459962,-4.383329752,95.114120684
276.716681098,0.452516097,-4.392587287,95.093470545
276.766681101,0.454024675,-4.396526721,95.112167908
276.816681103,0.453144990,-4.404668737,95.077993855
276.866681106,0.454560959,-4.409300374,95.104663291
276.916681108,0.454498489,-4.420765387,95.084317350
276.966681111,0.456214772,-4.424787512,95.102353551
277.016681114,0.456066469,-4.434955038,95.097821319
277.066681116,0.456921575,-4.439032093,95.116812985
277.116681119,0.457389321,-4.448855448,95.096443097
277.166681122,0.458477641,-4.453214396,95.119733025
277.216681124,0.457366481,-4.461792701,95.083439244
277.266681127,0.459415480,-4.466495154,95.108049895
277.316681129,0.459612055,-4.475722471,95.088000202
277.366681132,0.460782738,-4.480923670,95.120771339
277.416681135,0.460422661,-4.490290185,95.096025973
277.466681137,0.461630736,-4.494472733,95.113456896
277.516681140,0.462005495,-4.504578726,95.091569601
277.566681142,0.463400659,-4.509312006,95.110088348
277.616681145,0.463521762,-4.520039039,95.086152534
277.666681148,0.464959074,-4.524118756,95.107535871
277.716681150,0.465855896,-4.534326983,95.101635864
277.766681153,0.467009049,-4.539044768,95.123347237
277.816681155,0.466537235,-4.549182098,95.090768506
277.866681158,0.467351724,-4.554007068,95.105660799
277.916681161,0.467432637,-4.564127104,95.093731792
277.966681163,0.468880921,-4.568102733,95.119601531
278.016681166,0.468850256,-4.577057236,95.088710283
278.066681168,0.470770006,-4.582275644,95.110735543
278.116681171,0.470975039,-4.592913531,95.082224138
278.166681174,0.472140575,-4.597194458,95.097079946
278.216681176,0.472572203,-4.606757964,95.077857607
278.266681179,0.473906760,-4.611482675,95.102166458
278.316681182,0.475041864,-4.622333970,95.083166367
278.366681184,0.476091018,-4.627001444,95.103101976
278.416681187,0.476299866,-4.637586297,95.098036039
278.466681189,0.477935453,-4.642504448,95.112739152
278.516681192,0.478002264,-4.651667158,95.088537953
278.566681195,0.479414302,-4.656543399,95.116484029
278.616681197,0.478714652,-4.666413884,95.087688969
278.666681200,0.480635528,-4.671223880,95.111614969
278.716681202,0.479716684,-4.680962744,95.087865018
278.766681205,0.480675441,-4.684717817,95.098885462
278.816681208,0.481129304,-4.694655112,95.073050063
278.866681210,0.482786664,-4.699096316,95.092669251
278.916681213,0.483076727,-4.707881425,95.083321286
278.966681215,0.484101970,-4.712718364,95.104178779
279.016681218,0.485398252,-4.724558777,95.093928094
279.066681221,0.486796115,-4.729699284,95.125306518
279.116681223,0.486524616,-4.734377943,95.116419762
279.166681226,0.487019188,-4.735784291,95.119265535
279.216681228,0.486742466,-4.736634419,95.114336214
279.266681231,0.486761028,-4.736752591,95.109926235
279.316681234,0.486561869,-4.736676188,95.102951004
279.366681236,0.486426713,-4.736965283,95.104553010
279.416681239,0.486468098,-4.737618046,95.113913171
279.466681241,0.486793647,-4.737530246,95.117214114
279.516681244,0.487142442,-4.737685794,95.116354067
279.566681247,0.487152098,-4.737942929,95.117452838
279.616681249,0.487472007,-4.738012822,95.125354935
279.666681252,0.487737227,-4.738098314,95.129051185
279.716681255,0.487513169,-4.738389145,95.122783127
279.766681257,0.487087888,-4.737372298,95.103381042
279.816681260,0.486675034,-4.737989459,95.092929640
279.866681262,0.486584874,-4.738031036,95.095085678
279.916681265,0.486472031,-4.738213141,95.084588928
279.966681268,0.486856348,-4.737764915,95.076487422
280.016681270,0.486536973,-4.738113524,95.054183390
280.066681273,0.487022235,-4.738044258,95.052005881
280.116681275,0.487516419,-4.738743305,95.056788989
280.166681278,0.487490381,-4.738591611,95.051643833
280.216681281,0.487565628,-4.738990615,95.035801950
280.266681283,0.487726552,-4.738500005,95.027084808
280.316681286,0.487820936,-4.738631230,95.011036176
280.366681288,0.487575597,-4.738321471,94.999793474
280.416681291,0.487552893,-4.738529776,94.989644206
280.466681294,0.487909838,-4.739397740,94.999066685
280.516681296,0.487298361,-4.739406727,94.981264465
280.566681299,0.487368821,-4.737862481,94.963580417
280.616681301,0.487422890,-4.738127950,94.950979362
280.666681304,0.487386850,-4.738136939,94.942023850
280.716681307,0.487455443,-4.737903306,94.939381824
280.766681309,0.487361944,-4.737887151,94.938917596
280.816681312,0.487235212,-4.738513772,94.927515289
280.866681315,0.487360521,-4.738015572,94.925330741
280.916681317,0.487341557,-4.737744725,94.920489596
280.966681320,0.487491350,-4.738542372,94.928014996
281.016681322,0.487443390,-4.738835104,94.922669133
281.066681325,0.488040841,-4.738407176,94.915844589
281.116681328,0.487960933,-4.738072117,94.915679696
281.166681330,0.487470712,-4.737240094,94.903370116
281.216681333,0.487292159,-4.737760095,94.874300681
281.266681335,0.487267679,-4.737666931,94.860822838
281.316681338,0.490898636,-4.733427774,95.013030446
281.366681341,0.488364435,-4.747922247,95.377787795
281.416681343,0.494290402,-4.728446765,96.618178181
281.466681346,0.492245889,-4.747257549,97.096709698
281.516681348,0.494863442,-4.727560139,98.717728278
281.566681351,0.495112409,-4.742468144,99.104345816
281.616681354,0.493179850,-4.729641363,100.922532132
281.666681356,0.493741916,-4.742239288,101.267633775
281.716681359,0.495196271,-4.729966583,103.109740504
281.766681361,0.495393567,-4.743773173,103.459826345
281.816681364,0.494907648,-4.728984402,105.282225067
281.866681367,0.494207846,-4.742455241,105.637833651
281.916681369,0.494308039,-4.730087722,107.460038899
281.966681372,0.493092936,-4.742073064,107.771083353
282.016681374,0.493560589,-4.729803916,109.646920017
282.066681377,0.493401039,-4.740270002,109.960312645
282.116681380,0.494497641,-4.732260310,111.811819114
282.166681382,0.494088291,-4.739281482,112.065660591
282.216681385,0.494305725,-4.733713866,114.035992637
282.266681388,0.494722195,-4.740028941,114.277354131
282.316681390,0.492995478,-4.733437733,116.184202790
282.366681393,0.493409895,-4.738362862,116.439768865
282.416681395,0.494386198,-4.733523436,118.397221579
282.466681398,0.493922480,-4.737721311,118.590542517
282.516681401,0.491812382,-4.734056576,120.548414583
282.566681403,0.493295970,-4.737681098,120.767840357
282.616681406,0.491689940,-4.734569770,122.701173673
282.666681408,0.494063269,-4.736431925,122.900017860
282.716681411,0.489852968,-4.734000048,124.854285634
282.766681414,0.491198542,-4.731978955,124.992906437
282.816681416,0.487438353,-4.734935095,125.964122012
282.866681419,0.488837718,-4.732838262,125.998331295
282.916681421,0.487977402,-4.732834763,126.122423826
282.966681424,0.487560167,-4.732577259,126.121896628
283.016681427,0.487066714,-4.733057256,126.151012190
283.066681429,0.487210995,-4.733746948,126.159133930
283.116681432,0.487391380,-4.733604018,126.180374108
283.166681434,0.487368835,-4.733047653,126.178797593
283.216681437,0.487099780,-4.732606581,126.191568363
283.266681440,0.487043259,-4.733174956,126.193747406
283.316681442,0.487194853,-4.733003350,126.215472314
283.366681445,0.487748598,-4.732664889,126.220607341
283.416681447,0.487862710,-4.732825654,126.234848157
283.466681450,0.487664984,-4.732897019,126.234030366
283.516681453,0.487366644,-4.732025997,126.242979058
283.566681455,0.487713538,-4.731923968,126.248048290
283.616681458,0.487067885,-4.733888349,125.938124302
283.666681461,0.487782060,-4.733355175,125.884701673
283.716681463,0.487887540,-4.737142896,124.184453293
283.766681466,0.488395306,-4.734088424,124.068154193
283.816681468,0.488858706,-4.738676901,122.099176194
283.866681471,0.489902110,-4.734568336,121.968871628
283.916681474,0.488771891,-4.740811795,119.956314269
283.966681476,0.490963106,-4.736143477,119.846839306
284.016681479,0.488801927,-4.741948780,117.830415210
284.066681481,0.490410254,-4.735608865,117.664822750
284.116681484,0.488571084,-4.742884685,115.694516074
284.166681487,0.491727071,-4.737629060,115.587781601
284.216681489,0.489154733,-4.745370580,113.566069664
284.266681492,0.490555291,-4.737999273,113.429606639
284.316681494,0.488690025,-4.746458836,111.452535555
284.366681497,0.489628563,-4.736336682,111.246960107
284.416681500,0.488736509,-4.747182681,109.311060575
284.466681502,0.489548179,-4.738329163,109.143813713
284.516681505,0.488650618,-4.745646173,107.184800890
284.566681507,0.489770391,-4.738629847,107.030944147
284.616681510,0.488025841,-4.748984455,105.046966774
284.666681513,0.488323904,-4.740613458,104.896011165
284.716681515,0.487871122,-4.748407724,102.934528260
284.766681518,0.487058250,-4.739943408,102.784208113
284.816681521,0.487352949,-4.749038763,100.795062194
284.866681523,0.484622313,-4.739676151,100.640287086
284.916681526,0.487341680,-4.748842021,98.686374496
284.966681528,0.485408782,-4.738589479,98.517601517
285.016681531,0.486236611,-4.749424480,96.540625696
285.066681534,0.485144880,-4.736804803,96.392988064
285.116681536,0.485410707,-4.748288436,94.384435844
285.166681539,0.483664993,-4.735726466,94.220109319
285.216681541,0.485220141,-4.747878272,92.273952578
285.266681544,0.480981743,-4.735367863,92.115253167
285.316681547,0.486076262,-4.750124956,90.164259480
285.366681549,0.483237078,-4.736495628,89.988295707
285.416681552,0.484104062,-4.746661085,87.991999211
285.466681554,0.481175638,-4.735524791,87.820784427
285.516681557,0.482918722,-4.745859160,85.864948586
285.566681560,0.479348348,-4.736596094,85.690994344
285.616681562,0.482752980,-4.746821370,83.756912120
285.666681565,0.479753226,-4.735619916,83.545055842
285.716681567,0.482548407,-4.746012526,81.596531364
285.766681570,0.477515198,-4.739915495,81.405291548
285.816681573,0.482137601,-4.745951107,79.446352226
285.866681575,0.476757742,-4.739459026,79.226383312
285.916681578,0.480809349,-4.744761952,77.302934473
285.966681580,0.475173977,-4.741000735,77.107864819
286.016681583,0.481354107,-4.744115984,75.174018479
286.066681586,0.475908152,-4.745551447,74.950791783
286.116681588,0.480971344,-4.741783439,73.019775079
286.166681591,0.475072897,-4.745589690,72.743800906
286.216681594,0.480891023,-4.743901154,70.893594155
286.266681596,0.474167634,-4.748562694,70.651150118
286.316681599,0.479677481,-4.741338093,68.731367566
286.366681601,0.471672122,-4.742565069,68.396540729
286.416681604,0.479633615,-4.738463188,66.579209097
286.466681607,0.472856084,-4.746862469,66.331525829
286.516681609,0.480533185,-4.736444755,64.456071561
286.566681612,0.474108985,-4.743521326,64.087975795
286.616681614,0.480333121,-4.739162974,62.275562935
286.666681617,0.472831430,-4.742656083,61.951995559
286.716681620,0.481358130,-4.738384871,60.155216079
286.766681622,0.473626152,-4.741905996,59.781554272
286.816681625,0.480407616,-4.735187895,57.989657497
286.866681627,0.472332073,-4.740531031,57.620181375
286.916681630,0.483335359,-4.724936012,56.445131587
286.966681633,0.479394363,-4.723196544,56.330887293
287.016681635,0.482199135,-4.722181435,56.241729821
287.066681638,0.482359903,-4.722264712,56.232654606
287.116681640,0.482148865,-4.722215056,56.220545539
287.166681643,0.482315775,-4.722816477,56.213556467
287.216681646,0.482999170,-4.722772262,56.203287762
287.266681648,0.482847683,-4.722120967,56.200754905
287.316681651,0.482418439,-4.722987671,56.202620702
287.366681654,0.482175246,-4.723378944,56.219379909
287.416681656,0.482639217,-4.723033676,56.218921273
287.466681659,0.482680966,-4.722170543,56.184000661
287.516681661,0.482605476,-4.721764278,56.172245072
287.566681664,0.482855306,-4.721968475,56.186341970
287.616681667,0.482233440,-4.722049735,56.175246993
287.666681669,0.482117787,-4.722734523,56.178351753
287.716681672,0.482560659,-4.722992362,56.185181309
287.766681674,0.482860888,-4.722462015,56.176092996
287.816681677,0.482608289,-4.722237951,56.163666417
287.866681680,0.482236807,-4.722354742,56.166918509
287.916681682,0.482540121,-4.722426532,56.169008961
287.966681685,0.482394595,-4.721987506,56.163706053
288.016681687,0.482146996,-4.722302315,56.159421893
288.066681690,0.482599786,-4.722857513,56.165522663
288.116681693,0.482520558,-4.722706432,56.164946115
288.166681695,0.482570310,-4.722342301,56.153278720
288.216681698,0.482509508,-4.722886118,56.154074925
288.266681700,0.482363754,-4.722927267,56.158872385
288.316681703,0.482891574,-4.723575198,56.165078956
288.366681706,0.483090805,-4.723877958,56.160642510
288.416681708,0.482931358,-4.723633337,56.151432044
288.466681711,0.482982327,-4.722843008,56.136830320
288.516681713,0.482464571,-4.722827143,56.121085494
288.566681716,0.482339480,-4.722786023,56.127315551
288.616681719,0.482631758,-4.722889028,56.129668571
288.666681721,0.482958365,-4.723343683,56.141508232
288.716681724,0.483225575,-4.723580778,56.142663787
288.766681727,0.483179308,-4.723111326,56.129913706
288.816681729,0.483196189,-4.722929266,56.126896762
288.866681732,0.482974713,-4.722233458,56.130957549
288.916681734,0.482633333,-4.722464055,56.127301933
288.966681737,0.483104874,-4.724651561,56.206693836
289.016681740,0.487566918,-4.719770706,56.449840028
289.066681742,0.489905959,-4.725910193,56.735742810
289.116681745,0.496071790,-4.728704326,57.158563677
289.166681747,0.497702776,-4.730916998,57.266063652
289.216681750,0.502057031,-4.738180603,57.496692618
289.266681753,0.505342008,-4.740084392,57.520626472
289.316681755,0.514846856,-4.745126537,57.595044082
289.366681758,0.517647514,-4.748916176,57.635748826
289.416681760,0.525860971,-4.753730262,57.648917798
289.466681763,0.530013545,-4.755268177,57.658973207
289.516681766,0.538059175,-4.759978359,57.664895487
289.566681768,0.540829333,-4.764050599,57.683433776
289.616681771,0.549335962,-4.769252626,57.677987206
289.666681773,0.553147629,-4.772341610,57.692105219
289.716681776,0.561465274,-4.776854335,57.687774605
289.766681779,0.564129656,-4.778963701,57.676658200
289.816681781,0.572550172,-4.785742342,57.661699168
289.866681784,0.575292365,-4.789090387,57.704929224
289.916681786,0.583247937,-4.793727586,57.671921961
289.966681789,0.586855948,-4.796756107,57.678875072
290.016681792,0.595156835,-4.802605268,57.667658552
290.066681794,0.598145865,-4.804161972,57.688901036
290.116681797,0.607173550,-4.810181960,57.699106969
290.166681800,0.610796508,-4.813027001,57.696614378
290.216681802,0.618458689,-4.819183699,57.668029035
290.266681805,0.621605098,-4.822663989,57.688574639
290.316681807,0.630130097,-4.827410434,57.673089513
290.366681810,0.633625198,-4.829900360,57.694359317
290.416681813,0.642474162,-4.835210627,57.682280801
290.466681815,0.645770089,-4.838370201,57.684405249
290.516681818,0.655358060,-4.843816377,57.688838403
290.566681820,0.657817456,-4.846568411,57.687294689
290.616681823,0.665713724,-4.850784101,57.671362457
290.666681826,0.669924343,-4.854628776,57.701508821
290.716681828,0.679224123,-4.860788476,57.699491088
290.766681831,0.681524604,-4.862703237,57.701443094
290.816681833,0.689897327,-4.867536711,57.680780808
290.866681836,0.693658686,-4.871170476,57.697395883
290.916681839,0.701542458,-4.874467545,57.677170380
290.966681841,0.702367967,-4.875110194,57.682005265
291.016681844,0.704842911,-4.875564723,57.664651654
291.066681846,0.705386826,-4.875731622,57.666865738
291.116681849,0.705444823,-4.875672847,57.666224888
291.166681852,0.705369031,-4.876017534,57.660259268
291.216681854,0.705878368,-4.876332385,57.663002634
291.266681857,0.705827754,-4.875578272,57.660856419
291.316681860,0.705492367,-4.875527398,57.655598168
291.366681862,0.705669441,-4.876820609,57.658874841
291.416681865,0.706151903,-4.876433379,57.661467703
291.466681867,0.706053624,-4.876211476,57.670914598
291.516681870,0.706332954,-4.876427997,57.671218759
291.566681873,0.706409520,-4.875660796,57.658383859
291.616681875,0.705789097,-4.875682012,57.656545812
291.666681878,0.705511680,-4.876983994,57.670744503
291.716681880,0.706258704,-4.877271537,57.668887097
291.766681883,0.706504466,-4.875390009,57.673120907
291.816681886,0.706108722,-4.874876916,57.673009895
291.866681888,0.705984544,-4.876255950,57.689005555
291.916681891,0.705713406,-4.876229005,57.687847913
291.966681893,0.705860630,-4.876093274,57.670290011
292.016681896,0.705928324,-4.876143441,57.665399721
292.066681899,0.705955077,-4.876897124,57.680660256
292.116681901,0.706362261,-4.877145294,57.681025517
292.166681904,0.706053512,-4.876595570,57.671458184
292.216681906,0.705913165,-4.876533611,57.674188084
292.266681909,0.706353829,-4.876216550,57.663532704
292.316681912,0.706449855,-4.875763092,57.660274418
292.366681914,0.706217421,-4.876158256,57.654983462
292.416681917,0.706078371,-4.876762085,57.654551223
292.466681919,0.705670015,-4.876795542,57.672996218
292.516681922,0.706141215,-4.876425687,57.673549468
292.566681925,0.706566473,-4.876216321,57.661085370
292.616681927,0.706541226,-4.876687827,57.660796332
292.666681930,0.706523365,-4.876809021,57.653023396
292.716681933,0.707237606,-4.876172796,57.656413436
292.766681935,0.707343622,-4.876578284,57.681809383
292.816681938,0.706435533,-4.877077417,57.682699646
292.866681940,0.706587777,-4.876393085,57.666788859
292.916681943,0.707507925,-4.876885358,57.667096442
292.966681946,0.707047140,-4.876850591,57.664545002
293.016681948,0.706495928,-4.876185432,57.659605916
293.066681951,0.707119512,-4.876817422,57.662955316
293.116681953,0.706916109,-4.877396932,57.661185490
293.166681956,0.706727967,-4.877210694,57.675547433
293.216681959,0.707319759,-4.877111496,57.674531954
293.266681961,0.707590534,-4.877035148,57.667817093
293.316681964,0.706744548,-4.876894588,57.670862996
293.366681966,0.706802702,-4.876451102,57.658606325
293.416681969,0.707471161,-4.876001623,57.654882877
293.466681972,0.707054748,-4.877425901,57.688570867
293.516681974,0.707456050,-4.878044494,57.683198317
293.566681977,0.707360308,-4.876920422,57.665574430
293.616681979,0.707430994,-4.877441000,57.674999533
293.666681982,0.707538125,-4.876069137,57.671823108
293.716681985,0.707525120,-4.875684611,57.665530762
293.766681987,0.707336581,-4.876692278,57.676687906
293.816681990,0.707271449,-4.876840395,57.674148546
293.866681993,0.707374027,-4.877084695,57.685078682
293.916681995,0.707549242,-4.877210233,57.680972887
293.966681998,0.707951057,-4.876684623,57.650212766
294.016682000,0.707793666,-4.876823213,57.651161854
294.066682003,0.707347134,-4.876528156,57.657253557
294.116682006,0.707315618,-4.876393555,57.657656139
294.166682008,0.707778371,-4.877705258,57.653119801
294.216682011,0.707649917,-4.877514702,57.656793310
294.266682013,0.707499817,-4.877570212,57.671393962
294.316682016,0.707831225,-4.877828491,57.664455864
294.366682019,0.707986636,-4.877188377,57.668625220
294.416682021,0.708103651,-4.877241492,57.671421165
294.466682024,0.707974760,-4.877363612,57.680938552
294.516682026,0.707830011,-4.877100249,57.689670782
294.566682029,0.707547171,-4.878372908,57.668943984
294.616682032,0.707275224,-4.877771465,57.662114167
294.666682034,0.707529742,-4.876390739,57.652770952
294.716682037,0.707915692,-4.876874661,57.654239347
294.766682039,0.707530502,-4.877231600,57.659177533
294.816682042,0.708027726,-4.877705374,57.665045797
294.866682045,0.708383655,-4.877494206,57.671213498
294.916682047,0.708643009,-4.877362178,57.671355630
294.966682050,0.708631685,-4.877240815,57.648404393
295.016682052,0.708584872,-4.877477268,57.650313479
295.066682055,0.708718403,-4.877346023,57.662792961
295.116682058,0.708521901,-4.876796694,57.659763840
295.166682060,0.708770069,-4.877745220,57.663937610
295.216682063,0.708987679,-4.878763867,57.664976436
295.266682066,0.708171823,-4.879140295,57.669740116
295.316682068,0.708371213,-4.878473180,57.667769489
295.366682071,0.708524604,-4.878756648,57.658273860
295.416682073,0.708454838,-4.878513801,57.658733885
295.466682076,0.708446555,-4.878223563,57.669267663
295.516682079,0.708675648,-4.878076167,57.668689909
295.566682081,0.709119365,-4.877084106,57.678360383
295.616682084,0.709269376,-4.877380783,57.688727223
295.666682086,0.708790097,-4.877160319,57.660765026
295.716682089,0.708910758,-4.877045114,57.651039111
295.766682092,0.708823261,-4.877689207,57.661554335
295.816682094,0.708597823,-4.877581336,57.661964263
295.866682097,0.708787157,-4.877637347,57.653932084
295.916682099,0.709127691,-4.878719428,57.658383893
295.966682102,0.709056958,-4.879294077,57.675279220
296.016682105,0.708286553,-4.878854155,57.674690280
296.066682107,0.708759970,-4.877812159,57.657047390
296.116682110,0.708880435,-4.877730256,57.660354869
296.166682112,0.708732633,-4.878433918,57.669354856
296.216682115,0.708944487,-4.878637851,57.667652175
296.266682118,0.709294197,-4.878487965,57.662280440
296.316682120,0.708912713,-4.878350220,57.664143509
296.366682123,0.708604323,-4.878513370,57.671773184
296.416682126,0.709003952,-4.878956516,57.671504632
296.466682128,0.709061509,-4.879257727,57.677805835
296.516682131,0.709952191,-4.878780163,57.679537307
296.566682133,0.709602057,-4.878284272,57.658519787
296.616682136,0.709334298,-4.878743405,57.656068423
296.666682139,0.709513633,-4.878983794,57.674385850
296.716682141,0.709296277,-4.878754683,57.669694913
296.766682144,0.709143297,-4.878925311,57.659935252
296.816682146,0.709638242,-4.878869493,57.669592629
296.866682149,0.709635394,-4.878724731,57.660431561
296.916682152,0.709793143,-4.878589191,57.661773416
296.966682154,0.709838325,-4.878182589,57.659080863
297.016682157,0.709753416,-4.878633539,57.662187650
297.066682159,0.709487251,-4.878699670,57.662155827
297.116682162,0.709040819,-4.878512515,57.656143926
297.166682165,0.709098978,-4.878830547,57.662887334
297.216682167,0.709807224,-4.878946950,57.662701597
297.266682170,0.709899686,-4.879532079,57.665715088
297.316682172,0.709964846,-4.879172290,57.664261358
297.366682175,0.709798063,-4.879064080,57.663468042
297.416682178,0.709776936,-4.879524567,57.681295127
297.466682180,0.710120244,-4.878854230,57.671541025
297.516682183,0.710141002,-4.878555144,57.664654609
297.566682185,0.710113615,-4.878924415,57.665297927
297.616682188,0.710234832,-4.878952093,57.666982672
297.666682191,0.710026416,-4.878845449,57.664380900
297.716682193,0.709738693,-4.879354219,57.670122346
297.766682196,0.710098551,-4.879041025,57.674658895
297.816682199,0.710717449,-4.878875329,57.675831803
297.866682201,0.710659306,-4.879357826,57.664627475
297.916682204,0.710363784,-4.879578112,57.661608805
297.966682206,0.710232767,-4.879499168,57.669367820
298.016682209,0.710369746,-4.879909772,57.670216688
298.066682212,0.710342981,-4.880576786,57.658962961
298.116682214,0.710424736,-4.879653771,57.657932242
298.166682217,0.710806480,-4.879122273,57.657609468
298.216682219,0.710609215,-4.879816141,57.655577754
298.266682222,0.710785191,-4.880335510,57.669900691
