t,x,y,yaw
187.316676435,0.000000000,0.000000000,0.000000000
187.366676438,-0.000081777,-0.000039622,-0.000015464
187.416676441,-0.000237998,-0.003151958,0.000230623
187.466676443,0.000025459,-0.003170881,0.000068469
187.516676446,0.000113316,-0.002495956,0.000060332
187.566676449,-0.000015418,-0.002493272,0.000113920
187.616676451,0.000304578,-0.002253460,0.000054217
187.666676454,0.000274048,-0.002252252,0.000076625
187.716676456,0.000026926,-0.003504249,0.000097679
187.766676459,-0.000121511,-0.003520180,0.000107652
187.816676462,-0.000410830,0.001317722,-0.000104417
187.866676464,-0.000496233,0.001361903,-0.000078046
187.916676467,-0.000370290,-0.001279105,0.000115760
187.966676469,-0.000062614,-0.001296642,0.000013624
188.016676472,-0.000137898,-0.001055315,0.000070063
188.066676475,-0.000101227,-0.001051836,0.000060957
188.116676477,0.000181675,-0.001984012,-0.000001072
188.166676480,-0.000257144,-0.002005519,0.000133837
188.216676482,-0.000383138,-0.000911385,0.000056719
188.266676485,-0.000075309,-0.000892187,-0.000065720
188.316676488,0.000028553,0.000211056,-0.000111831
188.366676490,-0.000146590,0.000216290,-0.000020269
188.416676493,0.000102568,-0.002053449,0.000051645
188.466676495,-0.000060918,-0.002128156,0.000174123
188.516676498,-0.000154094,-0.000468488,-0.000005758
188.566676501,-0.000200774,-0.000434050,-0.000026012
188.616676503,0.000049574,-0.002785721,0.000055806
188.666676506,-0.000020691,-0.002809551,0.000070172
188.716676509,-0.000281121,-0.002530858,0.000092347
188.766676511,-0.000295650,-0.002551824,0.000177650
188.816676514,0.000138655,-0.003224437,0.000051728
188.866676516,-0.000286466,-0.003243035,0.000193657
188.916676519,-0.000203243,-0.001560128,0.000043840
188.966676522,-0.000007825,-0.001538428,-0.000001272
189.016676524,0.000038327,-0.002767732,0.000041523
189.066676527,-0.000231088,-0.002787805,0.000125810
189.116676529,-0.000295443,-0.001754333,0.000152673
189.166676532,-0.000194949,-0.001741321,0.000137743
189.216676535,-0.000124789,-0.002477607,0.000066264
189.266676537,0.000035661,-0.002456589,0.000095915
189.316676540,0.000109265,-0.001819159,0.000100151
189.366676542,-0.000324472,-0.001825213,0.000233338
189.416676545,-0.000225234,-0.001401429,0.000129955
189.466676548,0.000058164,-0.001353132,0.000086706
189.516676550,0.000124611,-0.002646747,0.000123462
189.566676553,-0.000093998,-0.002665053,0.000217758
189.616676555,-0.000173310,-0.002026333,0.000119358
189.666676558,0.000041679,-0.002014070,0.000037160
189.716676561,-0.000085813,-0.000372492,-0.000034720
189.766676563,0.000079806,-0.000352175,-0.000072980
189.816676566,0.000121500,-0.001748388,0.000004133
189.866676568,0.000124234,-0.001734637,0.000074337
189.916676571,-0.000268261,-0.000426665,0.000056120
189.966676574,-0.000260509,-0.000413967,0.000047388
190.016676576,-0.000099360,-0.002883224,0.000183391
190.066676579,0.000092383,-0.002901774,0.000104054
190.116676582,0.000100201,-0.001776800,0.000033315
190.166676584,-0.000200926,-0.001774263,0.000127685
190.216676587,-0.000236328,-0.001655295,0.000039578
190.266676589,-0.000211150,-0.001653420,-0.000012849
190.316676592,-0.000049815,-0.000625692,0.000039075
190.366676595,-0.000063692,-0.000602664,0.000021329
190.416676597,-0.000064481,-0.002202640,0.000101783
190.466676600,-0.000303076,-0.002224453,0.000135781
190.516676602,-0.000142757,0.001332002,-0.000163978
190.566676605,0.000012251,0.001398114,-0.000124669
190.616676608,0.000114819,-0.000155252,-0.000142416
190.666676610,-0.000150073,-0.000177303,-0.000095157
190.716676613,-0.000471939,-0.002011474,0.000096251
190.766676615,-0.000348660,-0.002025772,0.000079581
190.816676618,-0.000023952,-0.002701199,0.000039953
190.866676621,-0.000285099,-0.002700170,0.000206213
190.916676623,-0.000111649,-0.002602369,0.000109185
190.966676626,0.000150395,-0.002641885,0.000094907
191.016676628,0.000012618,-0.001425921,0.000018601
191.066676631,-0.000170895,-0.001419186,0.000092552
191.116676634,-0.000033592,-0.002079701,0.000138044
191.166676636,0.000146181,-0.002081173,0.000058010
191.216676639,-0.000220592,-0.002747568,0.000139269
191.266676642,-0.000156733,-0.002734774,0.000150548
191.316676644,-0.000222539,-0.001598093,0.000186093
191.366676647,0.000041648,-0.001543112,0.000025691
191.416676649,0.000158555,-0.001879439,-0.000014752
191.466676652,-0.000054190,-0.001854201,0.000077546
191.516676655,-0.000035201,-0.001896653,0.000108045
191.566676657,0.000196773,-0.001890655,0.000072267
191.616676660,0.000078717,-0.002749408,0.000033001
191.666676662,-0.000250737,-0.002766778,0.000136108
191.716676665,-0.000118725,-0.001222697,0.000068915
191.766676668,-0.000127168,-0.001208373,0.000022208
191.816676670,-0.000276018,-0.002943485,0.000253365
191.866676673,-0.000063933,-0.002907343,0.000119065
191.916676675,-0.000052679,-0.002469222,0.000139420
191.966676678,-0.000214082,-0.002507670,0.000249772
192.016676681,-0.000315319,-0.000271551,0.000139130
192.066676683,-0.000335390,-0.000250638,0.000140803
192.116676686,-0.000399602,-0.002298341,0.000130861
192.166676688,-0.000152400,-0.002311047,0.000068250
192.216676691,-0.000275083,0.000825324,-0.000107286
192.266676694,-0.000211189,0.000856406,-0.000109533
192.316676696,-0.000071592,-0.001004583,0.000185935
192.366676699,0.000220416,-0.001014114,0.000074065
192.416676701,-0.000009500,-0.001989959,0.000049482
192.466676704,-0.000103644,-0.002002120,0.000060598
192.516676707,0.000138470,-0.001202653,-0.000039088
192.566676709,-0.000100184,-0.001201414,0.000048490
192.616676712,-0.000063370,-0.001800835,0.000178396
192.666676715,0.000079992,-0.001802387,0.000096965
192.716676717,-0.000029873,-0.002385346,0.000027426
192.766676720,0.000026076,-0.002389376,0.000020782
192.816676722,0.000090852,-0.002590617,0.000057499
192.866676725,-0.000165825,-0.002599696,0.000104582
192.916676728,-0.000108147,-0.002361147,0.000070286
192.966676730,-0.000178149,-0.002408801,0.000064615
193.016676733,-0.000168185,-0.001879030,0.000225135
193.066676735,-0.000247066,-0.001927279,0.000193073
193.116676738,-0.000055939,-0.002045255,0.000080593
193.166676741,-0.000015282,-0.002045042,0.000056879
193.216676743,-0.000215534,0.001682128,-0.000208995
193.266676746,-0.000116573,0.001721236,-0.000169737
193.316676748,-0.000147036,-0.001228761,0.000159074
193.366676751,-0.000039430,-0.001253800,0.000106128
193.416676754,0.000275649,-0.002726585,0.000068126
193.466676756,0.000360901,-0.002738115,0.000059714
193.516676759,-0.000044836,-0.003138909,0.000106461
193.566676761,-0.000140493,-0.003145212,0.000128730
193.616676764,-0.000022715,-0.002004577,0.000009877
193.666676767,0.000066096,-0.001986236,0.000072732
193.716676769,0.000031168,-0.002467341,0.000037800
193.766676772,-0.000131897,-0.002476854,0.000108027
193.816676774,-0.000160314,-0.002054324,0.000056116
193.866676777,0.000014869,-0.002045148,-0.000040736
193.916676780,0.000198363,-0.002218416,-0.000001664
193.966676782,0.000047688,-0.002224367,0.000034880
194.016676785,-0.000293540,-0.001082427,0.000082251
194.066676788,-0.000163659,-0.001068060,0.000007130
194.116676790,-0.000285120,-0.001371974,0.000142609
194.166676793,-0.000021934,-0.001367472,0.000062939
194.216676795,0.000032793,-0.002114699,-0.000023675
194.266676798,0.000108283,-0.002093956,0.000029894
194.316676801,-0.000051684,-0.002650399,0.000076027
194.366676803,-0.000265635,-0.002661835,0.000168858
194.416676806,-0.000178452,-0.003127738,0.000054585
194.466676808,-0.000227290,-0.003133518,0.000095366
194.516676811,-0.000216710,-0.003563751,0.000284471
194.566676814,-0.000242591,-0.003577538,0.000229310
194.616676816,-0.000106895,-0.002452553,0.000170087
194.666676819,-0.000238360,-0.002445091,0.000205352
194.716676821,-0.000100625,-0.002493538,0.000116355
194.766676824,0.000030105,-0.002490391,0.000082805
194.816676827,-0.000088134,0.001410637,-0.000170289
194.866676829,-0.000111460,0.001447132,-0.000152136
194.916676832,-0.000016781,-0.002548376,0.000062302
194.966676834,0.000122766,-0.002582565,0.000026909
195.016676837,-0.000111197,-0.002051870,0.000052924
195.066676840,0.000019845,-0.002042815,0.000023237
195.116676842,-0.000030209,-0.002430867,0.000026398
195.166676845,-0.000009979,-0.002480787,0.000090425
195.216676848,-0.000068728,-0.002240595,0.000042656
195.266676850,-0.000292500,-0.002244472,0.000136241
195.316676853,-0.000443413,-0.002273130,0.000061261
195.366676855,-0.000159668,-0.002265355,0.000008854
195.416676858,-0.000026437,-0.001672860,0.000031806
195.466676861,-0.000243151,-0.001673099,0.000071394
195.516676863,-0.000257459,-0.002731688,0.000167676
195.566676866,-0.000292933,-0.002742788,0.000177365
195.616676868,-0.000176902,0.001192858,-0.000101267
195.666676871,-0.000209314,0.001229355,-0.000047024
195.716676874,-0.000051375,-0.001608648,0.000067152
195.766676876,-0.000321856,-0.001644696,0.000155685
195.816676879,-0.000273243,-0.001589538,0.000049017
195.866676881,-0.000383271,-0.001591928,0.000041060
195.916676884,-0.000155431,-0.002522868,0.000082025
195.966676887,-0.000070310,-0.002529422,0.000104421
196.016676889,-0.000209642,-0.003537629,0.000280352
196.066676892,0.000068802,-0.003539013,0.000171848
196.116676894,0.000120223,-0.002125009,0.000068174
196.166676897,0.000180361,-0.002166910,-0.000018405
196.216676900,-0.000021216,-0.002264386,-0.000039149
196.266676902,-0.000358264,-0.002274634,0.000076506
196.316676905,-0.000171877,-0.000357513,-0.000037476
196.366676907,-0.000164402,-0.000339433,-0.000028841
196.416676910,-0.000088669,-0.002002583,0.000111449
196.466676913,0.000026727,-0.002015630,0.000083229
196.516676915,-0.000096250,-0.002208859,0.000137663
196.566676918,0.000149177,-0.002177246,-0.000016748
196.616676921,-0.000007075,0.000527744,-0.000137729
196.666676923,-0.000254686,0.000545744,-0.000049712
196.716676926,-0.000209395,-0.001684476,0.000146633
196.766676928,0.000032648,-0.001698496,0.000055596
196.816676931,0.000059895,-0.002310510,0.000081623
196.866676934,-0.000000260,-0.002317940,0.000069431
196.916676936,0.000150547,-0.001544691,0.000060101
196.966676939,0.000253869,-0.001534334,0.000036098
197.016676941,-0.000021454,-0.002172444,0.000111259
197.066676944,-0.000020150,-0.002180252,0.000015060
197.116676947,0.000025793,-0.002672107,0.000090943
197.166676949,-0.000003289,-0.002677771,0.000115707
197.216676952,0.000043165,-0.003581060,0.000029623
197.266676954,-0.000316731,-0.003599787,0.000136997
197.316676957,-0.000226981,-0.002505907,0.000136603
197.366676960,-0.000116736,-0.002492484,0.000114452
197.416676962,0.000019530,-0.001055730,0.000094860
197.466676965,-0.000106705,-0.001045845,0.000131691
197.516676967,-0.000280761,-0.000645930,0.000053203
197.566676970,-0.000238397,-0.000640927,0.000045818
197.616676973,-0.000043312,-0.003216345,0.000047898
197.666676975,-0.000234089,-0.003246752,0.000126484
197.716676978,0.000061303,-0.002061936,-0.000019124
197.766676981,-0.000052232,-0.002053867,0.000056047
197.816676983,0.000073000,-0.001903380,0.000024817
197.866676986,0.000053170,-0.001902608,0.000021777
197.916676988,-0.000001536,-0.002113203,0.000008104
197.966676991,-0.000000253,-0.002115122,0.000014844
198.016676994,0.000000297,-0.003181167,0.000187420
198.066676996,-0.000211658,-0.003218570,0.000305537
198.116676999,-0.000273478,-0.002590210,0.000240333
198.166677001,0.000076699,-0.002633327,0.000065690
198.216677004,-0.000041204,-0.002297856,0.000073774
198.266677007,-0.000214651,-0.002299064,0.000112804
198.316677009,-0.000152869,-0.001449617,0.000040657
198.366677012,-0.000013428,-0.001437505,-0.000006684
198.416677014,-0.000159979,-0.002373641,0.000124576
198.466677017,-0.000020530,-0.002378584,0.000028142
198.516677020,-0.000151265,-0.001466717,0.000187547
198.566677022,0.000090155,-0.001451120,0.000144357
198.616677025,0.000025613,-0.001200240,0.000111690
198.666677027,0.000043796,-0.001197230,0.000062670
198.716677030,-0.000134437,-0.001341888,0.000034120
198.766677033,-0.000245193,-0.001346426,0.000086780
198.816677035,-0.000198465,-0.003062455,0.000169995
198.866677038,-0.000149134,-0.003078016,0.000176938
198.916677040,0.000160691,-0.003181830,0.000103944
198.966677043,0.000016958,-0.003186857,0.000127187
199.016677046,-0.000146782,-0.000638987,0.000000514
199.066677048,-0.000145447,-0.000614675,0.000036531
199.116677051,-0.000223523,-0.002600894,0.000209346
199.166677054,0.000117870,-0.002610240,0.000087538
199.216677056,0.000103770,-0.003641057,0.000083809
199.266677059,-0.000016668,-0.003654335,0.000136400
199.316677061,-0.000202337,-0.001111129,0.000129947
199.366677064,-0.000112251,-0.001104910,0.000005869
199.416677067,-0.000116262,-0.001417370,0.000047609
199.466677069,0.000009540,-0.001412517,-0.000041247
199.516677072,0.000129504,-0.001635905,-0.000025007
199.566677074,0.000043416,-0.001640613,0.000033823
199.616677077,-0.000118647,-0.002337448,0.000028075
199.666677080,-0.000211521,-0.002326241,0.000138789
199.716677082,0.000182447,-0.001797869,0.000085227
199.766677085,-0.000037215,-0.001799044,0.000172629
199.816677087,-0.000000723,-0.002303856,0.000121116
199.866677090,-0.000166704,-0.002313387,0.000146895
199.916677093,-0.000153585,-0.002167276,0.000153016
199.966677095,-0.000038628,-0.002162665,0.000141421
200.016677098,-0.000276385,-0.000488337,-0.000036802
200.066677100,-0.000316866,-0.000473944,-0.000064897
200.116677103,-0.000230249,-0.001988934,0.000191417
200.166677106,-0.000159972,-0.002001802,0.000186793
200.216677108,-0.000125050,-0.001971758,0.000077420
200.266677111,-0.000283621,-0.001975875,0.000105716
200.316677113,-0.000255266,-0.001711646,0.000133639
200.366677116,-0.000151022,-0.001706094,0.000095083
200.416677119,-0.000125048,-0.003188795,0.000102755
200.466677121,-0.000062680,-0.003202058,0.000047249
200.516677124,-0.000010356,-0.002580239,0.000077266
200.566677127,-0.000112757,-0.002576929,0.000099790
200.616677129,-0.000526586,0.001399959,-0.000102941
200.666677132,-0.000438832,0.001440961,-0.000112133
200.716677134,-0.000106065,-0.003227060,0.000336964
200.766677137,0.000075707,-0.003237326,0.000166110
200.816677140,0.000082213,-0.002431045,0.000141945
200.866677142,0.000054710,-0.002422255,0.000106914
200.916677145,-0.000021181,-0.000627522,0.000020730
200.966677147,-0.000399266,-0.000644276,0.000066033
201.016677150,-0.000269679,0.001115325,-0.000103854
201.066677153,-0.000097033,0.001136652,-0.000168641
201.116677155,0.000183131,-0.002623143,0.000074902
201.166677158,-0.000065037,-0.002665961,0.000145486
201.216677160,-0.000153324,-0.001702048,0.000055614
201.266677163,-0.000338487,-0.001697936,0.000116723
201.316677166,-0.000107489,-0.002295937,0.000077639
201.366677168,-0.000025504,-0.002287287,0.000116863
201.416677171,0.000142973,-0.002882283,0.000056340
201.466677173,-0.000256342,-0.002872443,0.000115973
201.516677176,-0.000292831,-0.002001046,0.000137996
201.566677179,0.000112791,-0.001981394,0.000028377
201.616677181,0.000203068,-0.000838562,0.000021728
201.666677184,0.000050925,-0.000883953,-0.000015214
201.716677187,-0.000075159,-0.001503568,0.000089914
201.766677189,0.000206055,-0.001501245,-0.000015619
201.816677192,-0.000137980,-0.000744675,0.000018623
201.866677194,-0.000572380,-0.000749391,0.000115296
201.916677197,-0.000201852,-0.001687832,0.000085900
201.966677200,-0.000191832,-0.001739067,0.000175822
202.016677202,-0.000067370,-0.002904885,0.000087919
202.066677205,-0.000071793,-0.002915847,0.000055379
202.116677207,-0.000288461,-0.001666584,0.000110322
202.166677210,-0.000170499,-0.001651630,0.000087581
202.216677213,-0.000133810,-0.002330795,0.000178757
202.266677215,-0.000087891,-0.002335872,0.000133057
202.316677218,-0.000148022,-0.000766614,0.000030353
202.366677220,-0.000179109,-0.000721364,-0.000053846
202.416677223,-0.000327409,-0.002558195,0.000175329
202.466677226,-0.000175013,-0.002571489,0.000131859
202.516677228,-0.000121743,-0.000482228,0.000033129
202.566677231,-0.000154433,-0.000401789,0.000112837
202.616677233,-0.000253627,-0.001043354,0.000076818
202.666677236,-0.000201019,-0.001048383,0.000023490
202.716677239,-0.000130596,-0.001615349,-0.000060605
202.766677241,-0.000066611,-0.001619023,-0.000041838
202.816677244,-0.000141223,-0.001963938,0.000163390
202.866677246,-0.000238606,-0.001946861,0.000114572
202.916677249,0.000114267,-0.001759983,0.000092007
202.966677252,-0.000156694,-0.001766098,0.000189177
203.016677254,-0.000141855,-0.002343960,0.000000337
203.066677257,-0.000072850,-0.002347393,-0.000015695
203.116677260,-0.000063010,-0.001808350,0.000017289
203.166677262,-0.000020987,-0.001801968,0.000069523
203.216677265,0.000176465,-0.002907807,0.000068842
203.266677267,0.000051249,-0.002921987,0.000090215
203.316677270,0.000174701,-0.002187001,0.000021336
203.366677273,-0.000002250,-0.002184793,0.000096688
203.416677275,-0.000155685,-0.002452743,0.000205718
203.466677278,-0.000081519,-0.002453150,0.000185793
203.516677280,-0.000315440,-0.000560544,-0.000000634
203.566677283,-0.000152688,-0.000537695,-0.000083124
203.616677286,-0.000249255,-0.001385565,0.000136343
203.666677288,0.000069098,-0.001384555,0.000021249
203.716677291,0.000112487,-0.002505493,0.000046452
203.766677293,-0.000113447,-0.002522854,0.000135301
203.816677296,0.000195641,-0.001939549,0.000035678
203.866677299,-0.000160080,-0.001943820,0.000156145
203.916677301,-0.000187399,-0.002049650,0.000087824
203.966677304,0.000115184,-0.002042144,0.000022484
204.016677306,0.000157511,-0.000942411,-0.000085642
204.066677309,-0.000000930,-0.000905852,0.000008956
204.116677312,-0.000202628,-0.001182126,-0.000077349
204.166677314,-0.000303562,-0.001187883,-0.000016079
204.216677317,0.000526973,-0.001659926,0.000123010
204.266677320,0.000050571,-0.001678077,0.000265131
204.316677322,0.000453567,-0.003546413,0.000342988
204.366677325,0.000105891,-0.003573761,0.000459660
204.416677327,0.000274597,-0.002273872,0.000542225
204.466677330,0.000302609,-0.002275273,0.000434093
204.516677333,0.000931385,-0.002285225,0.000655535
204.566677335,-0.000138556,-0.002327440,0.001000855
204.616677338,0.000712572,-0.004212401,0.001312976
204.666677340,0.000399472,-0.004239215,0.001415063
204.716677343,0.001295386,-0.004550228,0.001553052
204.766677346,0.005298658,-0.004439974,0.000854144
204.816677348,0.009996336,-0.007265445,0.001709347
204.866677351,0.017248305,-0.007087717,0.000564334
204.916677353,0.023007156,-0.008977211,0.001762313
204.966677356,0.030856495,-0.008795691,0.000385226
205.016677359,0.036756484,-0.007821324,0.001423514
205.066677361,0.044137438,-0.007604013,0.000291653
205.116677364,0.050107616,-0.007945276,0.001432430
205.166677366,0.057484723,-0.007741023,0.000286189
205.216677369,0.063451081,-0.008194328,0.001393268
205.266677372,0.070728847,-0.007993657,0.000311898
205.316677374,0.077032574,-0.008783190,0.001600341
205.366677377,0.084005900,-0.008594192,0.000510839
205.416677379,0.090022551,-0.008423426,0.001587500
205.466677382,0.097367170,-0.008215114,0.000420322
205.516677385,0.103077673,-0.007800062,0.001396007
205.566677387,0.110089365,-0.007598713,0.000262102
205.616677390,0.116056006,-0.007361228,0.001550335
205.666677393,0.123499129,-0.007149408,0.000340038
205.716677395,0.129652874,-0.008427671,0.001427930
205.766677398,0.137082115,-0.008250482,0.000338511
205.816677400,0.142811005,-0.006468329,0.001312469
205.866677403,0.150032576,-0.006247743,0.000211752
205.916677406,0.156259728,-0.006309274,0.001398867
205.966677408,0.163885416,-0.006095386,0.000181727
206.016677411,0.169911839,-0.006202013,0.001394682
206.066677413,0.176952422,-0.006004831,0.000302131
206.116677416,0.183028228,-0.005768466,0.001418417
206.166677419,0.190410220,-0.005586271,0.000206282
206.216677421,0.196966441,-0.006355837,0.001515109
206.266677424,0.204588333,-0.006148651,0.000261628
206.316677426,0.210820583,-0.006660242,0.001404505
206.366677429,0.218467023,-0.006449778,0.000228110
206.416677432,0.224631098,-0.006803214,0.001459560
206.466677434,0.232604962,-0.006581823,0.000195849
206.516677437,0.238944731,-0.006755517,0.001435284
206.566677439,0.246835717,-0.006535121,0.000180976
206.616677442,0.253245410,-0.006008914,0.001352433
206.666677445,0.261180646,-0.005780554,0.000083452
206.716677447,0.267977545,-0.007072749,0.001526276
206.766677450,0.275825475,-0.006864250,0.000270390
206.816677452,0.282512542,-0.007760470,0.001541985
206.866677455,0.290687915,-0.007538870,0.000282537
206.916677458,0.297514739,-0.007986711,0.001469175
206.966677460,0.305372425,-0.007801145,0.000349650
207.016677463,0.312219739,-0.008064965,0.001596680
207.066677466,0.320565392,-0.007832510,0.000321817
207.116677468,0.327360937,-0.006500731,0.001465081
207.166677471,0.335702888,-0.006253075,0.000141485
207.216677473,0.342457974,-0.007349894,0.001418558
207.266677476,0.350971697,-0.007120804,0.000105379
207.316677479,0.357902060,-0.006852733,0.001433269
207.366677481,0.366018039,-0.006621812,0.000173432
207.416677484,0.373055872,-0.009654281,0.001631785
207.466677486,0.381419409,-0.009448061,0.000333486
207.516677489,0.388292433,-0.008627946,0.001542628
207.566677492,0.396475447,-0.008389788,0.000254456
207.616677494,0.403386712,-0.009357203,0.001482430
207.666677497,0.411529276,-0.009137413,0.000181640
207.716677499,0.418324562,-0.008815063,0.001355520
207.766677502,0.426698142,-0.008556834,0.000149769
207.816677505,0.433601491,-0.010293674,0.001497985
207.866677507,0.441760191,-0.010081044,0.000224355
207.916677510,0.448312541,-0.009561873,0.001381675
207.966677512,0.456186107,-0.009335173,0.000168627
208.016677515,0.462770211,-0.006986664,0.001302657
208.066677518,0.470963890,-0.006723561,0.000098434
208.116677520,0.477501885,-0.007551600,0.001313907
208.166677523,0.485145335,-0.007333423,0.000195598
208.216677526,0.491657317,-0.007985438,0.001375598
208.266677528,0.499125119,-0.007781783,0.000193122
208.316677531,0.505469566,-0.009541013,0.001423939
208.366677533,0.513112133,-0.009343311,0.000259739
208.416677536,0.519395504,-0.008356126,0.001420090
208.466677539,0.527119259,-0.008129304,0.000228532
208.516677541,0.533487240,-0.008791213,0.001416896
208.566677544,0.540905399,-0.008589301,0.000249647
208.616677546,0.547181833,-0.008466450,0.001394909
208.666677549,0.554559778,-0.008221799,0.000198066
208.716677552,0.560483241,-0.007690615,0.001360002
208.766677554,0.567751579,-0.007481041,0.000235158
208.816677557,0.573840859,-0.008066767,0.001351439
208.866677559,0.581075987,-0.007868890,0.000211200
208.916677562,0.587109457,-0.007817473,0.001496130
208.966677565,0.594030880,-0.007610599,0.000299441
209.016677567,0.600211883,-0.007124864,0.001340834
209.066677570,0.607286855,-0.006921280,0.000232610
209.116677572,0.613421247,-0.007939642,0.001464894
209.166677575,0.620529581,-0.007749590,0.000378097
209.216677578,0.626505823,-0.006234547,0.001357563
209.266677580,0.633826421,-0.006013837,0.000203958
209.316677583,0.639784928,-0.007116895,0.001324316
209.366677585,0.646889894,-0.006927953,0.000248454
209.416677588,0.652858463,-0.006848881,0.001404012
209.466677591,0.660176501,-0.006642149,0.000286215
209.516677593,0.666253031,-0.005547806,0.001343507
209.566677596,0.673529503,-0.005332061,0.000248155
209.616677599,0.679738049,-0.006537208,0.001410058
209.666677601,0.686982325,-0.006345410,0.000278161
209.716677604,0.693654408,-0.007043509,0.001424409
209.766677606,0.700849781,-0.006848074,0.000292734
209.816677609,0.707075046,-0.005974088,0.001285874
209.866677612,0.714488883,-0.005756418,0.000103638
209.916677614,0.721000529,-0.006034267,0.001276700
209.966677617,0.728378962,-0.005829486,0.000153007
210.016677619,0.734848024,-0.006219252,0.001390922
210.066677622,0.742528600,-0.006007069,0.000208628
210.116677625,0.749237800,-0.006201661,0.001388100
210.166677627,0.757047140,-0.006105822,0.000111878
210.216677630,0.763506741,-0.007314555,0.001457485
210.266677632,0.771305784,-0.007106474,0.000288885
210.316677635,0.778018792,-0.006416423,0.001468490
210.366677638,0.785884897,-0.006188396,0.000227795
210.416677640,0.792637786,-0.007566532,0.001423133
210.466677643,0.800595099,-0.007356495,0.000170193
210.516677645,0.807560612,-0.006252012,0.001384701
210.566677648,0.815650146,-0.006013600,0.000143031
210.616677651,0.822414996,-0.007145981,0.001372402
210.666677653,0.830957898,-0.006916879,0.000061543
210.716677656,0.837747383,-0.006635450,0.001318908
210.766677659,0.845742547,-0.006342803,0.000006204
210.816677661,0.852657042,-0.007989971,0.001364557
210.866677664,0.861270510,-0.007685433,0.000168102
210.916677666,0.868228587,-0.007865793,0.001382568
210.966677669,0.876058797,-0.007647836,0.000178091
211.016677672,0.883159264,-0.008728851,0.001579131
211.066677674,0.891193246,-0.008514704,0.000257537
211.116677677,0.898229681,-0.007646318,0.001404359
211.166677679,0.906653471,-0.007400673,0.000148331
211.216677682,0.913641254,-0.008290451,0.001389061
211.266677685,0.921767210,-0.008070649,0.000122727
211.316677687,0.928534530,-0.009239089,0.001372413
211.366677690,0.936865590,-0.009016192,0.000083958
211.416677692,0.943470989,-0.007426377,0.001155884
211.466677695,0.951714299,-0.007179214,-0.000083137
211.516677698,0.958234278,-0.008118199,0.001247160
211.566677700,0.966317547,-0.007900597,-0.000001236
211.616677703,0.973172688,-0.008061799,0.001297968
211.666677705,0.980928910,-0.007845343,0.000130757
211.716677708,0.987524850,-0.007281398,0.001328224
211.766677711,0.995363162,-0.007055433,0.000122598
211.816677713,1.001949426,-0.007817359,0.001371895
211.866677716,1.009298131,-0.007617482,0.000198239
211.916677718,1.015687743,-0.007653134,0.001292057
211.966677721,1.023645918,-0.007430261,0.000128872
212.016677724,1.030160805,-0.007924842,0.001276316
212.066677726,1.037205623,-0.007655155,0.000064969
212.116677729,1.043303028,-0.006423391,0.001238822
212.166677732,1.051005362,-0.006187218,-0.000051165
212.216677734,1.057184831,-0.007147319,0.001199354
212.266677737,1.064460982,-0.006952522,0.000100518
212.316677739,1.070812492,-0.007830136,0.001386261
212.366677742,1.077986434,-0.007636805,0.000302054
212.416677745,1.083957277,-0.006058068,0.001278693
212.466677747,1.091264969,-0.005836982,0.000146519
212.516677750,1.096572083,-0.007131042,0.001141179
212.566677752,1.099913899,-0.007050528,0.000692165
212.616677755,1.101033566,-0.006298032,0.000788846
212.666677758,1.101355107,-0.006281374,0.000717295
212.716677760,1.101216109,-0.007415565,0.000783275
212.766677763,1.101090110,-0.007430649,0.000807569
212.816677765,1.100951503,-0.007017082,0.000724315
212.866677768,1.101084755,-0.007008909,0.000665299
212.916677771,1.100811746,-0.006262060,0.000726165
212.966677773,1.100858342,-0.006252903,0.000687377
213.016677776,1.100794015,-0.006402611,0.000710929
213.066677778,1.100399193,-0.006415359,0.000809262
213.116677781,1.100172693,-0.006553928,0.000708054
213.166677784,1.100149296,-0.006555871,0.000668143
213.216677786,1.100061776,-0.006335797,0.000657569
213.266677789,1.099790892,-0.006341272,0.000729459
213.316677791,1.099645746,-0.007366092,0.000809341
213.366677794,1.099675011,-0.007375627,0.000774178
213.416677797,1.099739868,-0.005943009,0.000706066
213.466677799,1.099235510,-0.005941669,0.000871955
213.516677802,1.099501358,-0.006249019,0.001031578
213.566677805,1.098696268,-0.006275080,0.001187179
213.616677807,1.099258924,-0.006083482,0.001399099
213.666677810,1.098446448,-0.006104728,0.001582281
213.716677812,1.098821255,-0.005143075,0.001909218
213.766677815,1.097908726,-0.005159433,0.002077528
213.816677818,1.098411412,-0.005301014,0.002247501
213.866677820,1.097755092,-0.005321226,0.002356709
213.916677823,1.098221752,-0.005148656,0.002693389
213.966677825,1.097506057,-0.005167356,0.002830275
214.016677828,1.097916205,-0.005312269,0.003062455
214.066677831,1.097589941,-0.005323048,0.003147732
214.116677833,1.098045445,-0.005128362,0.003242970
214.166677836,1.097249314,-0.005149189,0.003402546
214.216677838,1.098489484,-0.004765067,0.003762018
214.266677841,1.097828891,-0.004780345,0.003897890
214.316677844,1.098772590,-0.004703616,0.004255339
214.366677846,1.097624076,-0.004735713,0.004491839
214.416677849,1.098736420,-0.005363862,0.004936736
214.466677851,1.098018585,-0.005390599,0.005080122
214.516677854,1.098600942,-0.005153723,0.005240893
214.566677857,1.098227517,-0.005162061,0.005328202
214.616677859,1.098691452,-0.005735882,0.005566691
214.666677862,1.098211063,-0.005755088,0.005662699
214.716677865,1.098573510,-0.004746616,0.005709987
214.766677867,1.098173168,-0.004748089,0.005791670
214.816677870,1.099771348,-0.004628350,0.006407115
214.866677872,1.097877669,-0.004681389,0.006791180
214.916677875,1.099581991,-0.005117125,0.007422507
214.966677878,1.098089388,-0.005164109,0.007736413
215.016677880,1.098944623,-0.005198896,0.008005790
215.066677883,1.085852704,-0.005634299,0.010788378
215.116677885,1.119357902,-0.007268151,0.023161026
215.166677888,1.074235443,-0.008670330,0.035025855
215.216677891,1.122341746,-0.006694394,0.057464547
215.266677893,1.067521728,-0.008321648,0.071112422
215.316677896,1.124447447,-0.006201780,0.094426369
215.366677898,1.077181033,-0.007554016,0.107254549
215.416677901,1.123652060,-0.006511568,0.132020956
215.466677904,1.075657137,-0.007875674,0.146476019
215.516677906,1.125426972,-0.006169782,0.170134492
215.566677909,1.069852888,-0.007742342,0.184237610
215.616677911,1.126871941,-0.004387552,0.204776677
215.666677914,1.076424769,-0.007719856,0.220846534
215.716677917,1.128455902,-0.005369122,0.243142283
215.766677919,1.073885478,-0.007401077,0.258849660
215.816677922,1.127341124,-0.005226938,0.280297530
215.866677924,1.074068487,-0.005778298,0.296300010
215.916677927,1.127838797,-0.004870474,0.318663600
215.966677930,1.070562487,-0.006043175,0.332420521
216.016677932,1.126492600,-0.003803217,0.355655207
216.066677935,1.068952325,-0.006619098,0.369871602
216.116677938,1.123722219,-0.005327566,0.393079946
216.166677940,1.072581307,-0.006699695,0.405835806
216.216677943,1.123876453,-0.005739357,0.431497074
216.266677945,1.073614048,-0.007489597,0.444369481
216.316677948,1.123837282,-0.006656616,0.469270223
216.366677951,1.076375842,-0.007417696,0.481497169
216.416677953,1.122163935,-0.006458522,0.506279869
216.466677956,1.073681681,-0.007097021,0.517805931
216.516677958,1.122124214,-0.006261867,0.543592734
216.566677961,1.094980016,-0.007635135,0.555312382
216.616677964,1.122888688,-0.007452083,0.581216757
216.666677966,1.092697656,-0.007487428,0.593133448
216.716677969,1.125465410,-0.008042746,0.617913253
216.766677971,1.091786026,-0.008715270,0.629798038
216.816677974,1.114591568,-0.008579243,0.656122714
216.866677977,1.082524507,-0.009588728,0.665583073
216.916677979,1.101808714,-0.009308383,0.676581631
216.966677982,1.098845340,-0.009603524,0.677797083
217.016677984,1.099459791,-0.009612305,0.678471304
217.066677987,1.099259873,-0.009362242,0.678618837
217.116677990,1.098972049,-0.008957768,0.678558248
217.166677992,1.099309639,-0.008899354,0.678425152
217.216677995,1.098999134,-0.009079560,0.678266238
217.266677998,1.099320428,-0.009319462,0.678072845
217.316678000,1.098877538,-0.009750614,0.677823595
217.366678003,1.099036434,-0.009335925,0.677897911
217.416678005,1.098793915,-0.008265547,0.677638663
217.466678008,1.099385127,-0.008234793,0.677352393
217.516678011,1.098949285,-0.009484099,0.677168748
217.566678013,1.099127614,-0.009148941,0.677063516
217.616678016,1.098806293,-0.007997542,0.676780895
217.666678018,1.099109050,-0.008551604,0.676710458
217.716678021,1.098745597,-0.009188297,0.676543537
217.766678024,1.098975038,-0.008485539,0.676414241
217.816678026,1.098708708,-0.008807024,0.676278871
217.866678029,1.099164321,-0.009252616,0.676196299
217.916678031,1.098657628,-0.009263466,0.675858143
217.966678034,1.098966754,-0.009762067,0.675778454
218.016678037,1.098621991,-0.009451805,0.675510835
218.066678039,1.098917373,-0.008372155,0.675390632
218.116678042,1.098594744,-0.008113778,0.675157944
218.166678044,1.098883757,-0.009255703,0.675034620
218.216678047,1.107755133,-0.009876123,0.679958358
218.266678050,1.096141077,-0.010172305,0.686140816
218.316678052,1.122578103,-0.010528175,0.709328704
218.366678055,1.095447084,-0.011725680,0.718830091
218.416678057,1.114247414,-0.010382433,0.744925838
218.466678060,1.091790166,-0.011785595,0.757336975
218.516678063,1.115860281,-0.010266266,0.782683796
218.566678065,1.095527410,-0.008605926,0.793517761
218.616678068,1.116898834,-0.010452465,0.821929853
218.666678071,1.093358379,-0.013199677,0.831786643
218.716678073,1.106268222,-0.013743566,0.854926324
218.766678076,1.095440650,-0.012734726,0.869126868
218.816678078,1.104210705,-0.013027379,0.894142934
218.866678081,1.099517536,-0.013598019,0.905657964
218.916678084,1.101056035,-0.014753040,0.931591196
218.966678086,1.094803652,-0.014765254,0.944373467
219.016678089,1.107873336,-0.014497004,0.967959845
219.066678091,1.095743737,-0.018042646,0.982454498
219.116678094,1.100470746,-0.015376016,1.005866968
219.166678097,1.096592421,-0.015466564,1.019395055
219.216678099,1.098172890,-0.016030075,1.042704159
219.266678102,1.099765906,-0.015352118,1.058753104
219.316678104,1.104707525,-0.019444293,1.080300998
219.366678107,1.104324202,-0.015986408,1.095483192
219.416678110,1.099276703,-0.017202369,1.117180968
219.466678112,1.098440085,-0.015254717,1.134202424
219.516678115,1.096062571,-0.018017276,1.155047575
219.566678117,1.094259878,0.013909789,1.166679636
219.616678120,1.098650166,-0.018329721,1.192705138
219.666678123,1.098745330,-0.014578916,1.208662406
219.716678125,1.098400576,-0.018202538,1.229170100
219.766678128,1.099718235,0.004932636,1.241972206
219.816678130,1.100064092,-0.017307783,1.266541701
219.866678133,1.101410884,0.006566097,1.279222109
219.916678136,1.100207526,-0.015911196,1.305422309
219.966678138,1.097882292,0.006909847,1.317124509
220.016678141,1.093120299,-0.017403151,1.341122043
220.066678144,1.102237453,-0.020801093,1.356809081
220.116678146,1.096963438,-0.011542838,1.375989067
220.166678149,1.104179031,-0.008058713,1.383641900
220.216678151,1.097612197,-0.010264566,1.388626473
220.266678154,1.100091485,-0.012239371,1.389946145
220.316678157,1.100096610,-0.012813768,1.390541259
220.366678159,1.099974898,-0.012387683,1.390814787
220.416678162,1.099823412,-0.012121021,1.391107027
220.466678164,1.099847257,-0.012163752,1.391246819
220.516678167,1.099922786,-0.012398405,1.391358200
220.566678170,1.099922140,-0.012781746,1.391544789
220.616678172,1.099985724,-0.013304550,1.391813702
220.666678175,1.094556943,-0.009430110,1.393316512
220.716678177,1.101796427,-0.007305543,1.405197660
220.766678180,1.100217400,-0.003798163,1.415409002
220.816678183,1.094243772,-0.006541679,1.425944863
220.866678185,1.101430307,-0.010636079,1.429525797
220.916678188,1.104641720,-0.008751895,1.434668330
220.966678190,1.096331567,-0.008840474,1.441126735
221.016678193,1.095860102,-0.000697179,1.457312087
221.066678196,1.103176164,-0.010565736,1.465222834
221.116678198,1.097883586,-0.008565698,1.469444760
221.166678201,1.094505428,-0.010738233,1.472612516
221.216678204,1.102031315,-0.002194564,1.484725432
221.266678206,1.102674561,-0.013622590,1.495419572
221.316678209,1.095483935,-0.003530127,1.505649409
221.366678211,1.101763109,-0.009801552,1.508412514
221.416678214,1.100497994,-0.008707498,1.509501983
221.466678217,1.095281636,-0.010149503,1.512818097
221.516678219,1.102433877,-0.002341849,1.525116661
221.566678222,1.102514812,-0.011911887,1.535373431
221.616678224,1.096154806,-0.004420536,1.544944998
221.666678227,1.101823998,-0.010318734,1.549382685
221.716678230,1.104077200,-0.007342278,1.554338566
221.766678232,1.096343637,-0.012466091,1.562158054
221.816678235,1.096556748,0.001803851,1.577294853
221.866678237,1.103586843,-0.010355661,1.585305538
221.916678240,1.098525333,-0.006966136,1.589397560
221.966678243,1.100479203,-0.008860223,1.590527953
222.016678245,1.104205407,-0.006278204,1.594759326
222.066678248,1.096395009,-0.011121374,1.602694883
222.116678250,1.096782487,0.001383349,1.617708181
222.166678253,1.103750077,-0.008352567,1.625193546
222.216678256,1.099001193,-0.004590840,1.629383959
222.266678258,1.100745436,-0.007870334,1.630537326
222.316678261,1.100700164,-0.007750182,1.630917226
222.366678263,1.100740380,-0.007751321,1.631261214
222.416678266,1.100528557,-0.007496552,1.631535568
222.466678269,1.100697524,-0.007651868,1.631649870
222.516678271,1.100745033,-0.008073773,1.631930672
222.566678274,1.100613611,-0.008077128,1.632021090
222.616678277,1.100392491,-0.006842420,1.632102250
222.666678279,1.100371941,-0.007024297,1.632207591
222.716678282,1.100263007,-0.007879423,1.632562255
222.766678284,1.100423305,-0.008544016,1.632767636
222.816678287,1.100647477,-0.008502470,1.632891930
222.866678290,1.100670770,-0.008133626,1.632952683
222.916678292,1.100639235,-0.008109568,1.633028546
222.966678295,1.100667473,-0.008423689,1.633154256
223.016678297,1.100536287,-0.007709028,1.633451946
223.066678300,1.100471790,-0.007263836,1.633594115
223.116678303,1.100445055,-0.006447213,1.633578771
223.166678305,1.100496763,-0.007660789,1.633814544
223.216678308,1.100596489,-0.008187765,1.634064907
223.266678310,1.100631652,-0.007034163,1.634015142
223.316678313,1.100852482,-0.007141404,1.634098448
223.366678316,1.100808006,-0.007013269,1.634071127
223.416678318,1.100916548,-0.006621948,1.634118469
223.466678321,1.099531435,-0.006945963,1.635105462
223.516678323,1.104146906,-0.003055202,1.640209594
223.566678326,1.107224157,-0.008638811,1.644937642
223.616678329,1.111148919,-0.005361477,1.651087147
223.666678331,1.119049389,-0.008771332,1.654451043
223.716678334,1.123921354,-0.005132592,1.656969459
223.766678337,1.132367700,-0.007852373,1.658280850
223.816678339,1.139128635,-0.006947564,1.659328913
223.866678342,1.146220222,-0.006640210,1.659806890
223.916678344,1.152974587,-0.005499633,1.660145561
223.966678347,1.160411796,-0.006099603,1.660370708
224.016678350,1.167330187,-0.006135288,1.660619819
224.066678352,1.174667709,-0.005568597,1.660609897
224.116678355,1.181840305,-0.004913121,1.660786935
224.166678357,1.189011155,-0.004442828,1.660812096
224.216678360,1.196098414,-0.004131745,1.660745586
224.266678363,1.203129978,-0.004267981,1.660782133
224.316678365,1.210363158,-0.003841167,1.660895549
224.366678368,1.217754525,-0.002700209,1.660808953
224.416678370,1.224677470,-0.003016422,1.660817528
224.466678373,1.232015547,-0.003894290,1.660958146
224.516678376,1.239031965,-0.003308240,1.661025246
224.566678378,1.246139023,-0.002805044,1.660934368
224.616678381,1.253412327,-0.001986670,1.660946521
224.666678383,1.260864941,-0.001877751,1.660931158
224.716678386,1.267585841,-0.001918142,1.660968459
224.766678389,1.275177072,-0.001296092,1.660865132
224.816678391,1.281307521,-0.000245533,1.660820030
224.866678394,1.284774469,-0.000274849,1.660985713
224.916678396,1.286277983,-0.000600784,1.660918094
224.966678399,1.286602351,0.000150738,1.660919689
225.016678402,1.286870150,0.000747821,1.660860007
225.066678404,1.286750203,0.000376532,1.660922909
225.116678407,1.286923057,-0.000407212,1.660961315
225.166678410,1.287177784,-0.000521395,1.660943328
225.216678412,1.287081092,0.000138476,1.660942087
225.266678415,1.287036698,-0.000497102,1.660981541
225.316678417,1.287062555,0.000170463,1.660898091
225.366678420,1.286999949,0.000141128,1.660966907
225.416678423,1.287147180,-0.000214787,1.660992724
225.466678425,1.287164455,0.001413750,1.660838733
225.516678428,1.287498487,0.001025948,1.660878997
225.566678430,1.287613558,0.000922926,1.660945560
225.616678433,1.287643060,0.001016672,1.661007561
225.666678436,1.287864742,0.000451925,1.661095018
225.716678438,1.287966311,0.000300721,1.661306606
225.766678441,1.287965117,0.000417813,1.661388737
225.816678443,1.288001554,0.001238991,1.661469721
225.866678446,1.287894631,0.000767341,1.661688888
225.916678449,1.288142208,0.000845261,1.661937194
225.966678451,1.288142873,0.001035518,1.662089897
226.016678454,1.288094673,0.000682651,1.662453438
226.066678456,1.288018525,0.001179085,1.662459883
226.116678459,1.288238331,0.002252920,1.662426120
226.166678462,1.288250755,0.001491122,1.662555313
226.216678464,1.288403753,0.002443963,1.662689237
226.266678467,1.289113208,0.004158920,1.662586381
226.316678470,1.289952063,0.009501545,1.663154541
226.366678472,1.290673717,0.015158955,1.662642505
226.416678475,1.290794907,0.021871383,1.663239156
226.466678477,1.290822322,0.029701208,1.662650651
226.516678480,1.290467705,0.037959830,1.663071557
226.566678483,1.289772065,0.043686195,1.662658095
226.616678485,1.289264410,0.052130276,1.663292899
226.666678488,1.288678390,0.058791556,1.662718754
226.716678490,1.287999233,0.066916601,1.663315600
226.766678493,1.287375909,0.073816427,1.662747443
226.816678496,1.286521190,0.082377119,1.663256552
226.866678498,1.285791949,0.088996667,1.662691705
226.916678501,1.284752641,0.096754438,1.663288486
226.966678503,1.284072339,0.103481521,1.662697472
227.016678506,1.283454625,0.112147489,1.663201630
227.066678509,1.282589944,0.118640678,1.662568949
227.116678511,1.281785953,0.127646199,1.663092339
227.166678514,1.280964128,0.134764725,1.662526432
227.216678516,1.280108198,0.142794336,1.663178212
227.266678519,1.279219295,0.149235525,1.662613983
227.316678522,1.278391863,0.157419273,1.663319001
227.366678524,1.277514930,0.166817253,1.661832288
227.416678527,1.276706311,0.173618007,1.662260923
227.466678529,1.275835530,0.179839512,1.662573025
227.516678532,1.275060276,0.187104494,1.663163104
227.566678535,1.274298971,0.193776943,1.662645466
227.616678537,1.273631356,0.201824143,1.663135895
227.666678540,1.272728093,0.208469343,1.662590377
227.716678543,1.272103591,0.216876145,1.663035326
227.766678545,1.271310439,0.224094096,1.662433995
227.816678548,1.270308571,0.232042106,1.662995902
227.866678550,1.269612541,0.237908331,1.662513833
227.916678553,1.268934297,0.245853969,1.662999404
227.966678556,1.268124482,0.252584140,1.662405445
228.016678558,1.267295786,0.260700166,1.662986819
228.066678561,1.266529538,0.266715826,1.662476623
228.116678563,1.265981397,0.274607945,1.662967199
228.166678566,1.265221398,0.280147316,1.662507146
228.216678569,1.264547123,0.287874545,1.663028963
228.266678571,1.264163631,0.294418521,1.662466715
228.316678574,1.263356027,0.300834656,1.663072196
228.366678576,1.262679965,0.306748003,1.662534094
228.416678579,1.262114957,0.315337478,1.662919106
228.466678582,1.261723371,0.321321979,1.662395961
228.516678584,1.260964915,0.328236418,1.662953823
228.566678587,1.260333594,0.333999455,1.662459148
228.616678589,1.259833195,0.341493316,1.662891078
228.666678592,1.259252409,0.348034859,1.662345209
228.716678595,1.258608839,0.355659810,1.662827249
228.766678597,1.258063685,0.361046062,1.662378843
228.816678600,1.257523304,0.368573119,1.662877063
228.866678602,1.257181543,0.374300505,1.662430171
228.916678605,1.256610106,0.381571309,1.662930915
228.966678608,1.255944384,0.387283928,1.662585408
229.016678610,1.255406907,0.394174263,1.663084573
229.066678613,1.255051134,0.399802610,1.662446414
229.116678616,1.254718603,0.406955828,1.663012437
229.166678618,1.254353256,0.412865202,1.662484793
229.216678621,1.253660344,0.420479813,1.662879070
229.266678623,1.253080301,0.426463647,1.662423576
229.316678626,1.252403919,0.434402316,1.662803580
229.366678629,1.252104992,0.440222433,1.662250196
229.416678631,1.251632299,0.447030240,1.663037277
229.466678634,1.251148316,0.453188268,1.662518028
229.516678636,1.250341163,0.460673268,1.663050348
229.566678639,1.250180249,0.467411408,1.662471725
229.616678642,1.249502189,0.475283718,1.663006144
229.666678644,1.248883934,0.481348583,1.662496496
229.716678647,1.247971749,0.488905286,1.663072739
229.766678649,1.247742136,0.495031856,1.662479218
229.816678652,1.247306129,0.502472266,1.663042225
229.866678655,1.246757730,0.508280062,1.662576301
229.916678657,1.246034487,0.515936961,1.663018812
229.966678660,1.245425579,0.523011941,1.662493521
230.016678662,1.244819424,0.530741919,1.663028263
230.066678665,1.244161633,0.537697605,1.662461236
230.116678668,1.243568700,0.545132931,1.663073452
230.166678670,1.242641810,0.551094330,1.662630637
230.216678673,1.242144578,0.559781233,1.663124313
230.266678676,1.241460941,0.566924385,1.662492880
230.316678678,1.240785843,0.574566670,1.663061727
230.366678681,1.240061218,0.580872885,1.662557971
230.416678683,1.239162803,0.589272570,1.663109006
230.466678686,1.238249514,0.596450689,1.662467909
230.516678689,1.237584693,0.604225316,1.662863723
230.566678691,1.237077231,0.608975638,1.662425128
230.616678694,1.236963582,0.613151445,1.662387886
230.666678696,1.236787165,0.614280749,1.662315304
230.716678699,1.236793120,0.614187376,1.662343915
230.766678702,1.236924785,0.613095603,1.662469848
230.816678704,1.236962615,0.614206047,1.662341860
230.866678707,1.237064283,0.615585168,1.662299268
230.916678709,1.236659937,0.614299965,1.662425578
230.966678712,1.236688779,0.613887940,1.662530192
231.016678715,1.236689781,0.614536030,1.662246785
231.066678717,1.237005309,0.614530985,1.662071499
231.116678720,1.237065597,0.613580551,1.662111424
231.166678722,1.236952944,0.614373250,1.661902890
231.216678725,1.237224095,0.615337014,1.661741209
231.266678728,1.237066777,0.614834439,1.661773819
231.316678730,1.237010879,0.614403427,1.661664525
231.366678733,1.237055185,0.614556745,1.661591233
231.416678735,1.237010834,0.614244889,1.661447822
231.466678738,1.237173161,0.613941012,1.661396462
231.516678741,1.237295614,0.614115290,1.661352905
231.566678743,1.237318048,0.614251375,1.661422200
231.616678746,1.237396195,0.614897624,1.661492348
231.666678749,1.237369362,0.615504125,1.661429435
231.716678751,1.237489987,0.613800671,1.661767729
231.766678754,1.237570577,0.613255092,1.661845530
231.816678756,1.236750727,0.613187405,1.661668443
231.866678759,1.233330186,0.612548191,1.661829972
231.916678762,1.228002657,0.611252230,1.661772528
231.966678764,1.221572465,0.609058757,1.662033643
232.016678767,1.215109307,0.607228884,1.662038233
232.066678769,1.208105490,0.605736883,1.662173229
232.116678772,1.201368391,0.604438300,1.662092370
232.166678775,1.194310551,0.603260376,1.662266737
232.216678777,1.187383682,0.601802590,1.662099750
232.266678780,1.180391334,0.600807100,1.662107836
232.316678782,1.173468147,0.600299907,1.662069150
232.366678785,1.166260468,0.599429287,1.662136641
232.416678788,1.159628197,0.598106712,1.662197406
232.466678790,1.152454019,0.597323982,1.662303234
232.516678793,1.145231264,0.596819968,1.662221601
232.566678795,1.138160270,0.596341453,1.662231273
232.616678798,1.131087681,0.595729228,1.662248618
232.666678801,1.123793718,0.595220412,1.662283979
232.716678803,1.116633039,0.594312577,1.662221957
232.766678806,1.109488007,0.593518841,1.662341273
232.816678809,1.102392006,0.593505813,1.662303958
232.866678811,1.094863022,0.593874466,1.662288307
232.916678814,1.087938084,0.593278223,1.662147126
232.966678816,1.080514714,0.592184407,1.662257541
233.016678819,1.073145020,0.592579279,1.662267126
233.066678822,1.065960582,0.592937166,1.662209209
233.116678824,1.058625874,0.592125543,1.662273089
233.166678827,1.051295092,0.591225195,1.662334502
233.216678829,1.044141970,0.590385848,1.662292616
233.266678832,1.036825449,0.590566916,1.662313568
233.316678835,1.029482026,0.590393734,1.662330518
233.366678837,1.021823870,0.589827398,1.662384813
233.416678840,1.014567728,0.589772719,1.662483799
233.466678842,1.007262869,0.589537132,1.662536690
233.516678845,1.000048231,0.589537681,1.662565395
233.566678848,0.992565346,0.589976874,1.662509259
233.616678850,0.985316953,0.589214642,1.662500148
233.666678853,0.977952476,0.588649550,1.662575213
233.716678855,0.970894744,0.589060489,1.662568365
233.766678858,0.963566963,0.588759644,1.662525427
233.816678861,0.956313404,0.588558792,1.662421012
233.866678863,0.948742326,0.588964530,1.662376359
233.916678866,0.942040131,0.587928955,1.662440277
233.966678868,0.934678920,0.586978463,1.662504888
234.016678871,0.927435192,0.586604516,1.662512481
234.066678874,0.920142575,0.586711539,1.662470201
234.116678876,0.912830743,0.586377945,1.662545303
234.166678879,0.905887551,0.585741974,1.662618882
234.216678882,0.898764854,0.585483042,1.662608781
234.266678884,0.891716288,0.586001580,1.662519608
234.316678887,0.884615764,0.585504683,1.662435430
234.366678889,0.877376541,0.583561979,1.662651923
234.416678892,0.870708348,0.581356856,1.662683825
234.466678895,0.863559652,0.581197361,1.662603787
234.516678897,0.856826402,0.581181931,1.662632553
234.566678900,0.849833299,0.580748181,1.662631861
234.616678902,0.842949311,0.580901700,1.662375118
234.666678905,0.835980139,0.579478039,1.662528936
234.716678908,0.828831014,0.577782013,1.662641470
234.766678910,0.822067457,0.576972730,1.662643718
234.816678913,0.814968087,0.576012321,1.662686536
234.866678915,0.808356970,0.576626770,1.662569624
234.916678918,0.801412752,0.575831757,1.662501147
234.966678921,0.794804786,0.573245548,1.662783862
235.016678923,0.788042149,0.572813225,1.662690155
235.066678926,0.781213286,0.571628607,1.662660134
235.116678928,0.774363300,0.570412690,1.662662709
235.166678931,0.767573605,0.571372560,1.662586139
235.216678934,0.761046799,0.569425642,1.662499909
235.266678936,0.753977267,0.566401577,1.662662633
235.316678939,0.747187920,0.566124066,1.662573156
235.366678941,0.740383411,0.565466658,1.662695803
235.416678944,0.733768389,0.563612631,1.662595760
235.466678947,0.726933015,0.562916617,1.662691142
235.516678949,0.719834295,0.561990633,1.662684182
235.566678952,0.712874693,0.561265839,1.662718845
235.616678955,0.706331468,0.560108702,1.662660026
235.666678957,0.699469059,0.558179682,1.662820034
235.716678960,0.692652781,0.557531524,1.662758822
235.766678962,0.685810020,0.557153187,1.662791300
235.816678965,0.678763717,0.555755920,1.662807450
235.866678968,0.671768853,0.555213804,1.662816476
235.916678970,0.664900362,0.555088848,1.662667502
235.966678973,0.657830970,0.554076854,1.662701561
236.016678975,0.650771301,0.553209228,1.662679951
236.066678978,0.643512215,0.552504394,1.662715204
236.116678981,0.636721497,0.551203621,1.662775699
236.166678983,0.629389571,0.550280963,1.662850340
236.216678986,0.622500451,0.551010555,1.662759865
236.266678988,0.615143363,0.550963228,1.662773058
236.316678991,0.607937273,0.549402098,1.662855160
236.366678994,0.600959691,0.548238393,1.662962558
236.416678996,0.593901186,0.548440511,1.662832143
236.466678999,0.586855451,0.548472330,1.662779279
236.516679001,0.579472095,0.547310472,1.662797109
236.566679004,0.572218961,0.547104348,1.662793278
236.616679007,0.564851807,0.546417041,1.662857812
236.666679009,0.557668141,0.546070413,1.662932672
236.716679012,0.550453950,0.546421468,1.662878132
236.766679015,0.542846450,0.546473907,1.662814051
236.816679017,0.535566240,0.544051310,1.663014020
236.866679020,0.528023036,0.543459132,1.663097828
236.916679022,0.520784756,0.545161360,1.663005298
236.966679025,0.513484232,0.545147052,1.662974111
237.016679028,0.505996124,0.545292007,1.662892864
237.066679030,0.498856865,0.545178895,1.662924353
237.116679033,0.491495974,0.545055147,1.662958724
237.166679035,0.484136704,0.545003208,1.662978930
237.216679038,0.476787383,0.544584273,1.663045147
237.266679041,0.469273509,0.544383857,1.662950275
237.316679043,0.462132839,0.543896314,1.662944697
237.366679046,0.455045303,0.543588236,1.662930891
237.416679048,0.447666133,0.543588894,1.662921862
237.466679051,0.440344400,0.543144725,1.663009113
237.516679054,0.433325739,0.543150801,1.662858511
237.566679056,0.426236524,0.542814286,1.662872431
237.616679059,0.418654281,0.541733777,1.663045102
237.666679061,0.411755275,0.541716007,1.663004313
237.716679064,0.404244193,0.539964078,1.663110690
237.766679067,0.397288143,0.540164712,1.663091997
237.816679069,0.390026371,0.541099318,1.662874598
237.866679072,0.382967371,0.539295029,1.663051804
237.916679074,0.376019837,0.538819497,1.663090685
237.966679077,0.369062152,0.539320990,1.663004150
238.016679080,0.361889428,0.537122869,1.663101509
238.066679082,0.354974173,0.537351199,1.663051160
238.116679085,0.347892629,0.537303947,1.662943127
238.166679088,0.340950505,0.535773568,1.663102178
238.216679090,0.334119420,0.535351444,1.663019155
238.266679093,0.327307889,0.533921359,1.663069051
238.316679095,0.320402483,0.532533140,1.663145557
238.366679098,0.314045220,0.532617548,1.663051941
238.416679101,0.306936686,0.530466965,1.663046475
238.466679103,0.300048474,0.529752892,1.663157647
238.516679106,0.293084718,0.528880462,1.663083877
238.566679108,0.286520937,0.527675030,1.663233018
238.616679111,0.279439185,0.527028389,1.663140767
238.666679114,0.272894486,0.525961172,1.663167127
238.716679116,0.265774335,0.524904237,1.662971894
238.766679119,0.259328171,0.523663605,1.663155304
238.816679121,0.252383200,0.521184361,1.663159482
238.866679124,0.245659382,0.520536576,1.663154342
238.916679127,0.238532112,0.520720467,1.663085014
238.966679129,0.232019978,0.519912141,1.663143221
239.016679132,0.224909664,0.516072903,1.663215942
239.066679134,0.218420153,0.514796904,1.663321428
239.116679137,0.211401841,0.515933639,1.663227360
239.166679140,0.204792502,0.514479897,1.663323317
239.216679142,0.197819635,0.514033967,1.663240870
239.266679145,0.190902346,0.513335593,1.663298026
239.316679148,0.183957734,0.512734326,1.663225903
239.366679150,0.177289588,0.512038325,1.663261514
239.416679153,0.170137913,0.510885002,1.663248449
239.466679155,0.163402805,0.509520852,1.663286405
239.516679158,0.156384525,0.508719798,1.663206405
239.566679161,0.149390292,0.510014901,1.663230841
239.616679163,0.142034239,0.508787611,1.663188962
239.666679166,0.135027666,0.506254030,1.663324204
239.716679168,0.127813247,0.505272299,1.663276063
239.766679171,0.121216386,0.505296459,1.663250894
239.816679174,0.113628788,0.505662298,1.663274787
239.866679176,0.106781278,0.504799370,1.663312737
239.916679179,0.099500668,0.503569678,1.663327540
239.966679181,0.092482429,0.502765540,1.663374348
240.016679184,0.084906148,0.503114397,1.663265943
240.066679187,0.078164738,0.502713919,1.663276913
240.116679189,0.070903043,0.501543167,1.663297999
240.166679192,0.063723718,0.501344342,1.663280284
240.216679194,0.056022823,0.500097409,1.663381957
240.266679197,0.049131462,0.499574982,1.663364684
240.316679200,0.041879580,0.500187210,1.663288928
240.366679202,0.034596884,0.502135471,1.663199865
240.416679205,0.026678182,0.501942425,1.663195808
240.466679207,0.021010388,0.499895943,1.663259338
240.516679210,0.017489567,0.500027183,1.663345569
240.566679213,0.015812122,0.499741123,1.663273902
240.616679215,0.015071988,0.498925062,1.663371782
240.666679218,0.014865252,0.499016234,1.663361396
240.716679221,0.015034299,0.499460978,1.663281263
240.766679223,0.015022956,0.499827326,1.663275660
240.816679226,0.014565631,0.499679307,1.663342891
240.866679228,0.014434626,0.498712010,1.663359032
240.916679231,0.014408317,0.497834067,1.663444636
240.966679234,0.014381694,0.498677112,1.663413263
241.016679236,0.014470164,0.499699462,1.663240436
241.066679239,0.014355833,0.499567408,1.663246476
241.116679241,0.013884602,0.499417353,1.663367223
241.166679244,0.014151029,0.498582679,1.663377960
241.216679247,0.013844508,0.498266907,1.663390174
241.266679249,0.013532455,0.499593811,1.663273020
241.316679252,0.013481041,0.499887262,1.663157617
241.366679254,0.013263253,0.498908622,1.663190268
241.416679257,0.012917189,0.498593531,1.663193687
241.466679260,0.012672581,0.501428609,1.662964764
241.516679262,0.012449663,0.502293833,1.662878209
241.566679265,0.012239825,0.500170736,1.662971174
241.616679267,0.012011354,0.500329908,1.662795024
241.666679270,0.011858827,0.500741742,1.662683326
241.716679273,0.011686188,0.500692842,1.662435320
241.766679275,0.011677181,0.500885730,1.662289210
241.816679278,0.011746046,0.500496941,1.662179767
241.866679280,0.011598854,0.501617101,1.662013826
241.916679283,0.011382936,0.502335806,1.661712284
241.966679286,0.011373609,0.501707832,1.661604867
242.016679288,0.011309147,0.501346173,1.661424188
242.066679291,0.011496886,0.501470514,1.661232708
242.116679294,0.012728864,0.498929863,1.660688765
242.166679296,0.014239815,0.494824305,1.660727521
242.216679299,0.016100684,0.488781696,1.659740260
242.266679301,0.017164046,0.482302383,1.660104216
242.316679304,0.018033039,0.474429120,1.659509322
242.366679307,0.019160545,0.467945873,1.659906939
242.416679309,0.020224925,0.459886418,1.659402359
242.466679312,0.020979169,0.457097471,1.659388445
242.516679314,0.021937684,0.444864275,1.659188244
242.566679317,0.022694117,0.436500267,1.659875436
242.616679320,0.023556303,0.429338045,1.659424193
242.666679322,0.024208861,0.426487780,1.659534502
242.716679325,0.024848099,0.415201433,1.659327305
242.766679327,0.025736372,0.408585616,1.659752102
242.816679330,0.026817122,0.400557596,1.659219866
242.866679333,0.027114258,0.394698943,1.659666738
242.916679335,0.027680633,0.388737777,1.659151634
242.966679338,0.028637665,0.381469555,1.659641849
243.016679340,0.029326377,0.372155852,1.659338016
243.066679343,0.029761987,0.367015211,1.659669481
243.116679346,0.030630370,0.360909457,1.659096958
243.166679348,0.031134529,0.353415368,1.659583062
243.216679351,0.031637100,0.347513869,1.658071222
243.266679354,0.032180165,0.341432494,1.659009713
243.316679356,0.033044315,0.330052652,1.659260860
243.366679359,0.033628594,0.325575393,1.659630136
243.416679361,0.033955631,0.319294599,1.659031897
243.466679364,0.034337457,0.310798599,1.659670331
243.516679367,0.035140298,0.302942762,1.659316556
243.566679369,0.035428981,0.298286057,1.659603597
243.616679372,0.035885568,0.290420308,1.659204157
243.666679374,0.036313251,0.283600728,1.659732715
243.716679377,0.037105542,0.278331231,1.658277900
243.766679380,0.037616982,0.272271844,1.659372544
243.816679382,0.038042617,0.262319253,1.659209800
243.866679385,0.038368046,0.257848776,1.659575117
243.916679387,0.038984812,0.253840831,1.658108631
243.966679390,0.039468362,0.246589529,1.659182605
244.016679393,0.040031890,0.236205018,1.659067843
244.066679395,0.040637837,0.230040237,1.659526541
244.116679398,0.041240335,0.222102556,1.659128617
244.166679400,0.041637863,0.217327742,1.659464013
244.216679403,0.041894068,0.210628364,1.659024467
244.266679406,0.042379819,0.202614229,1.659592573
244.316679408,0.043256373,0.195015024,1.659169016
244.366679411,0.043768235,0.189241319,1.659662671
244.416679413,0.044095137,0.182132764,1.659217568
244.466679416,0.044599799,0.174919894,1.659726056
244.516679419,0.045087087,0.170608137,1.658259540
244.566679421,0.045628920,0.164775333,1.659221033
244.616679424,0.046393689,0.156555881,1.658061201
244.666679427,0.047006185,0.147351206,1.659604079
244.716679429,0.047776239,0.139519630,1.659115461
244.766679432,0.048230056,0.133097076,1.659590241
244.816679434,0.048723447,0.124952192,1.659166175
244.866679437,0.049164058,0.118680426,1.659671830
244.916679440,0.049924215,0.111420183,1.659121737
244.966679442,0.050638093,0.104957849,1.659595253
245.016679445,0.051194260,0.098415919,1.659097431
245.066679447,0.051766764,0.090964752,1.659715365
245.116679450,0.052429995,0.082949040,1.659186644
245.166679453,0.053287330,0.076277044,1.659683441
245.216679455,0.054108253,0.068735763,1.659119650
245.266679458,0.054842129,0.062704316,1.659504870
245.316679460,0.055641809,0.055455502,1.658978369
245.366679463,0.056247057,0.048728923,1.659422012
245.416679466,0.057026969,0.039123762,1.659054603
245.466679468,0.057735791,0.032250603,1.659509670
245.516679471,0.058606153,0.024801569,1.659083056
245.566679473,0.059485195,0.017659034,1.659674580
245.616679476,0.060080553,0.010464421,1.659125635
245.666679479,0.060882822,0.003911035,1.659498543
245.716679481,0.061653038,-0.004238181,1.659031490
245.766679484,0.062476074,-0.011429197,1.659543395
245.816679487,0.062910844,-0.020241334,1.659245696
245.866679489,0.063954298,-0.027099073,1.659634086
245.916679492,0.064880205,-0.034427026,1.659085941
245.966679494,0.065574660,-0.040822309,1.659543194
246.016679497,0.066121254,-0.049527300,1.659092177
246.066679500,0.066877433,-0.056466023,1.659593977
246.116679502,0.068129254,-0.063483792,1.658930822
246.166679505,0.068649815,-0.069345791,1.659438487
246.216679507,0.069539325,-0.077015103,1.659021953
246.266679510,0.070132992,-0.084562141,1.659566652
246.316679513,0.071245161,-0.093487688,1.659135213
246.366679515,0.071686011,-0.100270657,1.659623801
246.416679518,0.072315492,-0.107493073,1.659096079
246.466679520,0.073090336,-0.114470367,1.659576802
246.516679523,0.073863819,-0.123260789,1.659178732
246.566679526,0.074651339,-0.129543626,1.659592691
246.616679528,0.075135330,-0.136244317,1.659079188
246.666679531,0.075757172,-0.141620058,1.659444467
246.716679533,0.076360709,-0.150428775,1.658993974
246.766679536,0.076949307,-0.156240703,1.659404153
246.816679539,0.077696275,-0.165210595,1.659100702
246.866679541,0.078309681,-0.171766507,1.659582842
246.916679544,0.078830015,-0.178833055,1.659107688
246.966679546,0.079320544,-0.185738986,1.659555423
247.016679549,0.079815322,-0.192279651,1.658985657
247.066679552,0.080243416,-0.198131231,1.659456507
247.116679554,0.080720286,-0.206308153,1.659244272
247.166679557,0.081409687,-0.213146376,1.659650927
247.216679560,0.081816223,-0.219758185,1.659080614
247.266679562,0.082459092,-0.225008517,1.659509959
247.316679565,0.082991838,-0.232413816,1.659061372
247.366679567,0.083504927,-0.237514900,1.659346101
247.416679570,0.083898626,-0.246698732,1.659120016
247.466679573,0.084538555,-0.250761165,1.659203576
247.516679575,0.084923345,-0.259064155,1.658898327
247.566679578,0.085283204,-0.264917728,1.659315217
247.616679580,0.086023323,-0.273405783,1.659014977
247.666679583,0.086409553,-0.278290943,1.659350238
247.716679586,0.086715795,-0.286142340,1.659016172
247.766679588,0.087149466,-0.290467620,1.659309674
247.816679591,0.087753783,-0.298920867,1.659052840
247.866679593,0.088370293,-0.306606756,1.659569231
247.916679596,0.089021389,-0.314102299,1.659056562
247.966679599,0.089385110,-0.320447808,1.659565329
248.016679601,0.089779743,-0.327361991,1.658948880
248.066679604,0.090551753,-0.334436481,1.659437826
248.116679606,0.091257427,-0.341557249,1.658918034
248.166679609,0.091756082,-0.346685280,1.659296830
248.216679612,0.092099360,-0.351947776,1.658196350
248.266679614,0.092642437,-0.362249891,1.659434029
248.316679617,0.093531675,-0.368566563,1.658931633
248.366679619,0.094074564,-0.375025527,1.659392049
248.416679622,0.094576879,-0.383410350,1.658864135
248.466679625,0.095202640,-0.389502365,1.659319554
248.516679627,0.096044954,-0.396477164,1.658826403
248.566679630,0.096411529,-0.401721927,1.659248226
248.616679633,0.097119323,-0.410003186,1.658865589
248.666679635,0.097943909,-0.418335903,1.659480950
248.716679638,0.098633806,-0.423611810,1.657885582
248.766679640,0.099173490,-0.429967721,1.658963422
248.816679643,0.100122381,-0.438684337,1.658011372
248.866679646,0.100811949,-0.447087478,1.659399471
248.916679648,0.101401867,-0.456302991,1.658979209
248.966679651,0.102036864,-0.462465262,1.659419474
249.016679653,0.103026625,-0.470515463,1.659002852
249.066679656,0.103780281,-0.476554365,1.659420540
249.116679659,0.104528324,-0.483344594,1.658830657
249.166679661,0.105239637,-0.489693213,1.659310239
249.216679664,0.106039557,-0.497221432,1.658846931
249.266679666,0.106875894,-0.505429544,1.659453188
249.316679669,0.107665083,-0.514587392,1.658969327
249.366679672,0.108430498,-0.520593320,1.659414311
249.416679674,0.109199565,-0.529254082,1.658875133
249.466679677,0.110093854,-0.536716107,1.659478242
249.516679679,0.110731652,-0.543738769,1.658981629
249.566679682,0.111187510,-0.551241160,1.659586551
249.616679685,0.112166915,-0.558388924,1.658803274
249.666679687,0.113013796,-0.563975142,1.659204958
249.716679690,0.113756838,-0.572475309,1.658814609
249.766679693,0.114349028,-0.579698293,1.659395460
249.816679695,0.115323609,-0.586955741,1.658767823
249.866679698,0.116184941,-0.593994360,1.659294953
249.916679700,0.116722055,-0.602092905,1.658910141
249.966679703,0.117390812,-0.608926071,1.659403153
250.016679706,0.118194538,-0.617005094,1.658950201
250.066679708,0.118836885,-0.624143153,1.659465589
250.116679711,0.119679758,-0.632834526,1.659053010
250.166679713,0.120363802,-0.639068168,1.659509831
250.216679716,0.120921984,-0.644893973,1.658826403
250.266679719,0.121481263,-0.650651366,1.659254649
250.316679721,0.122107891,-0.658897369,1.658746500
250.366679724,0.122742935,-0.665966785,1.659285737
250.416679726,0.123391401,-0.673293008,1.658767231
250.466679729,0.123941650,-0.679176024,1.659233212
250.516679732,0.124768665,-0.687807593,1.658976436
250.566679734,0.125224272,-0.694407739,1.659512319
250.616679737,0.125836344,-0.702765968,1.658979656
250.666679739,0.126504562,-0.709141172,1.659410687
250.716679742,0.126877115,-0.716413629,1.659060835
250.766679745,0.127207876,-0.719237758,1.658955946
250.816679747,0.127793164,-0.728842077,1.658883482
250.866679750,0.128549473,-0.734410048,1.659245065
250.916679752,0.129075970,-0.741998965,1.658816421
250.966679755,0.129310100,-0.748296277,1.659350748
251.016679758,0.129908969,-0.754574860,1.657897003
251.066679760,0.130519687,-0.762847349,1.659353353
251.116679763,0.130919956,-0.770577888,1.658839515
251.166679766,0.131422752,-0.775836612,1.659265817
251.216679768,0.131964781,-0.783089412,1.658752570
251.266679771,0.132295883,-0.789814987,1.659221042
251.316679773,0.132731000,-0.796702094,1.658773475
251.366679776,0.133096532,-0.802563837,1.659283430
251.416679779,0.133577442,-0.809535182,1.658828796
251.466679781,0.133993571,-0.816062079,1.659314899
251.516679784,0.134719842,-0.824485318,1.658919017
251.566679786,0.135192576,-0.831078184,1.659407037
251.616679789,0.135558298,-0.838081328,1.659005071
251.666679792,0.136440630,-0.843468663,1.659336770
251.716679794,0.136985490,-0.851706874,1.658763969
251.766679797,0.137426345,-0.857924161,1.659215248
251.816679799,0.137895999,-0.865327779,1.658806355
251.866679802,0.138508657,-0.871155070,1.659238450
251.916679805,0.139176392,-0.878573130,1.658724901
251.966679807,0.139664321,-0.885057491,1.659194775
252.016679810,0.140448599,-0.891992312,1.658818028
252.066679812,0.141287675,-0.898676030,1.659308802
252.116679815,0.141789465,-0.906665535,1.658715731
252.166679818,0.142217985,-0.913083731,1.659256818
252.216679820,0.142829705,-0.921392924,1.658867055
252.266679823,0.143670056,-0.928304800,1.659396800
252.316679826,0.144170723,-0.935361573,1.658734091
252.366679828,0.144979434,-0.941875238,1.659200216
252.416679831,0.145854105,-0.949505165,1.658756005
252.466679833,0.146593643,-0.956083700,1.659227139
252.516679836,0.147215842,-0.964674663,1.658735198
252.566679839,0.148029064,-0.971439303,1.659224745
252.616679841,0.149009067,-0.979246622,1.658822524
252.666679844,0.149385431,-0.986858855,1.659353819
252.716679846,0.150331106,-0.992777855,1.658673246
252.766679849,0.151107825,-0.999833549,1.659197308
252.816679852,0.151905653,-1.009068827,1.658747499
252.866679854,0.152594793,-1.015748564,1.659246037
252.916679857,0.153446873,-1.023900206,1.658799610
252.966679859,0.154203340,-1.030749152,1.659284343
253.016679862,0.155022951,-1.038583708,1.658810155
253.066679865,0.155832112,-1.045518456,1.659334399
253.116679867,0.156614181,-1.053610093,1.658653599
253.166679870,0.157235480,-1.060389066,1.659194001
253.216679872,0.158000014,-1.067580076,1.658680970
253.266679875,0.158790991,-1.073843957,1.659094703
253.316679878,0.159649142,-1.082130974,1.658614109
253.366679880,0.160242621,-1.089051870,1.659253342
253.416679883,0.161334837,-1.097049842,1.658740511
253.466679885,0.162108747,-1.104304415,1.659264009
253.516679888,0.162439572,-1.111947298,1.658788779
253.566679891,0.163266388,-1.118810148,1.659308724
253.616679893,0.164098102,-1.126083639,1.658782044
253.666679896,0.164765140,-1.131973881,1.659105204
253.716679899,0.165636831,-1.142951146,1.658923840
253.766679901,0.166249028,-1.150285397,1.659457075
253.816679904,0.166883242,-1.156106182,1.658776292
253.866679906,0.167579456,-1.162349372,1.659241530
253.916679909,0.168126329,-1.169561121,1.658678173
253.966679912,0.168751605,-1.175546902,1.659201054
254.016679914,0.169351398,-1.184543554,1.658882841
254.066679917,0.169798652,-1.191584719,1.659380103
254.116679919,0.170225577,-1.197199946,1.658696401
254.166679922,0.170739799,-1.203784236,1.659216031
254.216679925,0.171495715,-1.211703087,1.658764736
254.266679927,0.172120812,-1.217554619,1.659216634
254.316679930,0.172617376,-1.224801257,1.658781693
254.366679932,0.173124742,-1.231060025,1.659239712
254.416679935,0.173696953,-1.238544681,1.658762767
254.466679938,0.174117672,-1.245096528,1.659261114
254.516679940,0.174575901,-1.251780673,1.658675739
254.566679943,0.175170433,-1.257348229,1.659125883
254.616679945,0.175771634,-1.265766561,1.658669983
254.666679948,0.176174394,-1.272177866,1.659166389
254.716679951,0.176795842,-1.279672752,1.658768771
254.766679953,0.177248400,-1.284994953,1.659151961
254.816679956,0.177845120,-1.292229689,1.658653445
254.866679958,0.178112501,-1.299162221,1.659135100
254.916679961,0.178644731,-1.305364495,1.658596919
254.966679964,0.179035546,-1.311920202,1.659201738
255.016679966,0.179681299,-1.319162293,1.658638562
255.066679969,0.180249591,-1.325586494,1.659110838
255.116679972,0.180553911,-1.333012192,1.658622842
255.166679974,0.181036875,-1.338833293,1.659076396
255.216679977,0.181528719,-1.344857055,1.658433729
255.266679979,0.182057832,-1.351299229,1.658960727
255.316679982,0.182548007,-1.360959379,1.658718773
255.366679985,0.183159473,-1.367394433,1.659200499
255.416679987,0.183691662,-1.373941728,1.658641171
255.466679990,0.184393512,-1.380752238,1.659133702
255.516679992,0.184795139,-1.388430599,1.658711586
255.566679995,0.185420941,-1.395653634,1.659276085
255.616679998,0.186271123,-1.402887618,1.658671504
255.666680000,0.186681189,-1.408884818,1.659199219
255.716680003,0.187252260,-1.415702294,1.658676025
255.766680005,0.188071283,-1.422297180,1.659130319
255.816680008,0.188913434,-1.431208976,1.658737236
255.866680011,0.189618965,-1.438157243,1.659250529
255.916680013,0.190256485,-1.444187014,1.658552662
255.966680016,0.190891569,-1.451137961,1.659079516
256.016680018,0.191460284,-1.460266843,1.658630289
256.066680021,0.192323280,-1.466978933,1.659148047
256.116680024,0.193080860,-1.474590841,1.658584634
256.166680026,0.193866096,-1.481446802,1.659189986
256.216680029,0.194484602,-1.489493286,1.658626093
256.266680032,0.195131817,-1.496267571,1.659163092
256.316680034,0.196106483,-1.504169396,1.658719117
256.366680037,0.196916946,-1.510458262,1.659178289
256.416680039,0.197554141,-1.518660700,1.658618989
256.466680042,0.198281634,-1.526117627,1.659212852
256.516680045,0.199216139,-1.534014859,1.658695501
256.566680047,0.199998644,-1.540890062,1.659192566
256.616680050,0.200709690,-1.549165168,1.658679845
256.666680052,0.201414896,-1.555987541,1.659206490
256.716680055,0.202242683,-1.562585155,1.658615864
256.766680058,0.203102719,-1.569441788,1.659125397
256.816680060,0.203884313,-1.576601936,1.658465897
256.866680063,0.204631522,-1.582387430,1.658927164
256.916680065,0.205537208,-1.591294327,1.658581103
256.966680068,0.206306560,-1.599160117,1.659208717
257.016680071,0.206857419,-1.606850456,1.658549782
257.066680073,0.207689083,-1.613368586,1.659074356
257.116680076,0.208585944,-1.622315937,1.658712064
257.166680078,0.209061170,-1.628919210,1.659177018
257.216680081,0.209838800,-1.637941168,1.658745048
257.266680084,0.210536360,-1.644240736,1.659257279
257.316680086,0.211104132,-1.650020975,1.658480078
257.366680089,0.211669542,-1.656524916,1.658975078
257.416680091,0.212236946,-1.663476192,1.658383953
257.466680094,0.212967300,-1.670390547,1.658896183
257.516680097,0.213695692,-1.679467849,1.658629335
257.566680099,0.214405055,-1.685188409,1.659020095
257.616680102,0.214921472,-1.691469550,1.658535913
257.666680105,0.215513191,-1.698258206,1.658976854
257.716680107,0.216186695,-1.707472114,1.658555904
257.766680110,0.216693527,-1.714134186,1.659147795
257.816680112,0.217213926,-1.721214828,1.658584345
257.866680115,0.217665433,-1.726963304,1.659108466
257.916680118,0.218344590,-1.734378352,1.658570490
257.966680120,0.218835740,-1.740965009,1.659173451
258.016680123,0.219342529,-1.746844803,1.658511283
258.066680125,0.219603368,-1.752673269,1.658960237
258.116680128,0.220320643,-1.761679514,1.658561241
258.166680131,0.220833172,-1.768001477,1.659027297
258.216680133,0.221359339,-1.774168933,1.658525595
258.266680136,0.221729371,-1.781038446,1.659138436
258.316680138,0.222242300,-1.789870137,1.658768136
258.366680141,0.222683604,-1.795738529,1.659166703
258.416680144,0.223110611,-1.801994034,1.658658302
258.466680146,0.223667334,-1.808341586,1.659065743
258.516680149,0.224201199,-1.816338143,1.658620067
258.566680151,0.224578782,-1.822290556,1.659137046
258.616680154,0.225300164,-1.829769681,1.658576342
258.666680157,0.225674121,-1.835909092,1.659119079
258.716680159,0.226019778,-1.840440962,1.657468255
258.766680162,0.226573938,-1.847255225,1.658888538
258.816680165,0.227390837,-1.856889668,1.658557778
258.866680167,0.227865469,-1.863192845,1.659056986
258.916680170,0.228179550,-1.870355760,1.658534254
258.966680172,0.228503306,-1.876356266,1.659050808
259.016680175,0.229301294,-1.883905587,1.658501567
259.066680178,0.229980856,-1.891149806,1.659098175
259.116680180,0.230664043,-1.898615711,1.658556103
259.166680183,0.231196469,-1.905132563,1.659072494
259.216680185,0.231913821,-1.912084347,1.658568351
259.266680188,0.232337529,-1.918710312,1.659098162
259.316680191,0.232907248,-1.926520982,1.658527656
259.366680193,0.233748861,-1.932356085,1.658963297
259.416680196,0.234698176,-1.942605507,1.658549796
259.466680198,0.235077101,-1.948872183,1.658988462
259.516680201,0.235792420,-1.954718734,1.658272334
259.566680204,0.236430980,-1.961621147,1.658846270
259.616680206,0.237166128,-1.969587946,1.658494558
259.666680209,0.237823274,-1.976306153,1.658973156
259.716680211,0.238455079,-1.984525845,1.658472773
259.766680214,0.239192977,-1.991824313,1.659007601
259.816680217,0.240210703,-1.999238451,1.658494517
259.866680219,0.240913708,-2.005977805,1.659080761
259.916680222,0.241775266,-2.012737705,1.658365669
259.966680224,0.242363734,-2.019130922,1.658885270
260.016680227,0.242949418,-2.025685727,1.658226473
260.066680230,0.244044185,-2.032505206,1.658753025
260.116680232,0.244924212,-2.043474949,1.658408383
260.166680235,0.245527269,-2.049658603,1.658908225
260.216680238,0.246577571,-2.059274875,1.658533495
260.266680240,0.247279790,-2.066121297,1.659091816
260.316680243,0.247990972,-2.072064385,1.658473343
260.366680245,0.248742938,-2.078324793,1.658942758
260.416680248,0.249628033,-2.086029719,1.658296189
260.466680251,0.250263167,-2.093929549,1.658925356
260.516680253,0.251059563,-2.101165845,1.658340571
260.566680256,0.251822995,-2.107927781,1.658887793
260.616680258,0.252549796,-2.117820683,1.658562084
260.666680261,0.253200453,-2.123991348,1.659025138
260.716680264,0.254031348,-2.131469251,1.658419440
260.766680266,0.254697025,-2.138020643,1.658958589
260.816680269,0.255316308,-2.146880106,1.658553845
260.866680271,0.256017945,-2.152760035,1.658999411
260.916680274,0.256674145,-2.158994252,1.658335483
260.966680277,0.257342681,-2.166255251,1.658900207
261.016680279,0.258122524,-2.174575969,1.658470069
261.066680282,0.258715882,-2.181295163,1.659003448
261.116680284,0.259328626,-2.188141096,1.658447604
261.166680287,0.260016253,-2.194920194,1.658969208
261.216680290,0.260604138,-2.201610013,1.658345924
261.266680292,0.261207332,-2.208514071,1.658879196
261.316680295,0.261796976,-2.216845372,1.658447944
261.366680298,0.262197482,-2.221678426,1.658817754
261.416680300,0.262653617,-2.229712248,1.658353038
261.466680303,0.263356186,-2.237246977,1.658967946
261.516680305,0.263994802,-2.241848904,1.658223043
261.566680308,0.264295129,-2.247222217,1.658557316
261.616680311,0.264738737,-2.258722135,1.658360787
261.666680313,0.265543828,-2.264824630,1.658947862
261.716680316,0.265907051,-2.270489149,1.658360290
261.766680318,0.266344604,-2.276990252,1.658858498
261.816680321,0.266807319,-2.284804530,1.658339755
261.866680324,0.267310003,-2.290501468,1.658736684
261.916680326,0.267681618,-2.296353388,1.658187241
261.966680329,0.268170790,-2.303005802,1.658772059
262.016680331,0.268678085,-2.310988346,1.658415771
262.066680334,0.269039491,-2.315676557,1.658748480
262.116680337,0.269735339,-2.324685959,1.658334816
262.166680339,0.270344740,-2.331623304,1.658884531
262.216680342,0.270751649,-2.338323886,1.658333372
262.266680344,0.271199655,-2.343883302,1.658735786
262.316680347,0.271817971,-2.349511927,1.658131141
262.366680350,0.272405064,-2.356701087,1.658741486
262.416680352,0.272858405,-2.365450068,1.658299512
262.466680355,0.273282904,-2.371331635,1.658775685
262.516680357,0.274041253,-2.377966502,1.658145296
262.566680360,0.274389854,-2.384813121,1.658681511
262.616680363,0.274390172,-2.384836518,1.658681511
262.666680365,0.275481994,-2.398364910,1.658670727
262.716680368,0.276178006,-2.407111758,1.658303677
262.766680371,0.276672130,-2.412887362,1.658789647
262.816680373,0.277323622,-2.420418527,1.658151407
262.866680376,0.277975249,-2.428045062,1.658724472
262.916680378,0.278627692,-2.435045294,1.658264945
262.966680381,0.279216043,-2.441834232,1.658810929
263.016680384,0.279792603,-2.447146914,1.658010149
263.066680386,0.280448099,-2.452388794,1.658462930
263.116680389,0.281246912,-2.462601714,1.658110346
263.166680391,0.282011647,-2.470272128,1.658687248
263.216680394,0.283050145,-2.478042650,1.658214315
263.266680397,0.283334351,-2.483164141,1.658582474
263.316680399,0.284160519,-2.490230974,1.658011936
263.366680402,0.285072824,-2.498529803,1.658660031
263.416680404,0.285911386,-2.507244137,1.658198827
263.466680407,0.286604787,-2.513868914,1.658738755
263.516680410,0.287557914,-2.525577887,1.658471115
263.566680412,0.288317590,-2.532725873,1.659040436
263.616680415,0.289099959,-2.539217259,1.658378563
263.666680417,0.289552152,-2.545215600,1.658739279
263.716680420,0.290205020,-2.552622027,1.658212345
263.766680423,0.290900663,-2.559714351,1.658883916
263.816680425,0.291995651,-2.566443685,1.658257474
263.866680428,0.292494270,-2.573381548,1.658737078
263.916680430,0.293355624,-2.581845800,1.658255241
263.966680433,0.294279222,-2.588753867,1.658777574
264.016680436,0.295106969,-2.597540131,1.658307941
264.066680438,0.295730039,-2.603609152,1.658794117
264.116680441,0.296810728,-2.611150891,1.658197924
264.166680444,0.297461770,-2.617948875,1.658748728
264.216680446,0.298138389,-2.625660082,1.658315316
264.266680449,0.298959890,-2.631843422,1.658719685
264.316680451,0.299687052,-2.640404995,1.658172664
264.366680454,0.300249616,-2.647207456,1.658703815
264.416680457,0.300855320,-2.654847929,1.658187176
264.466680459,0.301565271,-2.661526147,1.658703823
264.516680462,0.302450285,-2.669018719,1.658118549
264.566680464,0.302828687,-2.675558632,1.658607095
264.616680467,0.303745262,-2.683862825,1.658233863
264.666680470,0.304294333,-2.689663414,1.658719595
264.716680472,0.305020648,-2.698171339,1.658333182
264.766680475,0.305367412,-2.704470636,1.658829547
264.816680477,0.306050812,-2.712602545,1.658329186
264.866680480,0.306811971,-2.718479675,1.658804134
264.916680483,0.307215509,-2.726065782,1.658303056
264.966680485,0.307674140,-2.732450422,1.658795620
265.016680488,0.308344383,-2.739362766,1.658276778
265.066680490,0.308902020,-2.745553496,1.658691900
265.116680493,0.309311955,-2.753532118,1.658229880
265.166680496,0.309774961,-2.759418054,1.658770237
265.216680498,0.310614252,-2.766922914,1.658295541
265.266680501,0.310812412,-2.773322478,1.658758922
265.316680504,0.311550578,-2.781297263,1.658272122
265.366680506,0.311978688,-2.786704326,1.658695243
265.416680509,0.312495450,-2.793036031,1.658163813
265.466680511,0.312940237,-2.800262907,1.658761529
265.516680514,0.313388647,-2.808399073,1.658342075
265.566680517,0.313917677,-2.814360573,1.658760329
265.616680519,0.314316315,-2.820589489,1.658152520
265.666680522,0.314732264,-2.826597229,1.658654753
265.716680524,0.315213917,-2.833324957,1.658177285
265.766680527,0.315489454,-2.839195831,1.658534734
265.816680530,0.315973001,-2.846624809,1.657974404
265.866680532,0.316656002,-2.852898277,1.658463628
265.916680535,0.317241067,-2.860926081,1.658074922
265.966680537,0.318030804,-2.867017842,1.658607351
266.016680540,0.318374911,-2.876271251,1.658180986
266.066680543,0.318757946,-2.881170038,1.658604209
266.116680545,0.319344264,-2.888612320,1.658036241
266.166680548,0.319870562,-2.895038783,1.658601083
266.216680550,0.320377679,-2.903428275,1.658105465
266.266680553,0.320887761,-2.909634888,1.658680370
266.316680556,0.321713551,-2.917930714,1.658267552
266.366680558,0.322325667,-2.923724750,1.658817354
266.416680561,0.323061627,-2.930300097,1.658143540
266.466680563,0.323634768,-2.936604527,1.658613654
266.516680566,0.324104592,-2.944834101,1.658101791
266.566680569,0.325050399,-2.951687075,1.658605663
266.616680571,0.325449020,-2.958596603,1.658044190
266.666680574,0.325573131,-2.965093614,1.658537675
266.716680577,0.326874179,-2.973830489,1.658117280
266.766680579,0.327517644,-2.980476400,1.658704821
266.816680582,0.327921811,-2.986880489,1.657966065
266.866680584,0.328582336,-2.993707251,1.658550002
266.916680587,0.329381942,-3.002560005,1.658190796
266.966680590,0.330348431,-3.009229654,1.658663304
267.016680592,0.331351470,-3.016778056,1.657979473
267.066680595,0.332054934,-3.023640653,1.658531230
267.116680597,0.333010436,-3.032068860,1.658069267
267.166680600,0.333607109,-3.038723476,1.658682730
267.216680603,0.334300819,-3.047149775,1.658094617
267.266680605,0.335076918,-3.053857469,1.658645177
267.316680608,0.335719549,-3.061212567,1.657966382
267.366680610,0.336356287,-3.067205347,1.658418619
267.416680613,0.337263504,-3.077177483,1.658043134
267.466680616,0.337982544,-3.084707374,1.658662339
267.516680618,0.338884531,-3.091394223,1.657968348
267.566680621,0.339808474,-3.097581193,1.658498528
267.616680623,0.340560170,-3.104699411,1.657992506
267.666680626,0.341188413,-3.112245096,1.658598773
267.716680629,0.341861165,-3.120354297,1.657949876
267.766680631,0.342729470,-3.126977799,1.658472833
267.816680634,0.343740740,-3.135461601,1.658036133
267.866680637,0.344265175,-3.142233462,1.658626541
267.916680639,0.345004624,-3.149411121,1.657981005
267.966680642,0.345772111,-3.156100661,1.658433558
268.016680644,0.346576452,-3.165187529,1.658121234
268.066680647,0.347055069,-3.171581291,1.658689250
268.116680650,0.347842905,-3.177675359,1.658035245
268.166680652,0.348300387,-3.184747903,1.658525326
268.216680655,0.349079645,-3.194696656,1.658185369
268.266680657,0.349664988,-3.201034274,1.658710215
268.316680660,0.350461549,-3.208244248,1.658111257
268.366680663,0.351118116,-3.214420079,1.658613745
268.416680665,0.351626759,-3.221494101,1.657978492
268.466680668,0.352060890,-3.227339142,1.658455366
268.516680670,0.352670594,-3.235632386,1.657959290
268.566680673,0.353298132,-3.241838474,1.658458410
268.616680676,0.353894048,-3.248959811,1.657961318
268.666680678,0.354336807,-3.255031060,1.658481733
268.716680681,0.355018673,-3.262522079,1.658111201
268.766680683,0.355552333,-3.269120495,1.658655428
268.816680686,0.356021379,-3.277092983,1.658159331
268.866680689,0.356304038,-3.283365879,1.658661719
268.916680691,0.356966894,-3.289515779,1.657965652
268.966680694,0.357495737,-3.296206905,1.658494949
269.016680696,0.358136396,-3.305286522,1.658153688
269.066680699,0.358510929,-3.311213957,1.658618129
269.116680702,0.359042721,-3.316069252,1.657891095
269.166680704,0.359527367,-3.321754430,1.658370973
269.216680707,0.359832098,-3.330376632,1.658041272
269.266680710,0.360191507,-3.336213280,1.658527840
269.316680712,0.360737720,-3.344090987,1.658111821
269.366680715,0.361176973,-3.350503862,1.658609379
269.416680717,0.361688116,-3.357567251,1.657919833
269.466680720,0.362146775,-3.363462534,1.658394150
269.516680723,0.362687581,-3.370719058,1.657836652
269.566680725,0.362937354,-3.376459575,1.658229618
269.616680728,0.363772170,-3.384887353,1.657961710
269.666680730,0.364141982,-3.390697413,1.658478846
269.716680733,0.364403313,-3.398275601,1.657870870
269.766680736,0.365075977,-3.404579675,1.658439082
269.816680738,0.365850053,-3.411507482,1.657832778
269.866680741,0.366500397,-3.417455084,1.658447464
269.916680743,0.367215566,-3.425545540,1.657841785
269.966680746,0.367709838,-3.432115559,1.658382526
270.016680749,0.368371993,-3.439292102,1.657784565
270.066680751,0.368952846,-3.445936869,1.658353651
270.116680754,0.369612630,-3.453810838,1.657729437
270.166680756,0.370296599,-3.459678545,1.658231715
270.216680759,0.370950072,-3.469026720,1.657847184
270.266680762,0.371497497,-3.475447781,1.658364606
270.316680764,0.372187366,-3.480634977,1.657650203
270.366680767,0.372798806,-3.487620244,1.658216093
270.416680769,0.373339485,-3.497583386,1.657870192
270.466680772,0.374013127,-3.503901359,1.658390943
270.516680775,0.375090643,-3.514081728,1.657958186
270.566680777,0.375840085,-3.520568149,1.658482312
270.616680780,0.376699669,-3.525497708,1.657681875
270.666680783,0.377480912,-3.532172374,1.658239454
270.716680785,0.377934415,-3.542034722,1.657832199
270.766680788,0.378728204,-3.549275187,1.658477016
270.816680790,0.379531915,-3.555653195,1.657810495
270.866680793,0.380205923,-3.562341925,1.658331987
270.916680796,0.381167103,-3.571121158,1.657869318
270.966680798,0.381859938,-3.577470218,1.658391880
271.016680801,0.382730465,-3.585100445,1.657742994
271.066680803,0.383529338,-3.591116943,1.658284648
271.116680806,0.384334936,-3.600290387,1.657762397
271.166680809,0.384966487,-3.607839255,1.658402980
271.216680811,0.385829182,-3.615201561,1.657785847
271.266680814,0.386619804,-3.621600688,1.658335822
271.316680816,0.387117786,-3.629895649,1.657799587
271.366680819,0.387831440,-3.635746937,1.658261166
271.416680822,0.389006123,-3.644895967,1.657836665
271.466680824,0.389660533,-3.653836179,1.658544863
271.516680827,0.390197599,-3.659331514,1.657845889
271.566680829,0.390949260,-3.665948427,1.658411388
271.616680832,0.391757948,-3.674116296,1.657825708
271.666680835,0.392334945,-3.680790843,1.658366799
271.716680837,0.393019930,-3.687475579,1.657746456
271.766680840,0.393747145,-3.694402687,1.658360815
271.816680843,0.394360037,-3.702472844,1.657838267
271.866680845,0.394931469,-3.708451799,1.658312927
271.916680848,0.395623789,-3.715931798,1.657681083
271.966680850,0.396138530,-3.721868613,1.658209843
272.016680853,0.397099875,-3.729906136,1.657734059
272.066680856,0.397642439,-3.736440375,1.658296638
272.116680858,0.397890668,-3.744229405,1.657674063
272.166680861,0.398687928,-3.750937204,1.658271026
272.216680863,0.398901339,-3.757579222,1.657631675
272.266680866,0.399380325,-3.763557561,1.658144798
272.316680869,0.400060083,-3.770957102,1.657689135
272.366680871,0.400431516,-3.777045987,1.658185237
272.416680874,0.401541952,-3.785347946,1.657865226
272.466680876,0.401985904,-3.791825045,1.658379674
272.516680879,0.402353815,-3.798837684,1.657745724
272.566680882,0.402748229,-3.804743316,1.658258934
272.616680884,0.403196009,-3.813773117,1.657917617
272.666680887,0.403793232,-3.819885677,1.658435734
272.716680889,0.404452491,-3.827487068,1.657909787
272.766680892,0.404603738,-3.831375333,1.658204915
272.816680895,0.405037704,-3.839101822,1.657660682
272.866680897,0.405445639,-3.845820235,1.658254147
272.916680900,0.405976533,-3.853476065,1.657708022
272.966680902,0.406676566,-3.859416817,1.658282913
273.016680905,0.406862549,-3.867522458,1.657793838
273.066680908,0.407372230,-3.873201228,1.658268876
273.116680910,0.408125699,-3.879969911,1.657754790
273.166680913,0.408573038,-3.886704633,1.658330219
273.216680916,0.409028854,-3.893635729,1.657576161
273.266680918,0.409569799,-3.899947681,1.658146577
273.316680921,0.410223681,-3.908185004,1.657735634
273.366680923,0.410712505,-3.914841442,1.658426575
273.416680926,0.411194173,-3.920763868,1.657620134
273.466680929,0.411691619,-3.926286647,1.658109787
273.516680931,0.412379583,-3.933466198,1.657485237
273.566680934,0.412914164,-3.940317794,1.658083401
273.616680936,0.413387646,-3.948606411,1.657613813
273.666680939,0.413993269,-3.955073701,1.658104160
273.716680942,0.414449084,-3.965390910,1.657737362
273.766680944,0.414977676,-3.971831195,1.658283790
273.816680947,0.415919722,-3.978811332,1.657656516
273.866680949,0.416570306,-3.985226133,1.658237952
273.916680952,0.417875386,-3.991570791,1.657737965
273.966680955,0.418508675,-3.998635305,1.658215732
274.016680957,0.418773444,-4.007391805,1.657665473
274.066680960,0.419541049,-4.014486760,1.658301624
274.116680962,0.420403833,-4.022686315,1.657795195
274.166680965,0.421090135,-4.029119015,1.658442139
274.216680968,0.421661958,-4.034399395,1.657616327
274.266680970,0.422400370,-4.041393788,1.658092674
274.316680973,0.423715725,-4.050992176,1.657732627
274.366680976,0.424365997,-4.057631620,1.658301236
274.416680978,0.424613205,-4.067112650,1.657562884
274.466680981,0.425510961,-4.073039558,1.658116536
274.516680983,0.426513196,-4.081137236,1.658927576
274.566680986,0.427098389,-4.091875566,1.659626422
274.616680989,0.428047628,-4.095467274,1.657519724
274.666680991,0.428899642,-4.102546065,1.658193674
274.716680994,0.429659882,-4.111277692,1.657726329
274.766680996,0.430449109,-4.117973734,1.658379861
274.816680999,0.431237059,-4.124645602,1.657619985
274.866681002,0.431885535,-4.131356453,1.658177720
274.916681004,0.432598359,-4.138958818,1.657591243
274.966681007,0.433212478,-4.145376728,1.658169312
275.016681009,0.433808004,-4.155717965,1.657793077
275.066681012,0.435224886,-4.162236350,1.658438604
275.116681015,0.435988927,-4.168441176,1.657663782
275.166681017,0.436278357,-4.175526628,1.658165699
275.216681020,0.437455385,-4.184561189,1.657823935
275.266681022,0.438013004,-4.191235937,1.658390486
275.316681025,0.438333855,-4.197577441,1.657517764
275.366681028,0.438977004,-4.203897091,1.658191128
275.416681030,0.439889447,-4.212556084,1.657717661
275.466681033,0.440436313,-4.218605171,1.658255231
275.516681035,0.440950326,-4.226721334,1.657661630
275.566681038,0.441463866,-4.233171743,1.658342344
275.616681041,0.442262407,-4.241032982,1.657666488
275.666681043,0.442979733,-4.247802344,1.658393233
275.716681046,0.443157572,-4.252843977,1.657727866
275.766681049,0.443975202,-4.259026057,1.658210095
275.816681051,0.444348527,-4.268837160,1.657781959
275.866681054,0.444913866,-4.274282177,1.658326332
275.916681056,0.445743336,-4.281918392,1.657693728
275.966681059,0.446032312,-4.289106750,1.658229190
276.016681062,0.446394381,-4.296370292,1.657760026
276.066681064,0.446826660,-4.302184067,1.658272452
276.116681067,0.447338206,-4.308298095,1.657502799
276.166681069,0.447762754,-4.314400977,1.658108618
276.216681072,0.448513254,-4.322822272,1.657736344
276.266681075,0.448962612,-4.329077619,1.658207819
276.316681077,0.449308140,-4.334009474,1.657491484
276.366681080,0.449507753,-4.340154535,1.658034501
276.416681082,0.449859683,-4.348510499,1.657474878
276.466681085,0.450542265,-4.354853877,1.658110366
276.516681088,0.451230476,-4.363246170,1.657659734
276.566681090,0.451497692,-4.368658869,1.657991303
276.616681093,0.452009315,-4.376033830,1.657446972
276.666681095,0.452626938,-4.382645484,1.658061307
276.716681098,0.453470419,-4.390883774,1.657686512
276.766681101,0.453898734,-4.396797768,1.658326638
276.816681103,0.454025156,-4.401768192,1.657344366
276.866681106,0.454448477,-4.407884219,1.657928970
276.916681108,0.455243547,-4.418514330,1.657630651
276.966681111,0.455827339,-4.424684243,1.658190258
277.016681114,0.456557462,-4.432282105,1.657652153
277.066681116,0.457034489,-4.437846193,1.658094687
277.116681119,0.457377397,-4.444113051,1.657270237
277.166681122,0.458089790,-4.451440424,1.658055623
277.216681124,0.458642344,-4.458738641,1.657545896
277.266681127,0.459372617,-4.464950178,1.658156785
277.316681129,0.460005101,-4.473042937,1.658840223
277.366681132,0.460604135,-4.483833618,1.659476328
277.416681135,0.461379669,-4.488387341,1.657546422
277.466681137,0.462002967,-4.494945202,1.658094113
277.516681140,0.462727412,-4.502227982,1.657520910
277.566681142,0.463415162,-4.508801315,1.658150290
277.616681145,0.464202850,-4.516609477,1.657578735
277.666681148,0.464751977,-4.522792764,1.658090481
277.716681150,0.465331427,-4.529594695,1.657383422
277.766681153,0.466377519,-4.536159314,1.658015702
277.816681155,0.466705707,-4.547116129,1.657614979
277.866681158,0.467427705,-4.554145637,1.658210681
277.916681161,0.468388699,-4.560548202,1.657373497
277.966681163,0.469319980,-4.566456069,1.657964372
278.016681166,0.470446437,-4.574978249,1.657518604
278.066681168,0.471145406,-4.582509583,1.658165295
278.116681171,0.471477653,-4.590671534,1.657512223
278.166681174,0.472305854,-4.597185463,1.658112832
278.216681176,0.473336561,-4.606861464,1.658758444
278.266681179,0.474115188,-4.616429726,1.659404594
278.316681182,0.474936020,-4.621680025,1.658780744
278.366681184,0.475511274,-4.630866525,1.659394693
278.416681187,0.476167589,-4.632145332,1.657114840
278.466681189,0.476892434,-4.638598982,1.657718027
278.516681192,0.477796448,-4.647919128,1.657266568
278.566681195,0.478451718,-4.654481160,1.657836406
278.616681197,0.479407793,-4.662137688,1.657424297
278.666681200,0.479993387,-4.668477485,1.657945341
278.716681202,0.480665947,-4.678928970,1.657658634
278.766681205,0.481427103,-4.686290884,1.658308206
278.816681208,0.482051740,-4.692845331,1.657567549
278.866681210,0.482574870,-4.699388242,1.658118854
278.916681213,0.483278594,-4.705141306,1.657342385
278.966681215,0.483880826,-4.712315986,1.658014993
279.016681218,0.485140664,-4.724078259,1.658895125
279.066681221,0.485771517,-4.732989219,1.659485705
279.116681223,0.485790171,-4.731770684,1.657657679
279.166681226,0.485885241,-4.733875819,1.657824605
279.216681228,0.485948265,-4.738342114,1.659402818
279.266681231,0.486081301,-4.738731490,1.659480814
279.316681234,0.485739510,-4.736546461,1.657962624
279.366681236,0.485664802,-4.736404662,1.657941720
279.416681239,0.485962415,-4.736610479,1.658013409
279.466681241,0.486010031,-4.737011033,1.658067190
279.516681244,0.486014875,-4.735294917,1.657916674
279.566681247,0.485974368,-4.735316399,1.657922139
279.616681249,0.486102128,-4.735036459,1.657923485
279.666681252,0.486179365,-4.734895156,1.657896772
279.716681255,0.486190882,-4.736517055,1.657927386
279.766681257,0.486270328,-4.736724353,1.657890631
279.816681260,0.486178253,-4.736942688,1.657813086
279.866681262,0.486117667,-4.736944105,1.657740516
279.916681265,0.486326691,-4.735734925,1.657353159
279.966681268,0.486554350,-4.735632002,1.657240040
280.016681270,0.486270800,-4.736626488,1.656879022
280.066681273,0.486717718,-4.736822529,1.656942902
280.116681275,0.486726066,-4.737559411,1.656941488
280.166681278,0.486935686,-4.737635627,1.656831432
280.216681281,0.487429109,-4.738397970,1.656661088
280.266681283,0.487463772,-4.738145566,1.656514147
280.316681286,0.487658915,-4.737890206,1.656282023
280.366681288,0.487741813,-4.738012610,1.656235412
280.416681291,0.487908019,-4.741060598,1.657539182
280.466681294,0.487421930,-4.740685090,1.657367415
280.516681296,0.487052131,-4.738500234,1.655735881
280.566681299,0.487586831,-4.738379756,1.655670603
280.616681301,0.487564607,-4.740788094,1.655725679
280.666681304,0.487398328,-4.740474613,1.655601685
280.716681307,0.486894397,-4.737821557,1.655019209
280.766681309,0.486857113,-4.737802928,1.655012408
280.816681312,0.486959103,-4.737970768,1.654825114
280.866681315,0.487264334,-4.737787197,1.654715057
280.916681317,0.487136918,-4.737766941,1.654788488
280.966681320,0.486922258,-4.737956659,1.654785198
281.016681322,0.487056957,-4.739508645,1.654788903
281.066681325,0.486912862,-4.739472657,1.654787424
281.116681328,0.486730408,-4.738997183,1.654790339
281.166681330,0.486715485,-4.738820071,1.654629077
281.216681333,0.486659035,-4.738975377,1.654176077
281.266681335,0.486735351,-4.738809216,1.653972788
281.316681338,0.488519144,-4.738514553,1.656551214
281.366681341,0.486261365,-4.743007138,1.663312071
281.416681343,0.487046750,-4.731613684,1.682175233
281.466681346,0.487039872,-4.742869707,1.694188426
281.516681348,0.486862074,-4.730766961,1.719074646
281.566681351,0.488177608,-4.745973817,1.732590581
281.616681354,0.486866338,-4.731994640,1.757065985
281.666681356,0.487497399,-4.745207525,1.770108371
281.716681359,0.487576787,-4.736018642,1.795366001
281.766681361,0.487626648,-4.745879124,1.807931227
281.816681364,0.487767756,-4.730950874,1.832936392
281.866681367,0.488098385,-4.745186652,1.846512868
281.916681369,0.487025052,-4.733244506,1.870672238
281.966681372,0.487845653,-4.745521928,1.883264580
282.016681374,0.486755787,-4.732071225,1.908451044
282.066681377,0.487727110,-4.744559419,1.921261108
282.116681380,0.487177299,-4.732106452,1.946414200
282.166681382,0.488323520,-4.744447258,1.958736707
282.216681385,0.487271404,-4.730349100,1.984366640
282.266681388,0.488357225,-4.743075806,1.996700750
282.316681390,0.487183872,-4.729403605,2.021891595
282.366681393,0.487410250,-4.742657590,2.034046919
282.416681395,0.486632830,-4.729176381,2.060167717
282.466681398,0.487755108,-4.742313928,2.071871204
282.516681401,0.486695413,-4.730151094,2.098100859
282.566681403,0.487419977,-4.742869439,2.109558807
282.616681406,0.486403703,-4.730495510,2.135795529
282.666681408,0.489753562,-4.740421643,2.145848194
282.716681411,0.485142187,-4.729827578,2.173658758
282.766681414,0.491747074,-4.738563827,2.182434318
282.816681416,0.486125674,-4.736676384,2.196018327
282.866681419,0.487282999,-4.734825232,2.196637485
282.916681421,0.486996337,-4.733769648,2.199260154
282.966681424,0.486909738,-4.733335595,2.199226893
283.016681427,0.486491747,-4.734085872,2.200019858
283.066681429,0.486661860,-4.734559491,2.200123333
283.116681432,0.486708406,-4.732027177,2.200197007
283.166681434,0.486606248,-4.731833374,2.200204905
283.216681437,0.486619878,-4.732295928,2.200561923
283.266681440,0.486788278,-4.732895714,2.200666722
283.316681442,0.486826573,-4.733051778,2.200837154
283.366681445,0.486875681,-4.732502781,2.200832351
283.416681447,0.486692466,-4.733122662,2.201218347
283.466681450,0.486620220,-4.733384679,2.201246194
283.516681453,0.486486937,-4.733381884,2.201596716
283.566681455,0.486638046,-4.733272602,2.201593192
283.616681458,0.486549449,-4.732570854,2.197205954
283.666681461,0.485250273,-4.729918203,2.191429503
283.716681463,0.487653722,-4.736584107,2.168218158
283.766681466,0.484698883,-4.727952515,2.158824835
283.816681468,0.488774122,-4.738464878,2.131582552
283.866681471,0.485544980,-4.723904608,2.120916876
283.916681474,0.488574646,-4.741696970,2.094464230
283.966681476,0.486314774,-4.728663348,2.084072236
284.016681479,0.488604173,-4.741214362,2.057302671
284.066681481,0.488202227,-4.727831243,2.044973119
284.116681484,0.488729857,-4.737560457,2.019656955
284.166681487,0.488527202,-4.728818059,2.008077774
284.216681489,0.489148863,-4.741112862,1.983099178
284.266681492,0.489520990,-4.729772547,1.970701232
284.316681494,0.489499568,-4.742429986,1.945394768
284.366681497,0.488988680,-4.730226417,1.933030319
284.416681500,0.489125992,-4.743998684,1.908847719
284.466681502,0.488855167,-4.731277351,1.895476316
284.516681505,0.488822312,-4.743456704,1.871258122
284.566681507,0.488392833,-4.730850278,1.858590552
284.616681510,0.489494640,-4.744675720,1.834406848
284.666681513,0.488181544,-4.732309514,1.821064829
284.716681515,0.488006651,-4.742863357,1.796442735
284.766681518,0.487731764,-4.730805022,1.783526737
284.816681521,0.487889042,-4.743621479,1.759464406
284.866681523,0.487517898,-4.732155224,1.746662395
284.916681526,0.491368920,-4.744170166,1.722662477
284.966681528,0.487452621,-4.730332725,1.708960276
285.016681531,0.488755428,-4.744062148,1.685053510
285.066681534,0.487192852,-4.732078875,1.672143059
285.116681536,0.487169358,-4.745274019,1.647675096
285.166681539,0.486869802,-4.731729757,1.634732174
285.216681541,0.486838937,-4.745998408,1.610402565
285.266681544,0.485787411,-4.732237046,1.597593163
285.316681547,0.487640820,-4.743904173,1.573087857
285.366681549,0.485895046,-4.730645907,1.560232319
285.416681552,0.485510947,-4.744185685,1.535305964
285.466681554,0.486011043,-4.729245636,1.522053882
285.516681557,0.486017231,-4.742709750,1.498202176
285.566681560,0.484945468,-4.729190802,1.485325115
285.616681562,0.487852119,-4.743200142,1.461000012
285.666681565,0.486033487,-4.728951315,1.447635791
285.716681567,0.485486069,-4.740961443,1.423200032
285.766681570,0.485040297,-4.731714992,1.410203496
285.816681573,0.487050648,-4.734510466,1.385443209
285.866681575,0.484361981,-4.731323736,1.372874540
285.916681578,0.484042959,-4.740100080,1.348204669
285.966681580,0.484170488,-4.730480399,1.335315878
286.016681583,0.485041719,-4.740961028,1.310948919
286.066681586,0.484257592,-4.729086568,1.298148911
286.116681588,0.484442137,-4.741458880,1.273439853
286.166681591,0.486740070,-4.729234002,1.259968540
286.216681594,0.486925441,-4.732085746,1.235648635
286.266681596,0.485863765,-4.728312894,1.219728849
286.316681599,0.486046790,-4.733858916,1.197842008
286.366681601,0.485029879,-4.725945900,1.181446370
286.416681604,0.487299007,-4.726895951,1.159748294
286.466681607,0.487776465,-4.726062915,1.144496800
286.516681609,0.487851718,-4.725675797,1.122092079
286.566681612,0.488636560,-4.724779093,1.105808286
286.616681614,0.489607976,-4.725311954,1.084807861
286.666681617,0.486532582,-4.726303102,1.069263330
286.716681620,0.485092550,-4.727403069,1.047050815
286.766681622,0.477158619,-4.726699276,1.029074711
286.816681625,0.483915983,-4.726930684,1.009332025
286.866681627,0.482931699,-4.725696736,0.995903190
286.916681630,0.486434164,-4.725644354,0.983291085
286.966681633,0.482888234,-4.727257770,0.982158387
287.016681635,0.484146990,-4.726645359,0.980871845
287.066681638,0.483820053,-4.724855942,0.979219524
287.116681640,0.483860847,-4.724461379,0.979037588
287.166681643,0.484187085,-4.725654189,0.978923584
287.216681646,0.484472855,-4.726910089,0.979179341
287.266681648,0.484536188,-4.726295183,0.979018237
287.316681651,0.484287148,-4.725931668,0.978918000
287.366681654,0.484339360,-4.725718205,0.979015779
287.416681656,0.484561309,-4.726225364,0.979095242
287.466681659,0.484324683,-4.727255124,0.978984808
287.516681661,0.484465685,-4.727260455,0.978917255
287.566681664,0.484385805,-4.726926236,0.979748882
287.616681667,0.484352775,-4.726890299,0.979856134
287.666681669,0.484238351,-4.725795802,0.978577447
287.716681672,0.484246635,-4.725704886,0.978418298
287.766681674,0.484358301,-4.726099124,0.978430825
287.816681677,0.484125124,-4.726270969,0.978392327
287.866681680,0.484180029,-4.725965222,0.978481545
287.916681682,0.484280003,-4.725687823,0.978282928
287.966681685,0.484074109,-4.726609333,0.979441816
288.016681687,0.484163750,-4.727085868,0.979445949
288.066681690,0.484421737,-4.725981570,0.978220949
288.116681693,0.484462849,-4.725359814,0.978113801
288.166681695,0.484312273,-4.724335203,0.977940702
288.216681698,0.484364515,-4.724752263,0.977974065
288.266681700,0.484396685,-4.725283085,0.977855420
288.316681703,0.484312199,-4.725406433,0.977843433
288.366681706,0.484330511,-4.726439230,0.977898608
288.416681708,0.484669129,-4.726965342,0.978235035
288.466681711,0.484228918,-4.726901380,0.979137888
288.516681713,0.484073062,-4.727299398,0.978883423
288.566681716,0.484273499,-4.727297000,0.978835922
288.616681719,0.484431064,-4.726909069,0.978824413
288.666681721,0.484078470,-4.727178402,0.977680701
288.716681724,0.484329747,-4.727081428,0.977590192
288.766681727,0.484178451,-4.725631979,0.977635094
288.816681729,0.484019007,-4.725517883,0.977435443
288.866681732,0.484156217,-4.726672602,0.978708652
288.916681734,0.484048065,-4.726916041,0.978717495
288.966681737,0.483724147,-4.727722002,0.980744556
289.016681740,0.487020504,-4.728391454,0.984387429
289.066681742,0.488496173,-4.728607137,0.988003164
289.116681745,0.492859998,-4.734167060,0.994665880
289.166681747,0.498431786,-4.736475420,0.998645470
289.216681750,0.502767074,-4.741874053,1.000815427
289.266681753,0.508839255,-4.743302246,1.001905431
289.316681755,0.515274642,-4.748380809,1.002922135
289.366681758,0.520272583,-4.751372435,1.003524106
289.416681760,0.526920411,-4.757082559,1.003930488
289.466681763,0.532058279,-4.757406460,1.003688893
289.516681766,0.538960141,-4.764059483,1.004244794
289.566681768,0.543601677,-4.767236735,1.004110452
289.616681771,0.550079110,-4.772994923,1.004442183
289.666681773,0.554950168,-4.775123775,1.004361503
289.716681776,0.561499245,-4.780004933,1.004489441
289.766681779,0.566373130,-4.780766906,1.005307393
289.816681781,0.572845843,-4.791781021,1.005759742
289.866681784,0.577593566,-4.791269818,1.004216903
289.916681786,0.584466886,-4.796204504,1.004377346
289.966681789,0.589503362,-4.798955351,1.005432561
290.016681792,0.596484856,-4.806772415,1.005696404
290.066681794,0.601239197,-4.807722880,1.004278402
290.116681797,0.607824056,-4.814555087,1.004658840
290.166681800,0.612909941,-4.816033018,1.004298014
290.216681802,0.619240466,-4.822501167,1.004534809
290.266681805,0.624207241,-4.824058965,1.004186367
290.316681807,0.630694075,-4.828606706,1.004298414
290.366681810,0.635902002,-4.831686497,1.004255939
290.416681813,0.642560493,-4.838581480,1.004559048
290.466681815,0.647813333,-4.841881952,1.004301239
290.516681818,0.654510477,-4.847837327,1.004540884
290.566681820,0.659750868,-4.850097340,1.004559006
290.616681823,0.666855041,-4.855451292,1.004777071
290.666681826,0.671757100,-4.857393776,1.004361442
290.716681828,0.678826007,-4.862325060,1.004689003
290.766681831,0.683335184,-4.866009656,1.004248680
290.816681833,0.690245316,-4.871624484,1.004472156
290.866681836,0.695450744,-4.872903002,1.004125856
290.916681839,0.701580335,-4.876816060,1.004242978
290.966681841,0.704407570,-4.880455849,1.004503202
291.016681844,0.706022127,-4.880756346,1.004475750
291.066681846,0.706467267,-4.880104231,1.004405879
291.116681849,0.706674031,-4.880027609,1.004409993
291.166681852,0.706668124,-4.880327161,1.004435057
291.216681854,0.706883311,-4.879804471,1.004428649
291.266681857,0.706977134,-4.881107746,1.004529916
291.316681860,0.706997933,-4.881971202,1.004553822
291.366681862,0.707100319,-4.881481162,1.004506192
291.416681865,0.707071423,-4.881189758,1.004533611
291.466681867,0.707005675,-4.881139522,1.004574096
291.516681870,0.707324062,-4.881223545,1.004593641
291.566681873,0.707290466,-4.879975724,1.004448324
291.616681875,0.706981756,-4.879747499,1.004430672
291.666681878,0.707005511,-4.880547451,1.004426217
291.716681880,0.707374532,-4.880628594,1.004436928
291.766681883,0.707417902,-4.879835888,1.004367835
291.816681886,0.707175959,-4.879679485,1.004329970
291.866681888,0.707185851,-4.879476484,1.004332544
291.916681891,0.707374383,-4.879357921,1.004274766
291.966681893,0.707477968,-4.880851321,1.004397591
292.016681896,0.707342038,-4.880790372,1.004358677
292.066681899,0.707285444,-4.879933127,1.004395444
292.116681901,0.707401211,-4.880332495,1.004495579
292.166681904,0.707610857,-4.879774728,1.004435735
292.216681906,0.707779884,-4.879822410,1.004399197
292.266681909,0.707657036,-4.880281518,1.004439544
292.316681912,0.707553110,-4.880118993,1.004416715
292.366681914,0.707618381,-4.882134329,1.004564165
292.416681917,0.707651664,-4.882826831,1.004631918
292.466681919,0.707649157,-4.881260951,1.004427957
292.516681922,0.707646538,-4.880804428,1.004412232
292.566681925,0.707580921,-4.879527121,1.004319988
292.616681927,0.707642644,-4.880091837,1.004334434
292.666681930,0.707797164,-4.881265978,1.004531667
292.716681933,0.708099916,-4.880506515,1.004505957
292.766681935,0.708060178,-4.881408526,1.005586119
292.816681938,0.707884885,-4.881969648,1.005626092
292.866681940,0.708113486,-4.880625032,1.004364197
292.916681943,0.708201420,-4.881311962,1.004400826
292.966681946,0.708159314,-4.880547790,1.004568236
293.016681948,0.707989203,-4.882051254,1.005621601
293.066681951,0.708149032,-4.881405252,1.004475976
293.116681953,0.708255623,-4.881886544,1.004508414
293.166681956,0.708340411,-4.882121245,1.004540930
293.216681959,0.708351608,-4.882071137,1.004514891
293.266681961,0.708401912,-4.880634352,1.004437541
293.316681964,0.708208111,-4.880376548,1.004367734
293.366681966,0.708208973,-4.880256128,1.004304216
293.416681969,0.708445681,-4.880604389,1.004450057
293.466681972,0.708296092,-4.882609690,1.004460507
293.516681974,0.708422659,-4.882149640,1.004447095
293.566681977,0.708535510,-4.881999083,1.005570553
293.616681979,0.708744112,-4.882791468,1.005666661
293.666681982,0.708680040,-4.880455119,1.004453680
293.716681985,0.708457063,-4.879975812,1.004379643
293.766681987,0.708606614,-4.881490176,1.004384801
293.816681990,0.708543265,-4.881349592,1.004384824
293.866681993,0.708517727,-4.881020051,1.004384949
293.916681995,0.708553028,-4.881091042,1.004356712
293.966681998,0.708768591,-4.881110074,1.004440162
294.016682000,0.708804996,-4.881452487,1.004423039
294.066682003,0.708835210,-4.881073313,1.004330562
294.116682006,0.708901025,-4.881051274,1.004334472
294.166682008,0.708948499,-4.881738801,1.004471157
294.216682011,0.708969474,-4.881509718,1.004463082
294.266682013,0.709054402,-4.881136808,1.004463066
294.316682016,0.708803573,-4.881368316,1.004391983
294.366682019,0.708908795,-4.881948323,1.004494465
294.416682021,0.709143663,-4.881482212,1.004496701
294.466682024,0.709128499,-4.881626080,1.004401786
294.516682026,0.709137627,-4.881821749,1.004391380
294.566682029,0.709161637,-4.882697083,1.004544706
294.616682032,0.709189705,-4.882394167,1.004489705
294.666682034,0.709164976,-4.880626215,1.004238129
294.716682037,0.709268215,-4.880586190,1.004256728
294.766682039,0.709391068,-4.881354556,1.004402461
294.816682042,0.709418324,-4.881685442,1.004424329
294.866682045,0.709479543,-4.883208316,1.005616769
294.916682047,0.709626595,-4.883074506,1.005663963
294.966682050,0.709642551,-4.881765481,1.004408375
295.016682052,0.709876130,-4.881956330,1.004449672
295.066682055,0.709833598,-4.882021280,1.004518714
295.116682058,0.709623392,-4.881772236,1.004446718
295.166682060,0.709796666,-4.883071308,1.005618487
295.216682063,0.709748080,-4.883974944,1.005667407
295.266682066,0.709671968,-4.883328900,1.004566776
295.316682068,0.709743117,-4.882728098,1.004515665
295.366682071,0.709798940,-4.883229465,1.005667212
295.416682073,0.709741256,-4.883607381,1.005645677
295.466682076,0.709496928,-4.882139634,1.004314814
295.516682079,0.709652809,-4.881458798,1.004326899
295.566682081,0.709660077,-4.881167325,1.004368635
295.616682084,0.709980076,-4.882028312,1.004466496
295.666682086,0.709920198,-4.881795286,1.004401576
295.716682089,0.709884638,-4.881579503,1.004338633
295.766682092,0.710099907,-4.882160957,1.004484426
295.816682094,0.710257364,-4.882340731,1.004522711
295.866682097,0.710200350,-4.883745218,1.005622272
295.916682099,0.710180784,-4.883527603,1.005573616
295.966682102,0.710197385,-4.883522066,1.005584797
296.016682105,0.710346003,-4.883885674,1.005700507
296.066682107,0.710434388,-4.881373670,1.004385289
296.116682110,0.710394753,-4.881251930,1.004373670
296.166682112,0.710347008,-4.883165164,1.004422290
296.216682115,0.710329147,-4.883222649,1.004422874
296.266682118,0.710292874,-4.882032375,1.004440291
296.316682120,0.710290717,-4.882226805,1.004434584
296.366682123,0.710271610,-4.883609810,1.004547621
296.416682126,0.710423212,-4.883330590,1.004560507
296.466682128,0.710549933,-4.883015925,1.004514421
296.516682131,0.710663509,-4.882938806,1.004546566
296.566682133,0.710702489,-4.883514811,1.005626417
296.616682136,0.710758791,-4.883659192,1.005633947
296.666682139,0.710733602,-4.882488386,1.004494695
296.716682141,0.710737205,-4.881871749,1.004361845
296.766682144,0.710863377,-4.882657284,1.004410124
296.816682146,0.710832075,-4.883188381,1.004537723
296.866682149,0.710791544,-4.882398410,1.004438082
296.916682152,0.710856439,-4.882705243,1.004437943
296.966682154,0.710904040,-4.882950420,1.004498909
297.016682157,0.710989946,-4.882435932,1.004469075
297.066682159,0.711037349,-4.882888851,1.004401574
297.116682162,0.711023453,-4.883591163,1.004409785
297.166682165,0.711062819,-4.884255251,1.005635695
297.216682167,0.711106738,-4.884270704,1.005626301
297.266682170,0.711023565,-4.883810789,1.004403230
297.316682172,0.711291282,-4.882941944,1.004412749
297.366682175,0.711306758,-4.881511790,1.004376968
297.416682178,0.711230492,-4.882822135,1.004441286
297.466682180,0.711304285,-4.882273741,1.004372031
297.516682183,0.711401145,-4.882166214,1.004332214
297.566682185,0.711456089,-4.884647098,1.005610091
297.616682188,0.711371734,-4.883871356,1.005594776
297.666682191,0.711517972,-4.882843720,1.004479166
297.716682193,0.711745721,-4.883130124,1.004503167
297.766682196,0.711802410,-4.883934750,1.004394405
297.816682199,0.711675188,-4.884455897,1.004398691
297.866682201,0.711741460,-4.883692175,1.004576297
297.916682204,0.711516556,-4.882909899,1.004475081
297.966682206,0.711645446,-4.883410919,1.004445115
298.016682209,0.711820077,-4.883289263,1.004456031
298.066682212,0.711922743,-4.884312573,1.004603117
298.116682214,0.711966828,-4.884163023,1.004574622
298.166682217,0.711794017,-4.883009257,1.004463374
298.216682219,0.711749793,-4.883663565,1.004492850
298.266682222,0.711841768,-4.884325929,1.004449311
